run,split,variant,resample,matched_n,auroc
M3,A,all_eligible,0,30480,0.6892107233520023
M3,A,all_eligible,1,30480,0.6895233051577214
M3,A,all_eligible,2,30480,0.687781398757242
M3,A,all_eligible,3,30480,0.6895541825111428
M3,A,all_eligible,4,30480,0.688691700508401
M3,A,all_eligible,5,30480,0.6892220448329786
M3,A,all_eligible,6,30480,0.6894638603860541
M3,A,all_eligible,7,30480,0.6882737723114335
M3,A,all_eligible,8,30480,0.6897161040155414
M3,A,all_eligible,9,30480,0.6888807341503572
M3,A,all_eligible,10,30480,0.6885390488836534
M3,A,all_eligible,11,30480,0.6897486992890652
M3,A,all_eligible,12,30480,0.6900714056289223
M3,A,all_eligible,13,30480,0.688881556513113
M3,A,all_eligible,14,30480,0.688908160594099
M3,A,all_eligible,15,30480,0.6896080171327009
M3,A,all_eligible,16,30480,0.6881759843380798
M3,A,all_eligible,17,30480,0.6887843174991906
M3,A,all_eligible,18,30480,0.6894940875992863
M3,A,all_eligible,19,30480,0.690165391789117
M3,A,all_eligible,20,30480,0.6886716451905126
M3,A,all_eligible,21,30480,0.6898237151335413
M3,A,all_eligible,22,30480,0.689164453606685
M3,A,all_eligible,23,30480,0.690245703477518
M3,A,all_eligible,24,30480,0.6891958411694601
M3,A,all_eligible,25,30480,0.6892706847913695
M3,A,all_eligible,26,30480,0.689943351692259
M3,A,all_eligible,27,30480,0.6898739696784949
M3,A,all_eligible,28,30480,0.6893853656457313
M3,A,all_eligible,29,30480,0.6884524101687092
M3,A,all_eligible,30,30480,0.6893735468720937
M3,A,all_eligible,31,30480,0.6897400666329111
M3,A,all_eligible,32,30480,0.6892238962255702
M3,A,all_eligible,33,30480,0.688911028099834
M3,A,all_eligible,34,30480,0.6886573356480046
M3,A,all_eligible,35,30480,0.6896602113343115
M3,A,all_eligible,36,30480,0.6891248725553006
M3,A,all_eligible,37,30480,0.6879273875214417
M3,A,all_eligible,38,30480,0.6898474840005235
M3,A,all_eligible,39,30480,0.6891377160532098
M3,A,all_eligible,40,30480,0.6898938075653929
M3,A,all_eligible,41,30480,0.6898573286729907
M3,A,all_eligible,42,30480,0.6881543725587451
M3,A,all_eligible,43,30480,0.6884281698424508
M3,A,all_eligible,44,30480,0.6899266267282534
M3,A,all_eligible,45,30480,0.6897180910334043
M3,A,all_eligible,46,30480,0.6891000660473543
M3,A,all_eligible,47,30480,0.6894991896928239
M3,A,all_eligible,48,30480,0.6889583333333333
M3,A,all_eligible,49,30480,0.6895138888888889
M3,A,all_eligible,50,30480,0.688789081605941
M3,A,all_eligible,51,30480,0.6890976355563823
M3,A,all_eligible,52,30480,0.6906222530500616
M3,A,all_eligible,53,30480,0.6900611971362831
M3,A,all_eligible,54,30480,0.68980218946549
M3,A,all_eligible,55,30480,0.6894121591715405
M3,A,all_eligible,56,30480,0.6894148264685418
M3,A,all_eligible,57,30480,0.6897515775587106
M3,A,all_eligible,58,30480,0.6891963233926468
M3,A,all_eligible,59,30480,0.689053977135732
M3,A,all_eligible,60,30480,0.6891299122181578
M3,A,all_eligible,61,30480,0.6893160159236985
M3,A,all_eligible,62,30480,0.6887534272290767
M3,A,all_eligible,63,30480,0.6889608994495767
M3,A,all_eligible,64,30480,0.6891054716831656
M3,A,all_eligible,65,30480,0.6891779558559117
M3,A,all_eligible,66,30480,0.6896649323854204
M3,A,all_eligible,67,30480,0.6891398042518307
M3,A,all_eligible,68,30480,0.6897941918800504
M3,A,all_eligible,69,30480,0.688589359400941
M3,A,all_eligible,70,30480,0.6880844308216394
M3,A,all_eligible,71,30480,0.688848442419107
M3,A,all_eligible,72,30480,0.6901573683702923
M3,A,all_eligible,73,30480,0.688648304727165
M3,A,all_eligible,74,30480,0.6903354465042263
M3,A,all_eligible,75,30480,0.6893647118544237
M3,A,all_eligible,76,30480,0.6899176453214018
M3,A,all_eligible,77,30480,0.689499710666088
M3,A,all_eligible,78,30480,0.6896446876227086
M3,A,all_eligible,79,30480,0.6891346720193441
M3,A,all_eligible,80,30480,0.689248842664352
M3,A,all_eligible,81,30480,0.6908011836857008
M3,A,all_eligible,82,30480,0.6896464916540944
M3,A,all_eligible,83,30480,0.6889647766101088
M3,A,all_eligible,84,30480,0.6886442338162454
M3,A,all_eligible,85,30480,0.6896552577827378
M3,A,all_eligible,86,30480,0.6895367815735631
M3,A,all_eligible,87,30480,0.6894096985416193
M3,A,all_eligible,88,30480,0.689392693715943
M3,A,all_eligible,89,30480,0.6893928013550471
M3,A,all_eligible,90,30480,0.6897083475416951
M3,A,all_eligible,91,30480,0.6885057582615165
M3,A,all_eligible,92,30480,0.6895035641460172
M3,A,all_eligible,93,30480,0.6902261669801117
M3,A,all_eligible,94,30480,0.6903060739454813
M3,A,all_eligible,95,30480,0.6893826746681271
M3,A,all_eligible,96,30480,0.6884199505204566
M3,A,all_eligible,97,30480,0.6890858383105655
M3,A,all_eligible,98,30480,0.6895522859101274
M3,A,all_eligible,99,30480,0.6895369645600402
M3,A,af_known_only,0,4222,0.5905573229576595
M3,A,af_known_only,1,4222,0.5926028443642188
M3,A,af_known_only,2,4222,0.5912466808382969
M3,A,af_known_only,3,4222,0.5931013497456759
M3,A,af_known_only,4,4222,0.5950646284233115
M3,A,af_known_only,5,4222,0.5954122245682032
M3,A,af_known_only,6,4222,0.5971688305218588
M3,A,af_known_only,7,4222,0.5947120954706808
M3,A,af_known_only,8,4222,0.5993625683607622
M3,A,af_known_only,9,4222,0.5935020165737612
M3,A,af_known_only,10,4222,0.5946975094478159
M3,A,af_known_only,11,4222,0.5931722602568352
M3,A,af_known_only,12,4222,0.5924423981127033
M3,A,af_known_only,13,4222,0.5982514500189731
M3,A,af_known_only,14,4222,0.5873541201363187
M3,A,af_known_only,15,4222,0.5936097287426108
M3,A,af_known_only,16,4222,0.5996955784827889
M3,A,af_known_only,17,4222,0.590354801640187
M3,A,af_known_only,18,4222,0.5956314637118825
M3,A,af_known_only,19,4222,0.5967416844522645
M3,A,af_known_only,20,4222,0.5922909278752585
M3,A,af_known_only,21,4222,0.5917070381599531
M3,A,af_known_only,22,4222,0.5921365404332408
M3,A,af_known_only,23,4222,0.5954900914902674
M3,A,af_known_only,24,4222,0.6006817058286421
M3,A,af_known_only,25,4222,0.5998635421460886
M3,A,af_known_only,26,4222,0.5963649162616428
M3,A,af_known_only,27,4222,0.5922518822140506
M3,A,af_known_only,28,4222,0.5961777663682666
M3,A,af_known_only,29,4222,0.5916569968815083
M3,A,af_known_only,30,4222,0.6003853851641298
M3,A,af_known_only,31,4222,0.5881780060278422
M3,A,af_known_only,32,4222,0.5889473626338857
M3,A,af_known_only,33,4222,0.5956171020893692
M3,A,af_known_only,34,4222,0.5943234340614152
M3,A,af_known_only,35,4222,0.5938687989487292
M3,A,af_known_only,36,4222,0.5941813886387448
M3,A,af_known_only,37,4222,0.5967349524417115
M3,A,af_known_only,38,4222,0.5914550365649153
M3,A,af_known_only,39,4222,0.6026394866976593
M3,A,af_known_only,40,4222,0.5908980748918222
M3,A,af_known_only,41,4222,0.5996840218646726
M3,A,af_known_only,42,4222,0.5954957014990617
M3,A,af_known_only,43,4222,0.5912658670683733
M3,A,af_known_only,44,4222,0.5958441952453605
M3,A,af_known_only,45,4222,0.5924434079142863
M3,A,af_known_only,46,4222,0.5947671857570404
M3,A,af_known_only,47,4222,0.5917706556596798
M3,A,af_known_only,48,4222,0.5952480757108835
M3,A,af_known_only,49,4222,0.5989758143544865
M3,A,af_known_only,50,4222,0.5932215161340487
M3,A,af_known_only,51,4222,0.5967532410703807
M3,A,af_known_only,52,4222,0.599886655382321
M3,A,af_known_only,53,4222,0.5974716587965724
M3,A,af_known_only,54,4222,0.5913666228263179
M3,A,af_known_only,55,4222,0.5884245098142615
M3,A,af_known_only,56,4222,0.5973266961693289
M3,A,af_known_only,57,4222,0.6006729542149231
M3,A,af_known_only,58,4222,0.5899155379515973
M3,A,af_known_only,59,4222,0.5896643217577908
M3,A,af_known_only,60,4222,0.5920923335639421
M3,A,af_known_only,61,4222,0.6004694230958676
M3,A,af_known_only,62,4222,0.5969712460121253
M3,A,af_known_only,63,4222,0.5963490960368429
M3,A,af_known_only,64,4222,0.5917700946588004
M3,A,af_known_only,65,4222,0.5923572381792066
M3,A,af_known_only,66,4222,0.5975443645105458
M3,A,af_known_only,67,4222,0.5930704946973074
M3,A,af_known_only,68,4222,0.5894637078433084
M3,A,af_known_only,69,4222,0.5982341711918867
M3,A,af_known_only,70,4222,0.6011410533487153
M3,A,af_known_only,71,4222,0.5942710365792769
M3,A,af_known_only,72,4222,0.5944506690608689
M3,A,af_known_only,73,4222,0.5935525066529095
M3,A,af_known_only,74,4222,0.6035476349212725
M3,A,af_known_only,75,4222,0.597894429059307
M3,A,af_known_only,76,4222,0.5912372560235225
M3,A,af_known_only,77,4222,0.5949377300243855
M3,A,af_known_only,78,4222,0.5905085158811495
M3,A,af_known_only,79,4222,0.5888605196977507
M3,A,af_known_only,80,4222,0.5919365997198137
M3,A,af_known_only,81,4222,0.5893487026630263
M3,A,af_known_only,82,4222,0.5962127728231427
M3,A,af_known_only,83,4222,0.5937449299545522
M3,A,af_known_only,84,4222,0.5924677553524533
M3,A,af_known_only,85,4222,0.5972367116282692
M3,A,af_known_only,86,4222,0.5976601550920592
M3,A,af_known_only,87,4222,0.5998542295314903
M3,A,af_known_only,88,4222,0.5891384395334178
M3,A,af_known_only,89,4222,0.5983594987883503
M3,A,af_known_only,90,4222,0.5919217892965969
M3,A,af_known_only,91,4222,0.5960291011352189
M3,A,af_known_only,92,4222,0.595035792978109
M3,A,af_known_only,93,4222,0.5975766781612006
M3,A,af_known_only,94,4222,0.5976024842016542
M3,A,af_known_only,95,4222,0.588458169867027
M3,A,af_known_only,96,4222,0.6008547184998567
M3,A,af_known_only,97,4222,0.5977122159736697
M3,A,af_known_only,98,4222,0.598631023213992
M3,A,af_known_only,99,4222,0.5936213975609028
M4,A,all_eligible,0,30480,0.5
M4,A,all_eligible,1,30480,0.5
M4,A,all_eligible,2,30480,0.5
M4,A,all_eligible,3,30480,0.5
M4,A,all_eligible,4,30480,0.5
M4,A,all_eligible,5,30480,0.5
M4,A,all_eligible,6,30480,0.5
M4,A,all_eligible,7,30480,0.5
M4,A,all_eligible,8,30480,0.5
M4,A,all_eligible,9,30480,0.5
M4,A,all_eligible,10,30480,0.5
M4,A,all_eligible,11,30480,0.5
M4,A,all_eligible,12,30480,0.5
M4,A,all_eligible,13,30480,0.5
M4,A,all_eligible,14,30480,0.5
M4,A,all_eligible,15,30480,0.5
M4,A,all_eligible,16,30480,0.5
M4,A,all_eligible,17,30480,0.5
M4,A,all_eligible,18,30480,0.5
M4,A,all_eligible,19,30480,0.5
M4,A,all_eligible,20,30480,0.5
M4,A,all_eligible,21,30480,0.5
M4,A,all_eligible,22,30480,0.5
M4,A,all_eligible,23,30480,0.5
M4,A,all_eligible,24,30480,0.5
M4,A,all_eligible,25,30480,0.5
M4,A,all_eligible,26,30480,0.5
M4,A,all_eligible,27,30480,0.5
M4,A,all_eligible,28,30480,0.5
M4,A,all_eligible,29,30480,0.5
M4,A,all_eligible,30,30480,0.5
M4,A,all_eligible,31,30480,0.5
M4,A,all_eligible,32,30480,0.5
M4,A,all_eligible,33,30480,0.5
M4,A,all_eligible,34,30480,0.5
M4,A,all_eligible,35,30480,0.5
M4,A,all_eligible,36,30480,0.5
M4,A,all_eligible,37,30480,0.5
M4,A,all_eligible,38,30480,0.5
M4,A,all_eligible,39,30480,0.5
M4,A,all_eligible,40,30480,0.5
M4,A,all_eligible,41,30480,0.5
M4,A,all_eligible,42,30480,0.5
M4,A,all_eligible,43,30480,0.5
M4,A,all_eligible,44,30480,0.5
M4,A,all_eligible,45,30480,0.5
M4,A,all_eligible,46,30480,0.5
M4,A,all_eligible,47,30480,0.5
M4,A,all_eligible,48,30480,0.5
M4,A,all_eligible,49,30480,0.5
M4,A,all_eligible,50,30480,0.5
M4,A,all_eligible,51,30480,0.5
M4,A,all_eligible,52,30480,0.5
M4,A,all_eligible,53,30480,0.5
M4,A,all_eligible,54,30480,0.5
M4,A,all_eligible,55,30480,0.5
M4,A,all_eligible,56,30480,0.5
M4,A,all_eligible,57,30480,0.5
M4,A,all_eligible,58,30480,0.5
M4,A,all_eligible,59,30480,0.5
M4,A,all_eligible,60,30480,0.5
M4,A,all_eligible,61,30480,0.5
M4,A,all_eligible,62,30480,0.5
M4,A,all_eligible,63,30480,0.5
M4,A,all_eligible,64,30480,0.5
M4,A,all_eligible,65,30480,0.5
M4,A,all_eligible,66,30480,0.5
M4,A,all_eligible,67,30480,0.5
M4,A,all_eligible,68,30480,0.5
M4,A,all_eligible,69,30480,0.5
M4,A,all_eligible,70,30480,0.5
M4,A,all_eligible,71,30480,0.5
M4,A,all_eligible,72,30480,0.5
M4,A,all_eligible,73,30480,0.5
M4,A,all_eligible,74,30480,0.5
M4,A,all_eligible,75,30480,0.5
M4,A,all_eligible,76,30480,0.5
M4,A,all_eligible,77,30480,0.5
M4,A,all_eligible,78,30480,0.5
M4,A,all_eligible,79,30480,0.5
M4,A,all_eligible,80,30480,0.5
M4,A,all_eligible,81,30480,0.5
M4,A,all_eligible,82,30480,0.5
M4,A,all_eligible,83,30480,0.5
M4,A,all_eligible,84,30480,0.5
M4,A,all_eligible,85,30480,0.5
M4,A,all_eligible,86,30480,0.5
M4,A,all_eligible,87,30480,0.5
M4,A,all_eligible,88,30480,0.5
M4,A,all_eligible,89,30480,0.5
M4,A,all_eligible,90,30480,0.5
M4,A,all_eligible,91,30480,0.5
M4,A,all_eligible,92,30480,0.5
M4,A,all_eligible,93,30480,0.5
M4,A,all_eligible,94,30480,0.5
M4,A,all_eligible,95,30480,0.5
M4,A,all_eligible,96,30480,0.5
M4,A,all_eligible,97,30480,0.5
M4,A,all_eligible,98,30480,0.5
M4,A,all_eligible,99,30480,0.5
M4,A,af_known_only,0,4222,0.5
M4,A,af_known_only,1,4222,0.5
M4,A,af_known_only,2,4222,0.5
M4,A,af_known_only,3,4222,0.5
M4,A,af_known_only,4,4222,0.5
M4,A,af_known_only,5,4222,0.5
M4,A,af_known_only,6,4222,0.5
M4,A,af_known_only,7,4222,0.5
M4,A,af_known_only,8,4222,0.5
M4,A,af_known_only,9,4222,0.5
M4,A,af_known_only,10,4222,0.5
M4,A,af_known_only,11,4222,0.5
M4,A,af_known_only,12,4222,0.5
M4,A,af_known_only,13,4222,0.5
M4,A,af_known_only,14,4222,0.5
M4,A,af_known_only,15,4222,0.5
M4,A,af_known_only,16,4222,0.5
M4,A,af_known_only,17,4222,0.5
M4,A,af_known_only,18,4222,0.5
M4,A,af_known_only,19,4222,0.5
M4,A,af_known_only,20,4222,0.5
M4,A,af_known_only,21,4222,0.5
M4,A,af_known_only,22,4222,0.5
M4,A,af_known_only,23,4222,0.5
M4,A,af_known_only,24,4222,0.5
M4,A,af_known_only,25,4222,0.5
M4,A,af_known_only,26,4222,0.5
M4,A,af_known_only,27,4222,0.5
M4,A,af_known_only,28,4222,0.5
M4,A,af_known_only,29,4222,0.5
M4,A,af_known_only,30,4222,0.5
M4,A,af_known_only,31,4222,0.5
M4,A,af_known_only,32,4222,0.5
M4,A,af_known_only,33,4222,0.5
M4,A,af_known_only,34,4222,0.5
M4,A,af_known_only,35,4222,0.5
M4,A,af_known_only,36,4222,0.5
M4,A,af_known_only,37,4222,0.5
M4,A,af_known_only,38,4222,0.5
M4,A,af_known_only,39,4222,0.5
M4,A,af_known_only,40,4222,0.5
M4,A,af_known_only,41,4222,0.5
M4,A,af_known_only,42,4222,0.5
M4,A,af_known_only,43,4222,0.5
M4,A,af_known_only,44,4222,0.5
M4,A,af_known_only,45,4222,0.5
M4,A,af_known_only,46,4222,0.5
M4,A,af_known_only,47,4222,0.5
M4,A,af_known_only,48,4222,0.5
M4,A,af_known_only,49,4222,0.5
M4,A,af_known_only,50,4222,0.5
M4,A,af_known_only,51,4222,0.5
M4,A,af_known_only,52,4222,0.5
M4,A,af_known_only,53,4222,0.5
M4,A,af_known_only,54,4222,0.5
M4,A,af_known_only,55,4222,0.5
M4,A,af_known_only,56,4222,0.5
M4,A,af_known_only,57,4222,0.5
M4,A,af_known_only,58,4222,0.5
M4,A,af_known_only,59,4222,0.5
M4,A,af_known_only,60,4222,0.5
M4,A,af_known_only,61,4222,0.5
M4,A,af_known_only,62,4222,0.5
M4,A,af_known_only,63,4222,0.5
M4,A,af_known_only,64,4222,0.5
M4,A,af_known_only,65,4222,0.5
M4,A,af_known_only,66,4222,0.5
M4,A,af_known_only,67,4222,0.5
M4,A,af_known_only,68,4222,0.5
M4,A,af_known_only,69,4222,0.5
M4,A,af_known_only,70,4222,0.5
M4,A,af_known_only,71,4222,0.5
M4,A,af_known_only,72,4222,0.5
M4,A,af_known_only,73,4222,0.5
M4,A,af_known_only,74,4222,0.5
M4,A,af_known_only,75,4222,0.5
M4,A,af_known_only,76,4222,0.5
M4,A,af_known_only,77,4222,0.5
M4,A,af_known_only,78,4222,0.5
M4,A,af_known_only,79,4222,0.5
M4,A,af_known_only,80,4222,0.5
M4,A,af_known_only,81,4222,0.5
M4,A,af_known_only,82,4222,0.5
M4,A,af_known_only,83,4222,0.5
M4,A,af_known_only,84,4222,0.5
M4,A,af_known_only,85,4222,0.5
M4,A,af_known_only,86,4222,0.5
M4,A,af_known_only,87,4222,0.5
M4,A,af_known_only,88,4222,0.5
M4,A,af_known_only,89,4222,0.5
M4,A,af_known_only,90,4222,0.5
M4,A,af_known_only,91,4222,0.5
M4,A,af_known_only,92,4222,0.5
M4,A,af_known_only,93,4222,0.5
M4,A,af_known_only,94,4222,0.5
M4,A,af_known_only,95,4222,0.5
M4,A,af_known_only,96,4222,0.5
M4,A,af_known_only,97,4222,0.5
M4,A,af_known_only,98,4222,0.5
M4,A,af_known_only,99,4222,0.5
NT,A,all_eligible,0,30480,0.9357620676352464
NT,A,all_eligible,1,30480,0.9354875943779666
NT,A,all_eligible,2,30480,0.9354724366393177
NT,A,all_eligible,3,30480,0.935387253205062
NT,A,all_eligible,4,30480,0.9357215199847067
NT,A,all_eligible,5,30480,0.9355892013867361
NT,A,all_eligible,6,30480,0.9357966736072361
NT,A,all_eligible,7,30480,0.9355385679521359
NT,A,all_eligible,8,30480,0.9358783458539139
NT,A,all_eligible,9,30480,0.9358830539883302
NT,A,all_eligible,10,30480,0.9353433063116127
NT,A,all_eligible,11,30480,0.9356796677482244
NT,A,all_eligible,12,30480,0.9356869979712181
NT,A,all_eligible,13,30480,0.9358195275418328
NT,A,all_eligible,14,30480,0.9350488681532919
NT,A,all_eligible,15,30480,0.9356751146141181
NT,A,all_eligible,16,30480,0.9354425797046039
NT,A,all_eligible,17,30480,0.9357632947210339
NT,A,all_eligible,18,30480,0.9352959709391641
NT,A,all_eligible,19,30480,0.9356256544457533
NT,A,all_eligible,20,30480,0.9360505856428379
NT,A,all_eligible,21,30480,0.9357510432381976
NT,A,all_eligible,22,30480,0.9351199336426451
NT,A,all_eligible,23,30480,0.9356030911367378
NT,A,all_eligible,24,30480,0.9353531445257335
NT,A,all_eligible,25,30480,0.9357911861657057
NT,A,all_eligible,26,30480,0.9357186008122016
NT,A,all_eligible,27,30480,0.9358988833949891
NT,A,all_eligible,28,30480,0.9356038812077624
NT,A,all_eligible,29,30480,0.9357399025909163
NT,A,all_eligible,30,30480,0.935404895254235
NT,A,all_eligible,31,30480,0.9351292745641047
NT,A,all_eligible,32,30480,0.9356914456190023
NT,A,all_eligible,33,30480,0.93551563221182
NT,A,all_eligible,34,30480,0.9353218366158954
NT,A,all_eligible,35,30480,0.9355905318060637
NT,A,all_eligible,36,30480,0.9355923444485778
NT,A,all_eligible,37,30480,0.9356339814068517
NT,A,all_eligible,38,30480,0.9356711319672639
NT,A,all_eligible,39,30480,0.9357735957833027
NT,A,all_eligible,40,30480,0.9353700287956132
NT,A,all_eligible,41,30480,0.9354594575161372
NT,A,all_eligible,42,30480,0.9351535450293122
NT,A,all_eligible,43,30480,0.9357509205296188
NT,A,all_eligible,44,30480,0.9360018380453428
NT,A,all_eligible,45,30480,0.9358141994061766
NT,A,all_eligible,46,30480,0.9358162746881049
NT,A,all_eligible,47,30480,0.9355036261461411
NT,A,all_eligible,48,30480,0.9351425701462514
NT,A,all_eligible,49,30480,0.9354277341193571
NT,A,all_eligible,50,30480,0.9355278148056296
NT,A,all_eligible,51,30480,0.9359018327064432
NT,A,all_eligible,52,30480,0.9354185697260283
NT,A,all_eligible,53,30480,0.9357606747852385
NT,A,all_eligible,54,30480,0.9351599581671386
NT,A,all_eligible,55,30480,0.9354663485715861
NT,A,all_eligible,56,30480,0.9355205534716625
NT,A,all_eligible,57,30480,0.9355346305137054
NT,A,all_eligible,58,30480,0.935451752709061
NT,A,all_eligible,59,30480,0.9355594994523322
NT,A,all_eligible,60,30480,0.9355504556148001
NT,A,all_eligible,61,30480,0.9355276296663705
NT,A,all_eligible,62,30480,0.9354961215477986
NT,A,all_eligible,63,30480,0.9359104330708662
NT,A,all_eligible,64,30480,0.935641712047313
NT,A,all_eligible,65,30480,0.9353562940459215
NT,A,all_eligible,66,30480,0.9354342484379413
NT,A,all_eligible,67,30480,0.9355336660673321
NT,A,all_eligible,68,30480,0.9354660493348764
NT,A,all_eligible,69,30480,0.9353428197828618
NT,A,all_eligible,70,30480,0.9357626811781401
NT,A,all_eligible,71,30480,0.9358915424080848
NT,A,all_eligible,72,30480,0.9357848828197657
NT,A,all_eligible,73,30480,0.9356133878934425
NT,A,all_eligible,74,30480,0.9352081632635487
NT,A,all_eligible,75,30480,0.9357271043014308
NT,A,all_eligible,76,30480,0.9355936641039949
NT,A,all_eligible,77,30480,0.935659692083273
NT,A,all_eligible,78,30480,0.9358280051976771
NT,A,all_eligible,79,30480,0.9356900032550065
NT,A,all_eligible,80,30480,0.9352609903830919
NT,A,all_eligible,81,30480,0.9357539387300997
NT,A,all_eligible,82,30480,0.9353308008004905
NT,A,all_eligible,83,30480,0.935572820867864
NT,A,all_eligible,84,30480,0.9357308716700766
NT,A,all_eligible,85,30480,0.9359240752509282
NT,A,all_eligible,86,30480,0.9357203079683937
NT,A,all_eligible,87,30480,0.9356358693967388
NT,A,all_eligible,88,30480,0.9351681042945419
NT,A,all_eligible,89,30480,0.9354089790818471
NT,A,all_eligible,90,30480,0.9356808754589732
NT,A,all_eligible,91,30480,0.9350109038412521
NT,A,all_eligible,92,30480,0.9355342150267634
NT,A,all_eligible,93,30480,0.9358620579046714
NT,A,all_eligible,94,30480,0.9354927825827873
NT,A,all_eligible,95,30480,0.9354867634040823
NT,A,all_eligible,96,30480,0.9358027229248903
NT,A,all_eligible,97,30480,0.9351901638525499
NT,A,all_eligible,98,30480,0.93532629502759
NT,A,all_eligible,99,30480,0.935397999893222
NT,A,af_known_only,0,4222,0.8139961192203164
NT,A,af_known_only,1,4222,0.8157305095391467
NT,A,af_known_only,2,4222,0.8182491790874131
NT,A,af_known_only,3,4222,0.8174631046551628
NT,A,af_known_only,4,4222,0.8164261506296338
NT,A,af_known_only,5,4222,0.8184634814233535
NT,A,af_known_only,6,4222,0.8151784846737926
NT,A,af_known_only,7,4222,0.815269815616963
NT,A,af_known_only,8,4222,0.8168825809451339
NT,A,af_known_only,9,4222,0.8154899523620494
NT,A,af_known_only,10,4222,0.8142312907889715
NT,A,af_known_only,11,4222,0.8200223906670996
NT,A,af_known_only,12,4222,0.813816150138197
NT,A,af_known_only,13,4222,0.8119206403667958
NT,A,af_known_only,14,4222,0.8179913430832294
NT,A,af_known_only,15,4222,0.8163193360621912
NT,A,af_known_only,16,4222,0.8155900349189388
NT,A,af_known_only,17,4222,0.8132017419750507
NT,A,af_known_only,18,4222,0.8167418819245741
NT,A,af_known_only,19,4222,0.8153353405196798
NT,A,af_known_only,20,4222,0.8163886757708881
NT,A,af_known_only,21,4222,0.817538054372654
NT,A,af_known_only,22,4222,0.8181802881794198
NT,A,af_known_only,23,4222,0.8153757325829984
NT,A,af_known_only,24,4222,0.8172153666668088
NT,A,af_known_only,25,4222,0.8190451271351413
NT,A,af_known_only,26,4222,0.820900020442872
NT,A,af_known_only,27,4222,0.8172465583157048
NT,A,af_known_only,28,4222,0.8137064183661814
NT,A,af_known_only,29,4222,0.8215597574770758
NT,A,af_known_only,30,4222,0.8180225347321255
NT,A,af_known_only,31,4222,0.8196976833580885
NT,A,af_known_only,32,4222,0.8175793440373798
NT,A,af_known_only,33,4222,0.8189695042165948
NT,A,af_known_only,34,4222,0.8170291143748397
NT,A,af_known_only,35,4222,0.8179045001470945
NT,A,af_known_only,36,4222,0.8111697967897734
NT,A,af_known_only,37,4222,0.8170946392775565
NT,A,af_known_only,38,4222,0.8146298258137149
NT,A,af_known_only,39,4222,0.8179496046178002
NT,A,af_known_only,40,4222,0.8149415179023235
NT,A,af_known_only,41,4222,0.8192378870373117
NT,A,af_known_only,42,4222,0.8158043372548791
NT,A,af_known_only,43,4222,0.8110582698149438
NT,A,af_known_only,44,4222,0.8177783871493997
NT,A,af_known_only,45,4222,0.8211823160853987
NT,A,af_known_only,46,4222,0.8156169629611512
NT,A,af_known_only,47,4222,0.8152022711110802
NT,A,af_known_only,48,4222,0.8154912987641599
NT,A,af_known_only,49,4222,0.8183117867855569
NT,A,af_known_only,50,4222,0.8101218471470076
NT,A,af_known_only,51,4222,0.8154120854399851
NT,A,af_known_only,52,4222,0.8156694726434653
NT,A,af_known_only,53,4222,0.8173906233415411
NT,A,af_known_only,54,4222,0.8169550622587556
NT,A,af_known_only,55,4222,0.8089610241273014
NT,A,af_known_only,56,4222,0.8202416298107789
NT,A,af_known_only,57,4222,0.8145418608758211
NT,A,af_known_only,58,4222,0.8196305876529092
NT,A,af_known_only,59,4222,0.8201648848904736
NT,A,af_known_only,60,4222,0.818449344201192
NT,A,af_known_only,61,4222,0.8155619848749674
NT,A,af_known_only,62,4222,0.8201218000229337
NT,A,af_known_only,63,4222,0.8182182118388689
NT,A,af_known_only,64,4222,0.8137353660115597
NT,A,af_known_only,65,4222,0.8171581445771074
NT,A,af_known_only,66,4222,0.8168282760600055
NT,A,af_known_only,67,4222,0.8184019957269685
NT,A,af_known_only,68,4222,0.8149837051684562
NT,A,af_known_only,69,4222,0.8164187454180253
NT,A,af_known_only,70,4222,0.8165531612287356
NT,A,af_known_only,71,4222,0.814980114762828
NT,A,af_known_only,72,4222,0.8145315384596397
NT,A,af_known_only,73,4222,0.8212821742419364
NT,A,af_known_only,74,4222,0.8160392844231823
NT,A,af_known_only,75,4222,0.8194461305637543
NT,A,af_known_only,76,4222,0.8111567815693708
NT,A,af_known_only,77,4222,0.8183559936548557
NT,A,af_known_only,78,4222,0.8157971564436225
NT,A,af_known_only,79,4222,0.8154829959511445
NT,A,af_known_only,80,4222,0.818178044175902
NT,A,af_known_only,81,4222,0.8143861270316928
NT,A,af_known_only,82,4222,0.8177043350333156
NT,A,af_known_only,83,4222,0.8231776840133375
NT,A,af_known_only,84,4222,0.8161804322444456
NT,A,af_known_only,85,4222,0.8155177780056688
NT,A,af_known_only,86,4222,0.8191930069669577
NT,A,af_known_only,87,4222,0.8202180677738431
NT,A,af_known_only,88,4222,0.8173295864458597
NT,A,af_known_only,89,4222,0.8130904394005728
NT,A,af_known_only,90,4222,0.8153436433326953
NT,A,af_known_only,91,4222,0.8186966333888425
NT,A,af_known_only,92,4222,0.814071742138863
NT,A,af_known_only,93,4222,0.8204065640693299
NT,A,af_known_only,94,4222,0.8185584027721522
NT,A,af_known_only,95,4222,0.8136368542571327
NT,A,af_known_only,96,4222,0.8158617837449322
NT,A,af_known_only,97,4222,0.8162789439988726
NT,A,af_known_only,98,4222,0.8185373091390858
NT,A,af_known_only,99,4222,0.8198235719554314
DNABERT-2 seed 42,A,all_eligible,0,30480,0.9146573761203078
DNABERT-2 seed 42,A,all_eligible,1,30480,0.9146141805478055
DNABERT-2 seed 42,A,all_eligible,2,30480,0.914082208719973
DNABERT-2 seed 42,A,all_eligible,3,30480,0.9144368214430874
DNABERT-2 seed 42,A,all_eligible,4,30480,0.914306881669319
DNABERT-2 seed 42,A,all_eligible,5,30480,0.9142640779031558
DNABERT-2 seed 42,A,all_eligible,6,30480,0.9147078933046755
DNABERT-2 seed 42,A,all_eligible,7,30480,0.9144705060243454
DNABERT-2 seed 42,A,all_eligible,8,30480,0.9144410344376245
DNABERT-2 seed 42,A,all_eligible,9,30480,0.9145831352773817
DNABERT-2 seed 42,A,all_eligible,10,30480,0.914168483614745
DNABERT-2 seed 42,A,all_eligible,11,30480,0.9149757876599086
DNABERT-2 seed 42,A,all_eligible,12,30480,0.9146928582746054
DNABERT-2 seed 42,A,all_eligible,13,30480,0.9148214977679955
DNABERT-2 seed 42,A,all_eligible,14,30480,0.9142290607497882
DNABERT-2 seed 42,A,all_eligible,15,30480,0.9145673639958392
DNABERT-2 seed 42,A,all_eligible,16,30480,0.9138044912200936
DNABERT-2 seed 42,A,all_eligible,17,30480,0.9147669893256453
DNABERT-2 seed 42,A,all_eligible,18,30480,0.9146779136613828
DNABERT-2 seed 42,A,all_eligible,19,30480,0.9142999346415359
DNABERT-2 seed 42,A,all_eligible,20,30480,0.914440375686307
DNABERT-2 seed 42,A,all_eligible,21,30480,0.9146320400279689
DNABERT-2 seed 42,A,all_eligible,22,30480,0.9142989077644822
DNABERT-2 seed 42,A,all_eligible,23,30480,0.9145550199433732
DNABERT-2 seed 42,A,all_eligible,24,30480,0.9140478051094991
DNABERT-2 seed 42,A,all_eligible,25,30480,0.9147550177044799
DNABERT-2 seed 42,A,all_eligible,26,30480,0.9141193119191794
DNABERT-2 seed 42,A,all_eligible,27,30480,0.9147063755933067
DNABERT-2 seed 42,A,all_eligible,28,30480,0.9143866960650588
DNABERT-2 seed 42,A,all_eligible,29,30480,0.9144158318177747
DNABERT-2 seed 42,A,all_eligible,30,30480,0.9143728472179167
DNABERT-2 seed 42,A,all_eligible,31,30480,0.9147950852846151
DNABERT-2 seed 42,A,all_eligible,32,30480,0.914486225639118
DNABERT-2 seed 42,A,all_eligible,33,30480,0.9142489352339815
DNABERT-2 seed 42,A,all_eligible,34,30480,0.9146196895171568
DNABERT-2 seed 42,A,all_eligible,35,30480,0.9139817620607463
DNABERT-2 seed 42,A,all_eligible,36,30480,0.9144904063419238
DNABERT-2 seed 42,A,all_eligible,37,30480,0.9147135185242593
DNABERT-2 seed 42,A,all_eligible,38,30480,0.9143956925413851
DNABERT-2 seed 42,A,all_eligible,39,30480,0.9144065640909059
DNABERT-2 seed 42,A,all_eligible,40,30480,0.914116717816769
DNABERT-2 seed 42,A,all_eligible,41,30480,0.9141597433194867
DNABERT-2 seed 42,A,all_eligible,42,30480,0.9138634300879713
DNABERT-2 seed 42,A,all_eligible,43,30480,0.9144612361446945
DNABERT-2 seed 42,A,all_eligible,44,30480,0.9146531631257707
DNABERT-2 seed 42,A,all_eligible,45,30480,0.9146097694973168
DNABERT-2 seed 42,A,all_eligible,46,30480,0.9149757467570491
DNABERT-2 seed 42,A,all_eligible,47,30480,0.9148000452945351
DNABERT-2 seed 42,A,all_eligible,48,30480,0.914253053506107
DNABERT-2 seed 42,A,all_eligible,49,30480,0.9143410613904561
DNABERT-2 seed 42,A,all_eligible,50,30480,0.9146309485674526
DNABERT-2 seed 42,A,all_eligible,51,30480,0.9146429481747852
DNABERT-2 seed 42,A,all_eligible,52,30480,0.9142228370567852
DNABERT-2 seed 42,A,all_eligible,53,30480,0.9143775811857179
DNABERT-2 seed 42,A,all_eligible,54,30480,0.9140993211847535
DNABERT-2 seed 42,A,all_eligible,55,30480,0.9146501599947644
DNABERT-2 seed 42,A,all_eligible,56,30480,0.9140187102596428
DNABERT-2 seed 42,A,all_eligible,57,30480,0.9145011250439168
DNABERT-2 seed 42,A,all_eligible,58,30480,0.9144943437803542
DNABERT-2 seed 42,A,all_eligible,59,30480,0.9145375135194714
DNABERT-2 seed 42,A,all_eligible,60,30480,0.9145623157218536
DNABERT-2 seed 42,A,all_eligible,61,30480,0.9144050485323193
DNABERT-2 seed 42,A,all_eligible,62,30480,0.9140670294535034
DNABERT-2 seed 42,A,all_eligible,63,30480,0.9148153903252251
DNABERT-2 seed 42,A,all_eligible,64,30480,0.9144323113646228
DNABERT-2 seed 42,A,all_eligible,65,30480,0.9145593061325011
DNABERT-2 seed 42,A,all_eligible,66,30480,0.9142757890376891
DNABERT-2 seed 42,A,all_eligible,67,30480,0.9143886421800621
DNABERT-2 seed 42,A,all_eligible,68,30480,0.9140695030001171
DNABERT-2 seed 42,A,all_eligible,69,30480,0.9138867016622922
DNABERT-2 seed 42,A,all_eligible,70,30480,0.9147999828638547
DNABERT-2 seed 42,A,all_eligible,71,30480,0.9145368999765777
DNABERT-2 seed 42,A,all_eligible,72,30480,0.9151548625319473
DNABERT-2 seed 42,A,all_eligible,73,30480,0.9143619390711004
DNABERT-2 seed 42,A,all_eligible,74,30480,0.9141375352195149
DNABERT-2 seed 42,A,all_eligible,75,30480,0.9152084668058225
DNABERT-2 seed 42,A,all_eligible,76,30480,0.9145819103443762
DNABERT-2 seed 42,A,all_eligible,77,30480,0.9146262511969468
DNABERT-2 seed 42,A,all_eligible,78,30480,0.9151084700780513
DNABERT-2 seed 42,A,all_eligible,79,30480,0.9146099998449997
DNABERT-2 seed 42,A,all_eligible,80,30480,0.9139320672391344
DNABERT-2 seed 42,A,all_eligible,81,30480,0.9142298400569023
DNABERT-2 seed 42,A,all_eligible,82,30480,0.9145686212205758
DNABERT-2 seed 42,A,all_eligible,83,30480,0.9147366350982702
DNABERT-2 seed 42,A,all_eligible,84,30480,0.9146474151976082
DNABERT-2 seed 42,A,all_eligible,85,30480,0.9146535118764682
DNABERT-2 seed 42,A,all_eligible,86,30480,0.9146048051818326
DNABERT-2 seed 42,A,all_eligible,87,30480,0.914174683627145
DNABERT-2 seed 42,A,all_eligible,88,30480,0.9140156274756994
DNABERT-2 seed 42,A,all_eligible,89,30480,0.9145527788972244
DNABERT-2 seed 42,A,all_eligible,90,30480,0.9144651671247787
DNABERT-2 seed 42,A,all_eligible,91,30480,0.9140001145280068
DNABERT-2 seed 42,A,all_eligible,92,30480,0.9144031842230351
DNABERT-2 seed 42,A,all_eligible,93,30480,0.914779768240092
DNABERT-2 seed 42,A,all_eligible,94,30480,0.9143613965700154
DNABERT-2 seed 42,A,all_eligible,95,30480,0.9146274244631822
DNABERT-2 seed 42,A,all_eligible,96,30480,0.9143752518755037
DNABERT-2 seed 42,A,all_eligible,97,30480,0.9140796792010251
DNABERT-2 seed 42,A,all_eligible,98,30480,0.9141404436281095
DNABERT-2 seed 42,A,all_eligible,99,30480,0.9146422420622619
DNABERT-2 seed 42,A,af_known_only,0,4222,0.7641335756557932
DNABERT-2 seed 42,A,af_known_only,1,4222,0.7652256199676819
DNABERT-2 seed 42,A,af_known_only,2,4222,0.7678451574740689
DNABERT-2 seed 42,A,af_known_only,3,4222,0.7643148911400234
DNABERT-2 seed 42,A,af_known_only,4,4222,0.7693391028159776
DNABERT-2 seed 42,A,af_known_only,5,4222,0.7655672695032517
DNABERT-2 seed 42,A,af_known_only,6,4222,0.7652525480098943
DNABERT-2 seed 42,A,af_known_only,7,4222,0.7683097784024087
DNABERT-2 seed 42,A,af_known_only,8,4222,0.7679995449160866
DNABERT-2 seed 42,A,af_known_only,9,4222,0.7706826999222004
DNABERT-2 seed 42,A,af_known_only,10,4222,0.7631480093108194
DNABERT-2 seed 42,A,af_known_only,11,4222,0.7659128460449774
DNABERT-2 seed 42,A,af_known_only,12,4222,0.766129841185139
DNABERT-2 seed 42,A,af_known_only,13,4222,0.7666165655481282
DNABERT-2 seed 42,A,af_known_only,14,4222,0.7663226010873094
DNABERT-2 seed 42,A,af_known_only,15,4222,0.764628378431446
DNABERT-2 seed 42,A,af_known_only,16,4222,0.7642678792663276
DNABERT-2 seed 42,A,af_known_only,17,4222,0.7686004890581266
DNABERT-2 seed 42,A,af_known_only,18,4222,0.7691010140427497
DNABERT-2 seed 42,A,af_known_only,19,4222,0.7642650742619305
DNABERT-2 seed 42,A,af_known_only,20,4222,0.7688867117068092
DNABERT-2 seed 42,A,af_known_only,21,4222,0.767063571048854
DNABERT-2 seed 42,A,af_known_only,22,4222,0.7649564517457338
DNABERT-2 seed 42,A,af_known_only,23,4222,0.7620448571815182
DNABERT-2 seed 42,A,af_known_only,24,4222,0.7675369435909127
DNABERT-2 seed 42,A,af_known_only,25,4222,0.7683787815105779
DNABERT-2 seed 42,A,af_known_only,26,4222,0.7671605120008186
DNABERT-2 seed 42,A,af_known_only,27,4222,0.7649245868957825
DNABERT-2 seed 42,A,af_known_only,28,4222,0.765438239300984
DNABERT-2 seed 42,A,af_known_only,29,4222,0.7722236571378049
DNABERT-2 seed 42,A,af_known_only,30,4222,0.7662456317666524
DNABERT-2 seed 42,A,af_known_only,31,4222,0.7652770076482371
DNABERT-2 seed 42,A,af_known_only,32,4222,0.7678890277428398
DNABERT-2 seed 42,A,af_known_only,33,4222,0.7646691070952922
DNABERT-2 seed 42,A,af_known_only,34,4222,0.765043070281517
DNABERT-2 seed 42,A,af_known_only,35,4222,0.7663545781374367
DNABERT-2 seed 42,A,af_known_only,36,4222,0.7673955713692977
DNABERT-2 seed 42,A,af_known_only,37,4222,0.770304585329468
DNABERT-2 seed 42,A,af_known_only,38,4222,0.7644316915231196
DNABERT-2 seed 42,A,af_known_only,39,4222,0.7676194107201882
DNABERT-2 seed 42,A,af_known_only,40,4222,0.769906499105428
DNABERT-2 seed 42,A,af_known_only,41,4222,0.7675463684056871
DNABERT-2 seed 42,A,af_known_only,42,4222,0.7668425367023606
DNABERT-2 seed 42,A,af_known_only,43,4222,0.7705169802624182
DNABERT-2 seed 42,A,af_known_only,44,4222,0.7718154728979353
DNABERT-2 seed 42,A,af_known_only,45,4222,0.7684208565765348
DNABERT-2 seed 42,A,af_known_only,46,4222,0.7684176027714341
DNABERT-2 seed 42,A,af_known_only,47,4222,0.7651090439849374
DNABERT-2 seed 42,A,af_known_only,48,4222,0.7700151088756847
DNABERT-2 seed 42,A,af_known_only,49,4222,0.7713256069300214
DNABERT-2 seed 42,A,af_known_only,50,4222,0.7684740394599042
DNABERT-2 seed 42,A,af_known_only,51,4222,0.7651749054881818
DNABERT-2 seed 42,A,af_known_only,52,4222,0.7645968501820224
DNABERT-2 seed 42,A,af_known_only,53,4222,0.7673467642927877
DNABERT-2 seed 42,A,af_known_only,54,4222,0.7707390244104947
DNABERT-2 seed 42,A,af_known_only,55,4222,0.7613381082736185
DNABERT-2 seed 42,A,af_known_only,56,4222,0.7681423757399882
DNABERT-2 seed 42,A,af_known_only,57,4222,0.7645542141151861
DNABERT-2 seed 42,A,af_known_only,58,4222,0.7659958741751324
DNABERT-2 seed 42,A,af_known_only,59,4222,0.7667764507987642
DNABERT-2 seed 42,A,af_known_only,60,4222,0.7638280545768583
DNABERT-2 seed 42,A,af_known_only,61,4222,0.7682315748798167
DNABERT-2 seed 42,A,af_known_only,62,4222,0.7679101213759063
DNABERT-2 seed 42,A,af_known_only,63,4222,0.7657324281621544
DNABERT-2 seed 42,A,af_known_only,64,4222,0.7644601903677944
DNABERT-2 seed 42,A,af_known_only,65,4222,0.7677752567644925
DNABERT-2 seed 42,A,af_known_only,66,4222,0.7667179945071282
DNABERT-2 seed 42,A,af_known_only,67,4222,0.7676785402128796
DNABERT-2 seed 42,A,af_known_only,68,4222,0.7674716430885477
DNABERT-2 seed 42,A,af_known_only,69,4222,0.7642100961757468
DNABERT-2 seed 42,A,af_known_only,70,4222,0.7672721511758241
DNABERT-2 seed 42,A,af_known_only,71,4222,0.7676049368974991
DNABERT-2 seed 42,A,af_known_only,72,4222,0.7694768846319644
DNABERT-2 seed 42,A,af_known_only,73,4222,0.7690875500216434
DNABERT-2 seed 42,A,af_known_only,74,4222,0.7674701844862613
DNABERT-2 seed 42,A,af_known_only,75,4222,0.7698842834706028
DNABERT-2 seed 42,A,af_known_only,76,4222,0.7679378348193499
DNABERT-2 seed 42,A,af_known_only,77,4222,0.7690104685008105
DNABERT-2 seed 42,A,af_known_only,78,4222,0.764678083109363
DNABERT-2 seed 42,A,af_known_only,79,4222,0.7653797830093478
DNABERT-2 seed 42,A,af_known_only,80,4222,0.7655604252925227
DNABERT-2 seed 42,A,af_known_only,81,4222,0.7684364524009828
DNABERT-2 seed 42,A,af_known_only,82,4222,0.769253830682305
DNABERT-2 seed 42,A,af_known_only,83,4222,0.7715312698524186
DNABERT-2 seed 42,A,af_known_only,84,4222,0.7701910387514723
DNABERT-2 seed 42,A,af_known_only,85,4222,0.7650138982357869
DNABERT-2 seed 42,A,af_known_only,86,4222,0.7676286111346108
DNABERT-2 seed 42,A,af_known_only,87,4222,0.7697611998776569
DNABERT-2 seed 42,A,af_known_only,88,4222,0.7681479857487825
DNABERT-2 seed 42,A,af_known_only,89,4222,0.7676941360373276
DNABERT-2 seed 42,A,af_known_only,90,4222,0.7631489069122265
DNABERT-2 seed 42,A,af_known_only,91,4222,0.7643014271189171
DNABERT-2 seed 42,A,af_known_only,92,4222,0.7631236618726523
DNABERT-2 seed 42,A,af_known_only,93,4222,0.7700275630952079
DNABERT-2 seed 42,A,af_known_only,94,4222,0.7709013780650003
DNABERT-2 seed 42,A,af_known_only,95,4222,0.7665012237673183
DNABERT-2 seed 42,A,af_known_only,96,4222,0.7669188328219624
DNABERT-2 seed 42,A,af_known_only,97,4222,0.7680551962033255
DNABERT-2 seed 42,A,af_known_only,98,4222,0.7682668057350447
DNABERT-2 seed 42,A,af_known_only,99,4222,0.7682111544478057
M3,B,all_eligible,0,30204,0.5
M3,B,all_eligible,1,30204,0.5
M3,B,all_eligible,2,30204,0.5
M3,B,all_eligible,3,30204,0.5
M3,B,all_eligible,4,30204,0.5
M3,B,all_eligible,5,30204,0.5
M3,B,all_eligible,6,30204,0.5
M3,B,all_eligible,7,30204,0.5
M3,B,all_eligible,8,30204,0.5
M3,B,all_eligible,9,30204,0.5
M3,B,all_eligible,10,30204,0.5
M3,B,all_eligible,11,30204,0.5
M3,B,all_eligible,12,30204,0.5
M3,B,all_eligible,13,30204,0.5
M3,B,all_eligible,14,30204,0.5
M3,B,all_eligible,15,30204,0.5
M3,B,all_eligible,16,30204,0.5
M3,B,all_eligible,17,30204,0.5
M3,B,all_eligible,18,30204,0.5
M3,B,all_eligible,19,30204,0.5
M3,B,all_eligible,20,30204,0.5
M3,B,all_eligible,21,30204,0.5
M3,B,all_eligible,22,30204,0.5
M3,B,all_eligible,23,30204,0.5
M3,B,all_eligible,24,30204,0.5
M3,B,all_eligible,25,30204,0.5
M3,B,all_eligible,26,30204,0.5
M3,B,all_eligible,27,30204,0.5
M3,B,all_eligible,28,30204,0.5
M3,B,all_eligible,29,30204,0.5
M3,B,all_eligible,30,30204,0.5
M3,B,all_eligible,31,30204,0.5
M3,B,all_eligible,32,30204,0.5
M3,B,all_eligible,33,30204,0.5
M3,B,all_eligible,34,30204,0.5
M3,B,all_eligible,35,30204,0.5
M3,B,all_eligible,36,30204,0.5
M3,B,all_eligible,37,30204,0.5
M3,B,all_eligible,38,30204,0.5
M3,B,all_eligible,39,30204,0.5
M3,B,all_eligible,40,30204,0.5
M3,B,all_eligible,41,30204,0.5
M3,B,all_eligible,42,30204,0.5
M3,B,all_eligible,43,30204,0.5
M3,B,all_eligible,44,30204,0.5
M3,B,all_eligible,45,30204,0.5
M3,B,all_eligible,46,30204,0.5
M3,B,all_eligible,47,30204,0.5
M3,B,all_eligible,48,30204,0.5
M3,B,all_eligible,49,30204,0.5
M3,B,all_eligible,50,30204,0.5
M3,B,all_eligible,51,30204,0.5
M3,B,all_eligible,52,30204,0.5
M3,B,all_eligible,53,30204,0.5
M3,B,all_eligible,54,30204,0.5
M3,B,all_eligible,55,30204,0.5
M3,B,all_eligible,56,30204,0.5
M3,B,all_eligible,57,30204,0.5
M3,B,all_eligible,58,30204,0.5
M3,B,all_eligible,59,30204,0.5
M3,B,all_eligible,60,30204,0.5
M3,B,all_eligible,61,30204,0.5
M3,B,all_eligible,62,30204,0.5
M3,B,all_eligible,63,30204,0.5
M3,B,all_eligible,64,30204,0.5
M3,B,all_eligible,65,30204,0.5
M3,B,all_eligible,66,30204,0.5
M3,B,all_eligible,67,30204,0.5
M3,B,all_eligible,68,30204,0.5
M3,B,all_eligible,69,30204,0.5
M3,B,all_eligible,70,30204,0.5
M3,B,all_eligible,71,30204,0.5
M3,B,all_eligible,72,30204,0.5
M3,B,all_eligible,73,30204,0.5
M3,B,all_eligible,74,30204,0.5
M3,B,all_eligible,75,30204,0.5
M3,B,all_eligible,76,30204,0.5
M3,B,all_eligible,77,30204,0.5
M3,B,all_eligible,78,30204,0.5
M3,B,all_eligible,79,30204,0.5
M3,B,all_eligible,80,30204,0.5
M3,B,all_eligible,81,30204,0.5
M3,B,all_eligible,82,30204,0.5
M3,B,all_eligible,83,30204,0.5
M3,B,all_eligible,84,30204,0.5
M3,B,all_eligible,85,30204,0.5
M3,B,all_eligible,86,30204,0.5
M3,B,all_eligible,87,30204,0.5
M3,B,all_eligible,88,30204,0.5
M3,B,all_eligible,89,30204,0.5
M3,B,all_eligible,90,30204,0.5
M3,B,all_eligible,91,30204,0.5
M3,B,all_eligible,92,30204,0.5
M3,B,all_eligible,93,30204,0.5
M3,B,all_eligible,94,30204,0.5
M3,B,all_eligible,95,30204,0.5
M3,B,all_eligible,96,30204,0.5
M3,B,all_eligible,97,30204,0.5
M3,B,all_eligible,98,30204,0.5
M3,B,all_eligible,99,30204,0.5
M3,B,af_known_only,0,3614,0.5
M3,B,af_known_only,1,3614,0.5
M3,B,af_known_only,2,3614,0.5
M3,B,af_known_only,3,3614,0.5
M3,B,af_known_only,4,3614,0.5
M3,B,af_known_only,5,3614,0.5
M3,B,af_known_only,6,3614,0.5
M3,B,af_known_only,7,3614,0.5
M3,B,af_known_only,8,3614,0.5
M3,B,af_known_only,9,3614,0.5
M3,B,af_known_only,10,3614,0.5
M3,B,af_known_only,11,3614,0.5
M3,B,af_known_only,12,3614,0.5
M3,B,af_known_only,13,3614,0.5
M3,B,af_known_only,14,3614,0.5
M3,B,af_known_only,15,3614,0.5
M3,B,af_known_only,16,3614,0.5
M3,B,af_known_only,17,3614,0.5
M3,B,af_known_only,18,3614,0.5
M3,B,af_known_only,19,3614,0.5
M3,B,af_known_only,20,3614,0.5
M3,B,af_known_only,21,3614,0.5
M3,B,af_known_only,22,3614,0.5
M3,B,af_known_only,23,3614,0.5
M3,B,af_known_only,24,3614,0.5
M3,B,af_known_only,25,3614,0.5
M3,B,af_known_only,26,3614,0.5
M3,B,af_known_only,27,3614,0.5
M3,B,af_known_only,28,3614,0.5
M3,B,af_known_only,29,3614,0.5
M3,B,af_known_only,30,3614,0.5
M3,B,af_known_only,31,3614,0.5
M3,B,af_known_only,32,3614,0.5
M3,B,af_known_only,33,3614,0.5
M3,B,af_known_only,34,3614,0.5
M3,B,af_known_only,35,3614,0.5
M3,B,af_known_only,36,3614,0.5
M3,B,af_known_only,37,3614,0.5
M3,B,af_known_only,38,3614,0.5
M3,B,af_known_only,39,3614,0.5
M3,B,af_known_only,40,3614,0.5
M3,B,af_known_only,41,3614,0.5
M3,B,af_known_only,42,3614,0.5
M3,B,af_known_only,43,3614,0.5
M3,B,af_known_only,44,3614,0.5
M3,B,af_known_only,45,3614,0.5
M3,B,af_known_only,46,3614,0.5
M3,B,af_known_only,47,3614,0.5
M3,B,af_known_only,48,3614,0.5
M3,B,af_known_only,49,3614,0.5
M3,B,af_known_only,50,3614,0.5
M3,B,af_known_only,51,3614,0.5
M3,B,af_known_only,52,3614,0.5
M3,B,af_known_only,53,3614,0.5
M3,B,af_known_only,54,3614,0.5
M3,B,af_known_only,55,3614,0.5
M3,B,af_known_only,56,3614,0.5
M3,B,af_known_only,57,3614,0.5
M3,B,af_known_only,58,3614,0.5
M3,B,af_known_only,59,3614,0.5
M3,B,af_known_only,60,3614,0.5
M3,B,af_known_only,61,3614,0.5
M3,B,af_known_only,62,3614,0.5
M3,B,af_known_only,63,3614,0.5
M3,B,af_known_only,64,3614,0.5
M3,B,af_known_only,65,3614,0.5
M3,B,af_known_only,66,3614,0.5
M3,B,af_known_only,67,3614,0.5
M3,B,af_known_only,68,3614,0.5
M3,B,af_known_only,69,3614,0.5
M3,B,af_known_only,70,3614,0.5
M3,B,af_known_only,71,3614,0.5
M3,B,af_known_only,72,3614,0.5
M3,B,af_known_only,73,3614,0.5
M3,B,af_known_only,74,3614,0.5
M3,B,af_known_only,75,3614,0.5
M3,B,af_known_only,76,3614,0.5
M3,B,af_known_only,77,3614,0.5
M3,B,af_known_only,78,3614,0.5
M3,B,af_known_only,79,3614,0.5
M3,B,af_known_only,80,3614,0.5
M3,B,af_known_only,81,3614,0.5
M3,B,af_known_only,82,3614,0.5
M3,B,af_known_only,83,3614,0.5
M3,B,af_known_only,84,3614,0.5
M3,B,af_known_only,85,3614,0.5
M3,B,af_known_only,86,3614,0.5
M3,B,af_known_only,87,3614,0.5
M3,B,af_known_only,88,3614,0.5
M3,B,af_known_only,89,3614,0.5
M3,B,af_known_only,90,3614,0.5
M3,B,af_known_only,91,3614,0.5
M3,B,af_known_only,92,3614,0.5
M3,B,af_known_only,93,3614,0.5
M3,B,af_known_only,94,3614,0.5
M3,B,af_known_only,95,3614,0.5
M3,B,af_known_only,96,3614,0.5
M3,B,af_known_only,97,3614,0.5
M3,B,af_known_only,98,3614,0.5
M3,B,af_known_only,99,3614,0.5
M4,B,all_eligible,0,30204,0.5
M4,B,all_eligible,1,30204,0.5
M4,B,all_eligible,2,30204,0.5
M4,B,all_eligible,3,30204,0.5
M4,B,all_eligible,4,30204,0.5
M4,B,all_eligible,5,30204,0.5
M4,B,all_eligible,6,30204,0.5
M4,B,all_eligible,7,30204,0.5
M4,B,all_eligible,8,30204,0.5
M4,B,all_eligible,9,30204,0.5
M4,B,all_eligible,10,30204,0.5
M4,B,all_eligible,11,30204,0.5
M4,B,all_eligible,12,30204,0.5
M4,B,all_eligible,13,30204,0.5
M4,B,all_eligible,14,30204,0.5
M4,B,all_eligible,15,30204,0.5
M4,B,all_eligible,16,30204,0.5
M4,B,all_eligible,17,30204,0.5
M4,B,all_eligible,18,30204,0.5
M4,B,all_eligible,19,30204,0.5
M4,B,all_eligible,20,30204,0.5
M4,B,all_eligible,21,30204,0.5
M4,B,all_eligible,22,30204,0.5
M4,B,all_eligible,23,30204,0.5
M4,B,all_eligible,24,30204,0.5
M4,B,all_eligible,25,30204,0.5
M4,B,all_eligible,26,30204,0.5
M4,B,all_eligible,27,30204,0.5
M4,B,all_eligible,28,30204,0.5
M4,B,all_eligible,29,30204,0.5
M4,B,all_eligible,30,30204,0.5
M4,B,all_eligible,31,30204,0.5
M4,B,all_eligible,32,30204,0.5
M4,B,all_eligible,33,30204,0.5
M4,B,all_eligible,34,30204,0.5
M4,B,all_eligible,35,30204,0.5
M4,B,all_eligible,36,30204,0.5
M4,B,all_eligible,37,30204,0.5
M4,B,all_eligible,38,30204,0.5
M4,B,all_eligible,39,30204,0.5
M4,B,all_eligible,40,30204,0.5
M4,B,all_eligible,41,30204,0.5
M4,B,all_eligible,42,30204,0.5
M4,B,all_eligible,43,30204,0.5
M4,B,all_eligible,44,30204,0.5
M4,B,all_eligible,45,30204,0.5
M4,B,all_eligible,46,30204,0.5
M4,B,all_eligible,47,30204,0.5
M4,B,all_eligible,48,30204,0.5
M4,B,all_eligible,49,30204,0.5
M4,B,all_eligible,50,30204,0.5
M4,B,all_eligible,51,30204,0.5
M4,B,all_eligible,52,30204,0.5
M4,B,all_eligible,53,30204,0.5
M4,B,all_eligible,54,30204,0.5
M4,B,all_eligible,55,30204,0.5
M4,B,all_eligible,56,30204,0.5
M4,B,all_eligible,57,30204,0.5
M4,B,all_eligible,58,30204,0.5
M4,B,all_eligible,59,30204,0.5
M4,B,all_eligible,60,30204,0.5
M4,B,all_eligible,61,30204,0.5
M4,B,all_eligible,62,30204,0.5
M4,B,all_eligible,63,30204,0.5
M4,B,all_eligible,64,30204,0.5
M4,B,all_eligible,65,30204,0.5
M4,B,all_eligible,66,30204,0.5
M4,B,all_eligible,67,30204,0.5
M4,B,all_eligible,68,30204,0.5
M4,B,all_eligible,69,30204,0.5
M4,B,all_eligible,70,30204,0.5
M4,B,all_eligible,71,30204,0.5
M4,B,all_eligible,72,30204,0.5
M4,B,all_eligible,73,30204,0.5
M4,B,all_eligible,74,30204,0.5
M4,B,all_eligible,75,30204,0.5
M4,B,all_eligible,76,30204,0.5
M4,B,all_eligible,77,30204,0.5
M4,B,all_eligible,78,30204,0.5
M4,B,all_eligible,79,30204,0.5
M4,B,all_eligible,80,30204,0.5
M4,B,all_eligible,81,30204,0.5
M4,B,all_eligible,82,30204,0.5
M4,B,all_eligible,83,30204,0.5
M4,B,all_eligible,84,30204,0.5
M4,B,all_eligible,85,30204,0.5
M4,B,all_eligible,86,30204,0.5
M4,B,all_eligible,87,30204,0.5
M4,B,all_eligible,88,30204,0.5
M4,B,all_eligible,89,30204,0.5
M4,B,all_eligible,90,30204,0.5
M4,B,all_eligible,91,30204,0.5
M4,B,all_eligible,92,30204,0.5
M4,B,all_eligible,93,30204,0.5
M4,B,all_eligible,94,30204,0.5
M4,B,all_eligible,95,30204,0.5
M4,B,all_eligible,96,30204,0.5
M4,B,all_eligible,97,30204,0.5
M4,B,all_eligible,98,30204,0.5
M4,B,all_eligible,99,30204,0.5
M4,B,af_known_only,0,3614,0.5
M4,B,af_known_only,1,3614,0.5
M4,B,af_known_only,2,3614,0.5
M4,B,af_known_only,3,3614,0.5
M4,B,af_known_only,4,3614,0.5
M4,B,af_known_only,5,3614,0.5
M4,B,af_known_only,6,3614,0.5
M4,B,af_known_only,7,3614,0.5
M4,B,af_known_only,8,3614,0.5
M4,B,af_known_only,9,3614,0.5
M4,B,af_known_only,10,3614,0.5
M4,B,af_known_only,11,3614,0.5
M4,B,af_known_only,12,3614,0.5
M4,B,af_known_only,13,3614,0.5
M4,B,af_known_only,14,3614,0.5
M4,B,af_known_only,15,3614,0.5
M4,B,af_known_only,16,3614,0.5
M4,B,af_known_only,17,3614,0.5
M4,B,af_known_only,18,3614,0.5
M4,B,af_known_only,19,3614,0.5
M4,B,af_known_only,20,3614,0.5
M4,B,af_known_only,21,3614,0.5
M4,B,af_known_only,22,3614,0.5
M4,B,af_known_only,23,3614,0.5
M4,B,af_known_only,24,3614,0.5
M4,B,af_known_only,25,3614,0.5
M4,B,af_known_only,26,3614,0.5
M4,B,af_known_only,27,3614,0.5
M4,B,af_known_only,28,3614,0.5
M4,B,af_known_only,29,3614,0.5
M4,B,af_known_only,30,3614,0.5
M4,B,af_known_only,31,3614,0.5
M4,B,af_known_only,32,3614,0.5
M4,B,af_known_only,33,3614,0.5
M4,B,af_known_only,34,3614,0.5
M4,B,af_known_only,35,3614,0.5
M4,B,af_known_only,36,3614,0.5
M4,B,af_known_only,37,3614,0.5
M4,B,af_known_only,38,3614,0.5
M4,B,af_known_only,39,3614,0.5
M4,B,af_known_only,40,3614,0.5
M4,B,af_known_only,41,3614,0.5
M4,B,af_known_only,42,3614,0.5
M4,B,af_known_only,43,3614,0.5
M4,B,af_known_only,44,3614,0.5
M4,B,af_known_only,45,3614,0.5
M4,B,af_known_only,46,3614,0.5
M4,B,af_known_only,47,3614,0.5
M4,B,af_known_only,48,3614,0.5
M4,B,af_known_only,49,3614,0.5
M4,B,af_known_only,50,3614,0.5
M4,B,af_known_only,51,3614,0.5
M4,B,af_known_only,52,3614,0.5
M4,B,af_known_only,53,3614,0.5
M4,B,af_known_only,54,3614,0.5
M4,B,af_known_only,55,3614,0.5
M4,B,af_known_only,56,3614,0.5
M4,B,af_known_only,57,3614,0.5
M4,B,af_known_only,58,3614,0.5
M4,B,af_known_only,59,3614,0.5
M4,B,af_known_only,60,3614,0.5
M4,B,af_known_only,61,3614,0.5
M4,B,af_known_only,62,3614,0.5
M4,B,af_known_only,63,3614,0.5
M4,B,af_known_only,64,3614,0.5
M4,B,af_known_only,65,3614,0.5
M4,B,af_known_only,66,3614,0.5
M4,B,af_known_only,67,3614,0.5
M4,B,af_known_only,68,3614,0.5
M4,B,af_known_only,69,3614,0.5
M4,B,af_known_only,70,3614,0.5
M4,B,af_known_only,71,3614,0.5
M4,B,af_known_only,72,3614,0.5
M4,B,af_known_only,73,3614,0.5
M4,B,af_known_only,74,3614,0.5
M4,B,af_known_only,75,3614,0.5
M4,B,af_known_only,76,3614,0.5
M4,B,af_known_only,77,3614,0.5
M4,B,af_known_only,78,3614,0.5
M4,B,af_known_only,79,3614,0.5
M4,B,af_known_only,80,3614,0.5
M4,B,af_known_only,81,3614,0.5
M4,B,af_known_only,82,3614,0.5
M4,B,af_known_only,83,3614,0.5
M4,B,af_known_only,84,3614,0.5
M4,B,af_known_only,85,3614,0.5
M4,B,af_known_only,86,3614,0.5
M4,B,af_known_only,87,3614,0.5
M4,B,af_known_only,88,3614,0.5
M4,B,af_known_only,89,3614,0.5
M4,B,af_known_only,90,3614,0.5
M4,B,af_known_only,91,3614,0.5
M4,B,af_known_only,92,3614,0.5
M4,B,af_known_only,93,3614,0.5
M4,B,af_known_only,94,3614,0.5
M4,B,af_known_only,95,3614,0.5
M4,B,af_known_only,96,3614,0.5
M4,B,af_known_only,97,3614,0.5
M4,B,af_known_only,98,3614,0.5
M4,B,af_known_only,99,3614,0.5
NT,B,all_eligible,0,30204,0.9063016611309199
NT,B,all_eligible,1,30204,0.9061219118110564
NT,B,all_eligible,2,30204,0.9059363813816018
NT,B,all_eligible,3,30204,0.9056090131712136
NT,B,all_eligible,4,30204,0.905833419754016
NT,B,all_eligible,5,30204,0.9053141239667379
NT,B,all_eligible,6,30204,0.9058707722550445
NT,B,all_eligible,7,30204,0.9058475952013484
NT,B,all_eligible,8,30204,0.9056354457985701
NT,B,all_eligible,9,30204,0.9057148247959432
NT,B,all_eligible,10,30204,0.904803557939942
NT,B,all_eligible,11,30204,0.9055525700739321
NT,B,all_eligible,12,30204,0.9053830785514809
NT,B,all_eligible,13,30204,0.9060531304184475
NT,B,all_eligible,14,30204,0.9061142869725438
NT,B,all_eligible,15,30204,0.9057688015495425
NT,B,all_eligible,16,30204,0.905915153287491
NT,B,all_eligible,17,30204,0.9051059492138226
NT,B,all_eligible,18,30204,0.9048110928939294
NT,B,all_eligible,19,30204,0.905557461107492
NT,B,all_eligible,20,30204,0.906221955480028
NT,B,all_eligible,21,30204,0.9054080204111008
NT,B,all_eligible,22,30204,0.9051943670867527
NT,B,all_eligible,23,30204,0.9056309099185005
NT,B,all_eligible,24,30204,0.9056876007463028
NT,B,all_eligible,25,30204,0.9057318524327251
NT,B,all_eligible,26,30204,0.9057501537989997
NT,B,all_eligible,27,30204,0.9057360112362497
NT,B,all_eligible,28,30204,0.9056885587838043
NT,B,all_eligible,29,30204,0.9061331692997746
NT,B,all_eligible,30,30204,0.9054114995999217
NT,B,all_eligible,31,30204,0.9055353385527392
NT,B,all_eligible,32,30204,0.9056966900448863
NT,B,all_eligible,33,30204,0.9058503684678
NT,B,all_eligible,34,30204,0.9054285776597301
NT,B,all_eligible,35,30204,0.9053556835020119
NT,B,all_eligible,36,30204,0.9053286019522288
NT,B,all_eligible,37,30204,0.9059863747161162
NT,B,all_eligible,38,30204,0.9057124592983139
NT,B,all_eligible,39,30204,0.905237003044025
NT,B,all_eligible,40,30204,0.9054816599526873
NT,B,all_eligible,41,30204,0.9050445251984558
NT,B,all_eligible,42,30204,0.9060296025958721
NT,B,all_eligible,43,30204,0.9057426429603729
NT,B,all_eligible,44,30204,0.9058514821589916
NT,B,all_eligible,45,30204,0.9058090807784074
NT,B,all_eligible,46,30204,0.9056563910852721
NT,B,all_eligible,47,30204,0.9057017871551628
NT,B,all_eligible,48,30204,0.9054946603242743
NT,B,all_eligible,49,30204,0.9054748966902343
NT,B,all_eligible,50,30204,0.9057282723978514
NT,B,all_eligible,51,30204,0.9052054776910028
NT,B,all_eligible,52,30204,0.905570983247787
NT,B,all_eligible,53,30204,0.9056215443894245
NT,B,all_eligible,54,30204,0.9058516948126246
NT,B,all_eligible,55,30204,0.9053774136340812
NT,B,all_eligible,56,30204,0.9062153522558762
NT,B,all_eligible,57,30204,0.905609258709429
NT,B,all_eligible,58,30204,0.9056391157179693
NT,B,all_eligible,59,30204,0.9058104838539244
NT,B,all_eligible,60,30204,0.9053639002630083
NT,B,all_eligible,61,30204,0.9060285064431245
NT,B,all_eligible,62,30204,0.9059923838254788
NT,B,all_eligible,63,30204,0.9055217922970838
NT,B,all_eligible,64,30204,0.9053655992997671
NT,B,all_eligible,65,30204,0.9054318705025839
NT,B,all_eligible,66,30204,0.9052208260217752
NT,B,all_eligible,67,30204,0.9056764265651934
NT,B,all_eligible,68,30204,0.9057891483368443
NT,B,all_eligible,69,30204,0.9059467422173725
NT,B,all_eligible,70,30204,0.90573422012266
NT,B,all_eligible,71,30204,0.9058621192252547
NT,B,all_eligible,72,30204,0.9055782660866423
NT,B,all_eligible,73,30204,0.9054209791288834
NT,B,all_eligible,74,30204,0.9057781495401744
NT,B,all_eligible,75,30204,0.9053829338593182
NT,B,all_eligible,76,30204,0.9056763783344726
NT,B,all_eligible,77,30204,0.9054916042504139
NT,B,all_eligible,78,30204,0.9055218054509168
NT,B,all_eligible,79,30204,0.906149247668277
NT,B,all_eligible,80,30204,0.9051098120561053
NT,B,all_eligible,81,30204,0.9060692614022817
NT,B,all_eligible,82,30204,0.9057562966389975
NT,B,all_eligible,83,30204,0.9057667648977374
NT,B,all_eligible,84,30204,0.9060558159926791
NT,B,all_eligible,85,30204,0.9059346801525374
NT,B,all_eligible,86,30204,0.9054423562997679
NT,B,all_eligible,87,30204,0.9058704324476927
NT,B,all_eligible,88,30204,0.9054497005231771
NT,B,all_eligible,89,30204,0.9058655107218558
NT,B,all_eligible,90,30204,0.9053028292088262
NT,B,all_eligible,91,30204,0.9052888949150982
NT,B,all_eligible,92,30204,0.9057990619422939
NT,B,all_eligible,93,30204,0.9057916672958584
NT,B,all_eligible,94,30204,0.9055787352400183
NT,B,all_eligible,95,30204,0.9053437705139505
NT,B,all_eligible,96,30204,0.9061695330710249
NT,B,all_eligible,97,30204,0.9054909860202641
NT,B,all_eligible,98,30204,0.9062592071350039
NT,B,all_eligible,99,30204,0.9053513405448258
NT,B,af_known_only,0,3614,0.7698699241619859
NT,B,af_known_only,1,3614,0.7658990171959321
NT,B,af_known_only,2,3614,0.771663968046541
NT,B,af_known_only,3,3614,0.7676887735054815
NT,B,af_known_only,4,3614,0.769221275314685
NT,B,af_known_only,5,3614,0.7702303867178276
NT,B,af_known_only,6,3614,0.7706027932326142
NT,B,af_known_only,7,3614,0.7654008928568694
NT,B,af_known_only,8,3614,0.7711885066039375
NT,B,af_known_only,9,3614,0.7741017606926761
NT,B,af_known_only,10,3614,0.7666248423933366
NT,B,af_known_only,11,3614,0.7701741888597163
NT,B,af_known_only,12,3614,0.7715070121757942
NT,B,af_known_only,13,3614,0.7705678801218528
NT,B,af_known_only,14,3614,0.7674880231186044
NT,B,af_known_only,15,3614,0.7696726957117206
NT,B,af_known_only,16,3614,0.7705511892048662
NT,B,af_known_only,17,3614,0.7687439763399361
NT,B,af_known_only,18,3614,0.7679529187513724
NT,B,af_known_only,19,3614,0.7641976155570371
NT,B,af_known_only,20,3614,0.7700625587818877
NT,B,af_known_only,21,3614,0.7621980743275628
NT,B,af_known_only,22,3614,0.7672416406834517
NT,B,af_known_only,23,3614,0.7723201201501019
NT,B,af_known_only,24,3614,0.766940285411618
NT,B,af_known_only,25,3614,0.7681080370899739
NT,B,af_known_only,26,3614,0.7700789434435169
NT,B,af_known_only,27,3614,0.7638549158119334
NT,B,af_known_only,28,3614,0.7736685624894151
NT,B,af_known_only,29,3614,0.7668285022061104
NT,B,af_known_only,30,3614,0.7719523074656788
NT,B,af_known_only,31,3614,0.7681316187525056
NT,B,af_known_only,32,3614,0.7664945307386971
NT,B,af_known_only,33,3614,0.76856941078613
NT,B,af_known_only,34,3614,0.7674671977542907
NT,B,af_known_only,35,3614,0.7711140865520516
NT,B,af_known_only,36,3614,0.7712352105459644
NT,B,af_known_only,37,3614,0.7691987655459047
NT,B,af_known_only,38,3614,0.770737698717617
NT,B,af_known_only,39,3614,0.7683793793367673
NT,B,af_known_only,40,3614,0.7690117966501177
NT,B,af_known_only,41,3614,0.7692877327272744
NT,B,af_known_only,42,3614,0.7719492449121031
NT,B,af_known_only,43,3614,0.774411997369879
NT,B,af_known_only,44,3614,0.7697218496966082
NT,B,af_known_only,45,3614,0.7704253182529112
NT,B,af_known_only,46,3614,0.7728471856204534
NT,B,af_known_only,47,3614,0.7718310303440871
NT,B,af_known_only,48,3614,0.7661282493310617
NT,B,af_known_only,49,3614,0.7746130540121137
NT,B,af_known_only,50,3614,0.7712554233995631
NT,B,af_known_only,51,3614,0.7694999676900598
NT,B,af_known_only,52,3614,0.7665908480486481
NT,B,af_known_only,53,3614,0.7701329975141252
NT,B,af_known_only,54,3614,0.7718419024092803
NT,B,af_known_only,55,3614,0.7651384320154451
NT,B,af_known_only,56,3614,0.7706788976889665
NT,B,af_known_only,57,3614,0.772075268991737
NT,B,af_known_only,58,3614,0.7744749328458564
NT,B,af_known_only,59,3614,0.7702337555267608
NT,B,af_known_only,60,3614,0.774555784260251
NT,B,af_known_only,61,3614,0.7667043156586221
NT,B,af_known_only,62,3614,0.7715953668464488
NT,B,af_known_only,63,3614,0.7723799930725038
NT,B,af_known_only,64,3614,0.7736409995072351
NT,B,af_known_only,65,3614,0.7714117667595948
NT,B,af_known_only,66,3614,0.7708003279382368
NT,B,af_known_only,67,3614,0.7669853049491785
NT,B,af_known_only,68,3614,0.771539475243695
NT,B,af_known_only,69,3614,0.765212698939652
NT,B,af_known_only,70,3614,0.765394308366682
NT,B,af_known_only,71,3614,0.7754237119435609
NT,B,af_known_only,72,3614,0.7714051822694074
NT,B,af_known_only,73,3614,0.7698650240762649
NT,B,af_known_only,74,3614,0.7645098428940641
NT,B,af_known_only,75,3614,0.77391341364778
NT,B,af_known_only,76,3614,0.7675180361436448
NT,B,af_known_only,77,3614,0.768729582338131
NT,B,af_known_only,78,3614,0.7773281608845145
NT,B,af_known_only,79,3614,0.7655103791471952
NT,B,af_known_only,80,3614,0.7717226159475127
NT,B,af_known_only,81,3614,0.7735776046482213
NT,B,af_known_only,82,3614,0.7663729473617479
NT,B,af_known_only,83,3614,0.7738504781718025
NT,B,af_known_only,84,3614,0.7729784160411656
NT,B,af_known_only,85,3614,0.7620875161434856
NT,B,af_known_only,86,3614,0.7639757335504888
NT,B,af_known_only,87,3614,0.770910273611599
NT,B,af_known_only,88,3614,0.7695976631491197
NT,B,af_known_only,89,3614,0.771191569157513
NT,B,af_known_only,90,3614,0.7669611107759317
NT,B,af_known_only,91,3614,0.7649872949964919
NT,B,af_known_only,92,3614,0.7752309241959802
NT,B,af_known_only,93,3614,0.7623221077473724
NT,B,af_known_only,94,3614,0.7684807498601178
NT,B,af_known_only,95,3614,0.7676016438562572
NT,B,af_known_only,96,3614,0.7691707431806886
NT,B,af_known_only,97,3614,0.7718751311155749
NT,B,af_known_only,98,3614,0.7687519389792326
NT,B,af_known_only,99,3614,0.7663283872072237
DNABERT-2 seed 42,B,all_eligible,0,30204,0.6671954814444052
DNABERT-2 seed 42,B,all_eligible,1,30204,0.6676190041738165
DNABERT-2 seed 42,B,all_eligible,2,30204,0.6676581543653511
DNABERT-2 seed 42,B,all_eligible,3,30204,0.6688955770868017
DNABERT-2 seed 42,B,all_eligible,4,30204,0.6675713017985446
DNABERT-2 seed 42,B,all_eligible,5,30204,0.6679569787581908
DNABERT-2 seed 42,B,all_eligible,6,30204,0.6684756760460686
DNABERT-2 seed 42,B,all_eligible,7,30204,0.6676364878101413
DNABERT-2 seed 42,B,all_eligible,8,30204,0.6673865255221805
DNABERT-2 seed 42,B,all_eligible,9,30204,0.6678539973998555
DNABERT-2 seed 42,B,all_eligible,10,30204,0.6668841894102139
DNABERT-2 seed 42,B,all_eligible,11,30204,0.6668698780399407
DNABERT-2 seed 42,B,all_eligible,12,30204,0.6669757532415298
DNABERT-2 seed 42,B,all_eligible,13,30204,0.6666237544789021
DNABERT-2 seed 42,B,all_eligible,14,30204,0.6670895689736227
DNABERT-2 seed 42,B,all_eligible,15,30204,0.6678486328283085
DNABERT-2 seed 42,B,all_eligible,16,30204,0.6677058852405944
DNABERT-2 seed 42,B,all_eligible,17,30204,0.6683160520906518
DNABERT-2 seed 42,B,all_eligible,18,30204,0.6671894043735723
DNABERT-2 seed 42,B,all_eligible,19,30204,0.6681976259401022
DNABERT-2 seed 42,B,all_eligible,20,30204,0.668394696665684
DNABERT-2 seed 42,B,all_eligible,21,30204,0.6654934850731443
DNABERT-2 seed 42,B,all_eligible,22,30204,0.6680417683655263
DNABERT-2 seed 42,B,all_eligible,23,30204,0.6666715094695057
DNABERT-2 seed 42,B,all_eligible,24,30204,0.6672640063372712
DNABERT-2 seed 42,B,all_eligible,25,30204,0.6671267921286271
DNABERT-2 seed 42,B,all_eligible,26,30204,0.6688165247429474
DNABERT-2 seed 42,B,all_eligible,27,30204,0.6671889132971414
DNABERT-2 seed 42,B,all_eligible,28,30204,0.6674807157354796
DNABERT-2 seed 42,B,all_eligible,29,30204,0.667244117741818
DNABERT-2 seed 42,B,all_eligible,30,30204,0.667258543111977
DNABERT-2 seed 42,B,all_eligible,31,30204,0.667625043975456
DNABERT-2 seed 42,B,all_eligible,32,30204,0.667567903725027
DNABERT-2 seed 42,B,all_eligible,33,30204,0.6688334734567314
DNABERT-2 seed 42,B,all_eligible,34,30204,0.6668840907564666
DNABERT-2 seed 42,B,all_eligible,35,30204,0.6669789803152189
DNABERT-2 seed 42,B,all_eligible,36,30204,0.6676381978084276
DNABERT-2 seed 42,B,all_eligible,37,30204,0.667739059207349
DNABERT-2 seed 42,B,all_eligible,38,30204,0.6686823512620252
DNABERT-2 seed 42,B,all_eligible,39,30204,0.6678585924721736
DNABERT-2 seed 42,B,all_eligible,40,30204,0.6677421065119874
DNABERT-2 seed 42,B,all_eligible,41,30204,0.6682029335117063
DNABERT-2 seed 42,B,all_eligible,42,30204,0.6674917430321209
DNABERT-2 seed 42,B,all_eligible,43,30204,0.6669978451040057
DNABERT-2 seed 42,B,all_eligible,44,30204,0.6667901395044663
DNABERT-2 seed 42,B,all_eligible,45,30204,0.6675352931807846
DNABERT-2 seed 42,B,all_eligible,46,30204,0.6679391070837933
DNABERT-2 seed 42,B,all_eligible,47,30204,0.6669278579433744
DNABERT-2 seed 42,B,all_eligible,48,30204,0.6667836415109784
DNABERT-2 seed 42,B,all_eligible,49,30204,0.6675235731156068
DNABERT-2 seed 42,B,all_eligible,50,30204,0.6669987899876741
DNABERT-2 seed 42,B,all_eligible,51,30204,0.6682419960110212
DNABERT-2 seed 42,B,all_eligible,52,30204,0.6669444361575296
DNABERT-2 seed 42,B,all_eligible,53,30204,0.6670626869236396
DNABERT-2 seed 42,B,all_eligible,54,30204,0.6671972703656893
DNABERT-2 seed 42,B,all_eligible,55,30204,0.6671778355774737
DNABERT-2 seed 42,B,all_eligible,56,30204,0.6678091296755891
DNABERT-2 seed 42,B,all_eligible,57,30204,0.667814073324481
DNABERT-2 seed 42,B,all_eligible,58,30204,0.6661153215653531
DNABERT-2 seed 42,B,all_eligible,59,30204,0.6677955724584063
DNABERT-2 seed 42,B,all_eligible,60,30204,0.6680415469426713
DNABERT-2 seed 42,B,all_eligible,61,30204,0.6679298972084077
DNABERT-2 seed 42,B,all_eligible,62,30204,0.6673452202943438
DNABERT-2 seed 42,B,all_eligible,63,30204,0.6671787037304499
DNABERT-2 seed 42,B,all_eligible,64,30204,0.6674024394677707
DNABERT-2 seed 42,B,all_eligible,65,30204,0.6683431643327119
DNABERT-2 seed 42,B,all_eligible,66,30204,0.6677509590415773
DNABERT-2 seed 42,B,all_eligible,67,30204,0.6686780718816985
DNABERT-2 seed 42,B,all_eligible,68,30204,0.6683937868589035
DNABERT-2 seed 42,B,all_eligible,69,30204,0.6675085514383532
DNABERT-2 seed 42,B,all_eligible,70,30204,0.6676330108136258
DNABERT-2 seed 42,B,all_eligible,71,30204,0.6671221225179221
DNABERT-2 seed 42,B,all_eligible,72,30204,0.6672204254963305
DNABERT-2 seed 42,B,all_eligible,73,30204,0.6672721529444916
DNABERT-2 seed 42,B,all_eligible,74,30204,0.6669335601299676
DNABERT-2 seed 42,B,all_eligible,75,30204,0.6678562094361002
DNABERT-2 seed 42,B,all_eligible,76,30204,0.6682059523163734
DNABERT-2 seed 42,B,all_eligible,77,30204,0.6681223290155613
DNABERT-2 seed 42,B,all_eligible,78,30204,0.6667964007289608
DNABERT-2 seed 42,B,all_eligible,79,30204,0.6674790605448307
DNABERT-2 seed 42,B,all_eligible,80,30204,0.6672564034218136
DNABERT-2 seed 42,B,all_eligible,81,30204,0.6675774095616545
DNABERT-2 seed 42,B,all_eligible,82,30204,0.6672994427632969
DNABERT-2 seed 42,B,all_eligible,83,30204,0.6679478368442755
DNABERT-2 seed 42,B,all_eligible,84,30204,0.6672238915313186
DNABERT-2 seed 42,B,all_eligible,85,30204,0.6691099736027126
DNABERT-2 seed 42,B,all_eligible,86,30204,0.6682301159075423
DNABERT-2 seed 42,B,all_eligible,87,30204,0.6675558372755809
DNABERT-2 seed 42,B,all_eligible,88,30204,0.6671171657151973
DNABERT-2 seed 42,B,all_eligible,89,30204,0.6681027780351544
DNABERT-2 seed 42,B,all_eligible,90,30204,0.6687653892172699
DNABERT-2 seed 42,B,all_eligible,91,30204,0.6675781461763008
DNABERT-2 seed 42,B,all_eligible,92,30204,0.6680017982517363
DNABERT-2 seed 42,B,all_eligible,93,30204,0.6676783674220176
DNABERT-2 seed 42,B,all_eligible,94,30204,0.6665154151259363
DNABERT-2 seed 42,B,all_eligible,95,30204,0.667020460927495
DNABERT-2 seed 42,B,all_eligible,96,30204,0.6685592686546037
DNABERT-2 seed 42,B,all_eligible,97,30204,0.6670046960586784
DNABERT-2 seed 42,B,all_eligible,98,30204,0.6689836156908812
DNABERT-2 seed 42,B,all_eligible,99,30204,0.6677708476370305
DNABERT-2 seed 42,B,af_known_only,0,3614,0.6316826067476018
DNABERT-2 seed 42,B,af_known_only,1,3614,0.6317809147173769
DNABERT-2 seed 42,B,af_known_only,2,3614,0.6328987467724514
DNABERT-2 seed 42,B,af_known_only,3,3614,0.6353521584418217
DNABERT-2 seed 42,B,af_known_only,4,3614,0.6399551764658683
DNABERT-2 seed 42,B,af_known_only,5,3614,0.6294215234427757
DNABERT-2 seed 42,B,af_known_only,6,3614,0.6319015793282534
DNABERT-2 seed 42,B,af_known_only,7,3614,0.6288231004741139
DNABERT-2 seed 42,B,af_known_only,8,3614,0.6348388744625602
DNABERT-2 seed 42,B,af_known_only,9,3614,0.6443493283360626
DNABERT-2 seed 42,B,af_known_only,10,3614,0.6332714595425953
DNABERT-2 seed 42,B,af_known_only,11,3614,0.6393751288186598
DNABERT-2 seed 42,B,af_known_only,12,3614,0.6345231251889213
DNABERT-2 seed 42,B,af_known_only,13,3614,0.6327278562829358
DNABERT-2 seed 42,B,af_known_only,14,3614,0.6371633526264
DNABERT-2 seed 42,B,af_known_only,15,3614,0.6266459311372579
DNABERT-2 seed 42,B,af_known_only,16,3614,0.6389359586359263
DNABERT-2 seed 42,B,af_known_only,17,3614,0.6318400220013849
DNABERT-2 seed 42,B,af_known_only,18,3614,0.6343047651189848
DNABERT-2 seed 42,B,af_known_only,19,3614,0.6399873332784115
DNABERT-2 seed 42,B,af_known_only,20,3614,0.6299476701470547
DNABERT-2 seed 42,B,af_known_only,21,3614,0.6310321203681557
DNABERT-2 seed 42,B,af_known_only,22,3614,0.6323395244895565
DNABERT-2 seed 42,B,af_known_only,23,3614,0.6398222616406896
DNABERT-2 seed 42,B,af_known_only,24,3614,0.636928148511798
DNABERT-2 seed 42,B,af_known_only,25,3614,0.6393227591525179
DNABERT-2 seed 42,B,af_known_only,26,3614,0.6251265983084292
DNABERT-2 seed 42,B,af_known_only,27,3614,0.6357867347941918
DNABERT-2 seed 42,B,af_known_only,28,3614,0.6382502528903615
DNABERT-2 seed 42,B,af_known_only,29,3614,0.6247468416650613
DNABERT-2 seed 42,B,af_known_only,30,3614,0.6417403389450544
DNABERT-2 seed 42,B,af_known_only,31,3614,0.6386015277854767
DNABERT-2 seed 42,B,af_known_only,32,3614,0.6341886943384716
DNABERT-2 seed 42,B,af_known_only,33,3614,0.6375820037001773
DNABERT-2 seed 42,B,af_known_only,34,3614,0.6406681389382556
DNABERT-2 seed 42,B,af_known_only,35,3614,0.6339957534632121
DNABERT-2 seed 42,B,af_known_only,36,3614,0.6293351594319453
DNABERT-2 seed 42,B,af_known_only,37,3614,0.639930676037264
DNABERT-2 seed 42,B,af_known_only,38,3614,0.6358433920353395
DNABERT-2 seed 42,B,af_known_only,39,3614,0.640592187609582
DNABERT-2 seed 42,B,af_known_only,40,3614,0.6296257957662647
DNABERT-2 seed 42,B,af_known_only,41,3614,0.6320657321999027
DNABERT-2 seed 42,B,af_known_only,42,3614,0.6342487203885523
DNABERT-2 seed 42,B,af_known_only,43,3614,0.6335382079590255
DNABERT-2 seed 42,B,af_known_only,44,3614,0.6380413867365092
DNABERT-2 seed 42,B,af_known_only,45,3614,0.6278155203477591
DNABERT-2 seed 42,B,af_known_only,46,3614,0.6394274984848016
DNABERT-2 seed 42,B,af_known_only,47,3614,0.637048506867317
DNABERT-2 seed 42,B,af_known_only,48,3614,0.638207989651019
DNABERT-2 seed 42,B,af_known_only,49,3614,0.6311105217396897
DNABERT-2 seed 42,B,af_known_only,50,3614,0.6394982434723967
DNABERT-2 seed 42,B,af_known_only,51,3614,0.636734901381181
DNABERT-2 seed 42,B,af_known_only,52,3614,0.6398721812639709
DNABERT-2 seed 42,B,af_known_only,53,3614,0.6395025310474025
DNABERT-2 seed 42,B,af_known_only,54,3614,0.6307445465874119
DNABERT-2 seed 42,B,af_known_only,55,3614,0.6414362273750026
DNABERT-2 seed 42,B,af_known_only,56,3614,0.6383825552048251
DNABERT-2 seed 42,B,af_known_only,57,3614,0.6361294345392955
DNABERT-2 seed 42,B,af_known_only,58,3614,0.6373798751641911
DNABERT-2 seed 42,B,af_known_only,59,3614,0.6325453280898333
DNABERT-2 seed 42,B,af_known_only,60,3614,0.6449612265404568
DNABERT-2 seed 42,B,af_known_only,61,3614,0.6382018645438678
DNABERT-2 seed 42,B,af_known_only,62,3614,0.6404108844379096
DNABERT-2 seed 42,B,af_known_only,63,3614,0.6344229796870009
DNABERT-2 seed 42,B,af_known_only,64,3614,0.636888947826031
DNABERT-2 seed 42,B,af_known_only,65,3614,0.638345498306561
DNABERT-2 seed 42,B,af_known_only,66,3614,0.6345387442121566
DNABERT-2 seed 42,B,af_known_only,67,3614,0.6346370521819316
DNABERT-2 seed 42,B,af_known_only,68,3614,0.6377951574290353
DNABERT-2 seed 42,B,af_known_only,69,3614,0.6315849112885419
DNABERT-2 seed 42,B,af_known_only,70,3614,0.6389647466395365
DNABERT-2 seed 42,B,af_known_only,71,3614,0.6377290062718035
DNABERT-2 seed 42,B,af_known_only,72,3614,0.6339100019630969
DNABERT-2 seed 42,B,af_known_only,73,3614,0.6347656794321046
DNABERT-2 seed 42,B,af_known_only,74,3614,0.6311423722968754
DNABERT-2 seed 42,B,af_known_only,75,3614,0.6330567745369495
DNABERT-2 seed 42,B,af_known_only,76,3614,0.6309607628698455
DNABERT-2 seed 42,B,af_known_only,77,3614,0.6392520141649228
DNABERT-2 seed 42,B,af_known_only,78,3614,0.6301360171919508
DNABERT-2 seed 42,B,af_known_only,79,3614,0.6389301397841328
DNABERT-2 seed 42,B,af_known_only,80,3614,0.6370252314601429
DNABERT-2 seed 42,B,af_known_only,81,3614,0.6347748670928312
DNABERT-2 seed 42,B,af_known_only,82,3614,0.6381369384080663
DNABERT-2 seed 42,B,af_known_only,83,3614,0.6460784460848162
DNABERT-2 seed 42,B,af_known_only,84,3614,0.6412267487104353
DNABERT-2 seed 42,B,af_known_only,85,3614,0.6288825140134795
DNABERT-2 seed 42,B,af_known_only,86,3614,0.6295455568625854
DNABERT-2 seed 42,B,af_known_only,87,3614,0.6341393872259052
DNABERT-2 seed 42,B,af_known_only,88,3614,0.6290613671422914
DNABERT-2 seed 42,B,af_known_only,89,3614,0.6373195428587529
DNABERT-2 seed 42,B,af_known_only,90,3614,0.6343237529511532
DNABERT-2 seed 42,B,af_known_only,91,3614,0.6341497999080622
DNABERT-2 seed 42,B,af_known_only,92,3614,0.6390930676343519
DNABERT-2 seed 42,B,af_known_only,93,3614,0.6385157762853614
DNABERT-2 seed 42,B,af_known_only,94,3614,0.632364637428876
DNABERT-2 seed 42,B,af_known_only,95,3614,0.6399922333641325
DNABERT-2 seed 42,B,af_known_only,96,3614,0.6398847377336307
DNABERT-2 seed 42,B,af_known_only,97,3614,0.6409679629333016
DNABERT-2 seed 42,B,af_known_only,98,3614,0.6411275219745876
DNABERT-2 seed 42,B,af_known_only,99,3614,0.6281830267768247
DNABERT-2 seed 1,B,all_eligible,0,30204,0.6697960599920716
DNABERT-2 seed 1,B,all_eligible,1,30204,0.6697437121214552
DNABERT-2 seed 1,B,all_eligible,2,30204,0.6696164926335642
DNABERT-2 seed 1,B,all_eligible,3,30204,0.671383109401604
DNABERT-2 seed 1,B,all_eligible,4,30204,0.6700598973815121
DNABERT-2 seed 1,B,all_eligible,5,30204,0.6696639538552315
DNABERT-2 seed 1,B,all_eligible,6,30204,0.6704063868804301
DNABERT-2 seed 1,B,all_eligible,7,30204,0.6701544690559674
DNABERT-2 seed 1,B,all_eligible,8,30204,0.6697315229029015
DNABERT-2 seed 1,B,all_eligible,9,30204,0.6703809977904893
DNABERT-2 seed 1,B,all_eligible,10,30204,0.6691931058270937
DNABERT-2 seed 1,B,all_eligible,11,30204,0.6694462316118842
DNABERT-2 seed 1,B,all_eligible,12,30204,0.6699792556161737
DNABERT-2 seed 1,B,all_eligible,13,30204,0.6703884603983953
DNABERT-2 seed 1,B,all_eligible,14,30204,0.670304278059682
DNABERT-2 seed 1,B,all_eligible,15,30204,0.6709175777142922
DNABERT-2 seed 1,B,all_eligible,16,30204,0.6708565833908025
DNABERT-2 seed 1,B,all_eligible,17,30204,0.6702425208138799
DNABERT-2 seed 1,B,all_eligible,18,30204,0.6699647140538235
DNABERT-2 seed 1,B,all_eligible,19,30204,0.6705065840107864
DNABERT-2 seed 1,B,all_eligible,20,30204,0.6704334508917694
DNABERT-2 seed 1,B,all_eligible,21,30204,0.6694354345073199
DNABERT-2 seed 1,B,all_eligible,22,30204,0.6705480427000077
DNABERT-2 seed 1,B,all_eligible,23,30204,0.6700959125761885
DNABERT-2 seed 1,B,all_eligible,24,30204,0.670057330191777
DNABERT-2 seed 1,B,all_eligible,25,30204,0.6697696295570205
DNABERT-2 seed 1,B,all_eligible,26,30204,0.6705231052249988
DNABERT-2 seed 1,B,all_eligible,27,30204,0.6702480651544774
DNABERT-2 seed 1,B,all_eligible,28,30204,0.6704221517492467
DNABERT-2 seed 1,B,all_eligible,29,30204,0.6708571665440641
DNABERT-2 seed 1,B,all_eligible,30,30204,0.6695624786107714
DNABERT-2 seed 1,B,all_eligible,31,30204,0.6700605550731606
DNABERT-2 seed 1,B,all_eligible,32,30204,0.6703985165037021
DNABERT-2 seed 1,B,all_eligible,33,30204,0.6713909666244989
DNABERT-2 seed 1,B,all_eligible,34,30204,0.6696435303372374
DNABERT-2 seed 1,B,all_eligible,35,30204,0.670397130966629
DNABERT-2 seed 1,B,all_eligible,36,30204,0.6702607629879062
DNABERT-2 seed 1,B,all_eligible,37,30204,0.6703115302062603
DNABERT-2 seed 1,B,all_eligible,38,30204,0.6708471477079507
DNABERT-2 seed 1,B,all_eligible,39,30204,0.6711946895135066
DNABERT-2 seed 1,B,all_eligible,40,30204,0.6704646123220793
DNABERT-2 seed 1,B,all_eligible,41,30204,0.6707794405450345
DNABERT-2 seed 1,B,all_eligible,42,30204,0.6710046407424262
DNABERT-2 seed 1,B,all_eligible,43,30204,0.6700772122103138
DNABERT-2 seed 1,B,all_eligible,44,30204,0.6701592570511692
DNABERT-2 seed 1,B,all_eligible,45,30204,0.6696434667603781
DNABERT-2 seed 1,B,all_eligible,46,30204,0.6704453441490813
DNABERT-2 seed 1,B,all_eligible,47,30204,0.6692501474237753
DNABERT-2 seed 1,B,all_eligible,48,30204,0.668998558445137
DNABERT-2 seed 1,B,all_eligible,49,30204,0.6701005054562011
DNABERT-2 seed 1,B,all_eligible,50,30204,0.670496591482339
DNABERT-2 seed 1,B,all_eligible,51,30204,0.6705249730692808
DNABERT-2 seed 1,B,all_eligible,52,30204,0.6693413495246845
DNABERT-2 seed 1,B,all_eligible,53,30204,0.6699788478473515
DNABERT-2 seed 1,B,all_eligible,54,30204,0.670914846101645
DNABERT-2 seed 1,B,all_eligible,55,30204,0.6690751554068366
DNABERT-2 seed 1,B,all_eligible,56,30204,0.670988492220148
DNABERT-2 seed 1,B,all_eligible,57,30204,0.6698270372687198
DNABERT-2 seed 1,B,all_eligible,58,30204,0.6691763785361646
DNABERT-2 seed 1,B,all_eligible,59,30204,0.6705223423026865
DNABERT-2 seed 1,B,all_eligible,60,30204,0.6709577166356052
DNABERT-2 seed 1,B,all_eligible,61,30204,0.6695334502937085
DNABERT-2 seed 1,B,all_eligible,62,30204,0.6702971574514333
DNABERT-2 seed 1,B,all_eligible,63,30204,0.669264035679088
DNABERT-2 seed 1,B,all_eligible,64,30204,0.6703900892813782
DNABERT-2 seed 1,B,all_eligible,65,30204,0.6707763998173125
DNABERT-2 seed 1,B,all_eligible,66,30204,0.6707495638057448
DNABERT-2 seed 1,B,all_eligible,67,30204,0.6704637419767977
DNABERT-2 seed 1,B,all_eligible,68,30204,0.6705157500400621
DNABERT-2 seed 1,B,all_eligible,69,30204,0.6699399541555597
DNABERT-2 seed 1,B,all_eligible,70,30204,0.6702802503914537
DNABERT-2 seed 1,B,all_eligible,71,30204,0.6702042475445433
DNABERT-2 seed 1,B,all_eligible,72,30204,0.6690783517882487
DNABERT-2 seed 1,B,all_eligible,73,30204,0.669792135765235
DNABERT-2 seed 1,B,all_eligible,74,30204,0.6700798166692422
DNABERT-2 seed 1,B,all_eligible,75,30204,0.671123205008222
DNABERT-2 seed 1,B,all_eligible,76,30204,0.6706356647660431
DNABERT-2 seed 1,B,all_eligible,77,30204,0.6713207580410127
DNABERT-2 seed 1,B,all_eligible,78,30204,0.670044342974023
DNABERT-2 seed 1,B,all_eligible,79,30204,0.6702804827758362
DNABERT-2 seed 1,B,all_eligible,80,30204,0.6699181889466026
DNABERT-2 seed 1,B,all_eligible,81,30204,0.6702274180213229
DNABERT-2 seed 1,B,all_eligible,82,30204,0.6699618750182071
DNABERT-2 seed 1,B,all_eligible,83,30204,0.6706776649547216
DNABERT-2 seed 1,B,all_eligible,84,30204,0.6698395399869594
DNABERT-2 seed 1,B,all_eligible,85,30204,0.6714280275488967
DNABERT-2 seed 1,B,all_eligible,86,30204,0.6706817163352768
DNABERT-2 seed 1,B,all_eligible,87,30204,0.6707356755504322
DNABERT-2 seed 1,B,all_eligible,88,30204,0.6702813114673134
DNABERT-2 seed 1,B,all_eligible,89,30204,0.6706399858001743
DNABERT-2 seed 1,B,all_eligible,90,30204,0.6713279049569273
DNABERT-2 seed 1,B,all_eligible,91,30204,0.6702280888668045
DNABERT-2 seed 1,B,all_eligible,92,30204,0.6696440411444179
DNABERT-2 seed 1,B,all_eligible,93,30204,0.6705161731550228
DNABERT-2 seed 1,B,all_eligible,94,30204,0.6694248873255821
DNABERT-2 seed 1,B,all_eligible,95,30204,0.6701584458981359
DNABERT-2 seed 1,B,all_eligible,96,30204,0.67154215458837
DNABERT-2 seed 1,B,all_eligible,97,30204,0.6700824781281135
DNABERT-2 seed 1,B,all_eligible,98,30204,0.6709088326076714
DNABERT-2 seed 1,B,all_eligible,99,30204,0.6706027451067259
DNABERT-2 seed 1,B,af_known_only,0,3614,0.6438844327032947
DNABERT-2 seed 1,B,af_known_only,1,3614,0.6476694426673126
DNABERT-2 seed 1,B,af_known_only,2,3614,0.650836735575143
DNABERT-2 seed 1,B,af_known_only,3,3614,0.6578879589274815
DNABERT-2 seed 1,B,af_known_only,4,3614,0.6552903009847029
DNABERT-2 seed 1,B,af_known_only,5,3614,0.6463611197798391
DNABERT-2 seed 1,B,af_known_only,6,3614,0.6486531348757782
DNABERT-2 seed 1,B,af_known_only,7,3614,0.6428832839394484
DNABERT-2 seed 1,B,af_known_only,8,3614,0.650937799843136
DNABERT-2 seed 1,B,af_known_only,9,3614,0.657535459010936
DNABERT-2 seed 1,B,af_known_only,10,3614,0.6491382433621448
DNABERT-2 seed 1,B,af_known_only,11,3614,0.6549479074949568
DNABERT-2 seed 1,B,af_known_only,12,3614,0.6519070980497965
DNABERT-2 seed 1,B,af_known_only,13,3614,0.645923174618536
DNABERT-2 seed 1,B,af_known_only,14,3614,0.6487937060848958
DNABERT-2 seed 1,B,af_known_only,15,3614,0.6406445572757239
DNABERT-2 seed 1,B,af_known_only,16,3614,0.6644292671094915
DNABERT-2 seed 1,B,af_known_only,17,3614,0.6535164699537462
DNABERT-2 seed 1,B,af_known_only,18,3614,0.6502615880136553
DNABERT-2 seed 1,B,af_known_only,19,3614,0.6530399366173912
DNABERT-2 seed 1,B,af_known_only,20,3614,0.643281722159627
DNABERT-2 seed 1,B,af_known_only,21,3614,0.6477064995655768
DNABERT-2 seed 1,B,af_known_only,22,3614,0.6437187485548576
DNABERT-2 seed 1,B,af_known_only,23,3614,0.6580916187402553
DNABERT-2 seed 1,B,af_known_only,24,3614,0.6517888834817804
DNABERT-2 seed 1,B,af_known_only,25,3614,0.654921569534207
DNABERT-2 seed 1,B,af_known_only,26,3614,0.6455351490805142
DNABERT-2 seed 1,B,af_known_only,27,3614,0.6569008979100828
DNABERT-2 seed 1,B,af_known_only,28,3614,0.6556121753654928
DNABERT-2 seed 1,B,af_known_only,29,3614,0.6412429802443856
DNABERT-2 seed 1,B,af_known_only,30,3614,0.6607829908224457
DNABERT-2 seed 1,B,af_known_only,31,3614,0.6494576677000743
DNABERT-2 seed 1,B,af_known_only,32,3614,0.652467239098764
DNABERT-2 seed 1,B,af_known_only,33,3614,0.6535308639555514
DNABERT-2 seed 1,B,af_known_only,34,3614,0.6487263299062338
DNABERT-2 seed 1,B,af_known_only,35,3614,0.6533581359338905
DNABERT-2 seed 1,B,af_known_only,36,3614,0.6427316875374589
DNABERT-2 seed 1,B,af_known_only,37,3614,0.6592915272311545
DNABERT-2 seed 1,B,af_known_only,38,3614,0.6538469194845478
DNABERT-2 seed 1,B,af_known_only,39,3614,0.6573330242195924
DNABERT-2 seed 1,B,af_known_only,40,3614,0.6518342092746985
DNABERT-2 seed 1,B,af_known_only,41,3614,0.6465531418890259
DNABERT-2 seed 1,B,af_known_only,42,3614,0.6513953453473227
DNABERT-2 seed 1,B,af_known_only,43,3614,0.6505647808176345
DNABERT-2 seed 1,B,af_known_only,44,3614,0.651797458631792
DNABERT-2 seed 1,B,af_known_only,45,3614,0.6463589759923363
DNABERT-2 seed 1,B,af_known_only,46,3614,0.6602547003306639
DNABERT-2 seed 1,B,af_known_only,47,3614,0.6518724911943928
DNABERT-2 seed 1,B,af_known_only,48,3614,0.6522430601770339
DNABERT-2 seed 1,B,af_known_only,49,3614,0.6498337492791515
DNABERT-2 seed 1,B,af_known_only,50,3614,0.6504321722478132
DNABERT-2 seed 1,B,af_known_only,51,3614,0.6538656010613586
DNABERT-2 seed 1,B,af_known_only,52,3614,0.651915673199808
DNABERT-2 seed 1,B,af_known_only,53,3614,0.6548116238608449
DNABERT-2 seed 1,B,af_known_only,54,3614,0.6500616032651721
DNABERT-2 seed 1,B,af_known_only,55,3614,0.6549374948127998
DNABERT-2 seed 1,B,af_known_only,56,3614,0.6541035614741786
DNABERT-2 seed 1,B,af_known_only,57,3614,0.6509099306055985
DNABERT-2 seed 1,B,af_known_only,58,3614,0.6523006361842543
DNABERT-2 seed 1,B,af_known_only,59,3614,0.6465825424033512
DNABERT-2 seed 1,B,af_known_only,60,3614,0.6574662453001288
DNABERT-2 seed 1,B,af_known_only,61,3614,0.6545268063783191
DNABERT-2 seed 1,B,af_known_only,62,3614,0.6584395248264374
DNABERT-2 seed 1,B,af_known_only,63,3614,0.6561110653429494
DNABERT-2 seed 1,B,af_known_only,64,3614,0.6469907807949715
DNABERT-2 seed 1,B,af_known_only,65,3614,0.6564944970506078
DNABERT-2 seed 1,B,af_known_only,66,3614,0.6497633105469138
DNABERT-2 seed 1,B,af_known_only,67,3614,0.6444378361343959
DNABERT-2 seed 1,B,af_known_only,68,3614,0.6523499432968205
DNABERT-2 seed 1,B,af_known_only,69,3614,0.6482844034252824
DNABERT-2 seed 1,B,af_known_only,70,3614,0.6519597739712959
DNABERT-2 seed 1,B,af_known_only,71,3614,0.6508275479144163
DNABERT-2 seed 1,B,af_known_only,72,3614,0.648292978575294
DNABERT-2 seed 1,B,af_known_only,73,3614,0.6548759374859314
DNABERT-2 seed 1,B,af_known_only,74,3614,0.6482491840591637
DNABERT-2 seed 1,B,af_known_only,75,3614,0.6485346140524045
DNABERT-2 seed 1,B,af_known_only,76,3614,0.6502162622207373
DNABERT-2 seed 1,B,af_known_only,77,3614,0.6528179014831641
DNABERT-2 seed 1,B,af_known_only,78,3614,0.6482672531252593
DNABERT-2 seed 1,B,af_known_only,79,3614,0.6529544913726335
DNABERT-2 seed 1,B,af_known_only,80,3614,0.6504196157781535
DNABERT-2 seed 1,B,af_known_only,81,3614,0.6523845501522242
DNABERT-2 seed 1,B,af_known_only,82,3614,0.6564944970506078
DNABERT-2 seed 1,B,af_known_only,83,3614,0.6587583366536518
DNABERT-2 seed 1,B,af_known_only,84,3614,0.6584291121442806
DNABERT-2 seed 1,B,af_known_only,85,3614,0.6439551776908897
DNABERT-2 seed 1,B,af_known_only,86,3614,0.6477346750584718
DNABERT-2 seed 1,B,af_known_only,87,3614,0.6475934913386391
DNABERT-2 seed 1,B,af_known_only,88,3614,0.6476032915100809
DNABERT-2 seed 1,B,af_known_only,89,3614,0.6525306339577778
DNABERT-2 seed 1,B,af_known_only,90,3614,0.6525450279595829
DNABERT-2 seed 1,B,af_known_only,91,3614,0.6483245228771221
DNABERT-2 seed 1,B,af_known_only,92,3614,0.6539234833239363
DNABERT-2 seed 1,B,af_known_only,93,3614,0.6550737784469117
DNABERT-2 seed 1,B,af_known_only,94,3614,0.6464762717942797
DNABERT-2 seed 1,B,af_known_only,95,3614,0.6528105513545828
DNABERT-2 seed 1,B,af_known_only,96,3614,0.6569177419547483
DNABERT-2 seed 1,B,af_known_only,97,3614,0.6571740776890216
DNABERT-2 seed 1,B,af_known_only,98,3614,0.6567140821419745
DNABERT-2 seed 1,B,af_known_only,99,3614,0.6463007874744009
DNABERT-2 seed 2,B,all_eligible,0,30204,0.6701570318610914
DNABERT-2 seed 2,B,all_eligible,1,30204,0.6703941888926543
DNABERT-2 seed 2,B,all_eligible,2,30204,0.6708291357260016
DNABERT-2 seed 2,B,all_eligible,3,30204,0.6717228641380405
DNABERT-2 seed 2,B,all_eligible,4,30204,0.6704698278168526
DNABERT-2 seed 2,B,all_eligible,5,30204,0.6713142578552191
DNABERT-2 seed 2,B,all_eligible,6,30204,0.6710865189680639
DNABERT-2 seed 2,B,all_eligible,7,30204,0.6703286433429565
DNABERT-2 seed 2,B,all_eligible,8,30204,0.6706443112189164
DNABERT-2 seed 2,B,all_eligible,9,30204,0.6711358019955979
DNABERT-2 seed 2,B,all_eligible,10,30204,0.6708423180589447
DNABERT-2 seed 2,B,all_eligible,11,30204,0.6699272256298542
DNABERT-2 seed 2,B,all_eligible,12,30204,0.6699590885979226
DNABERT-2 seed 2,B,all_eligible,13,30204,0.6697687592117388
DNABERT-2 seed 2,B,all_eligible,14,30204,0.6701540437487014
DNABERT-2 seed 2,B,all_eligible,15,30204,0.6708967968505024
DNABERT-2 seed 2,B,all_eligible,16,30204,0.6717592805246225
DNABERT-2 seed 2,B,all_eligible,17,30204,0.671112710441816
DNABERT-2 seed 2,B,all_eligible,18,30204,0.6699255660545943
DNABERT-2 seed 2,B,all_eligible,19,30204,0.6717673306704013
DNABERT-2 seed 2,B,all_eligible,20,30204,0.671040980398316
DNABERT-2 seed 2,B,all_eligible,21,30204,0.6695456745891502
DNABERT-2 seed 2,B,all_eligible,22,30204,0.6709491885672285
DNABERT-2 seed 2,B,all_eligible,23,30204,0.6704219697878906
DNABERT-2 seed 2,B,all_eligible,24,30204,0.670862097039123
DNABERT-2 seed 2,B,all_eligible,25,30204,0.6706474418311636
DNABERT-2 seed 2,B,all_eligible,26,30204,0.6713911792781321
DNABERT-2 seed 2,B,all_eligible,27,30204,0.6706649123136555
DNABERT-2 seed 2,B,all_eligible,28,30204,0.6714791345746026
DNABERT-2 seed 2,B,all_eligible,29,30204,0.6710320445611172
DNABERT-2 seed 2,B,all_eligible,30,30204,0.670978922806661
DNABERT-2 seed 2,B,all_eligible,31,30204,0.6708197110046773
DNABERT-2 seed 2,B,all_eligible,32,30204,0.6712816933493922
DNABERT-2 seed 2,B,all_eligible,33,30204,0.6716674558089527
DNABERT-2 seed 2,B,all_eligible,34,30204,0.6704986785571705
DNABERT-2 seed 2,B,all_eligible,35,30204,0.6701463575256349
DNABERT-2 seed 2,B,all_eligible,36,30204,0.6705593133425589
DNABERT-2 seed 2,B,all_eligible,37,30204,0.6719763626147652
DNABERT-2 seed 2,B,all_eligible,38,30204,0.6713821732871574
DNABERT-2 seed 2,B,all_eligible,39,30204,0.6711586545880807
DNABERT-2 seed 2,B,all_eligible,40,30204,0.6713927116996732
DNABERT-2 seed 2,B,all_eligible,41,30204,0.6712544320305585
DNABERT-2 seed 2,B,all_eligible,42,30204,0.6710958077664474
DNABERT-2 seed 2,B,all_eligible,43,30204,0.6701573782453597
DNABERT-2 seed 2,B,all_eligible,44,30204,0.6703262449607447
DNABERT-2 seed 2,B,all_eligible,45,30204,0.6716091645981387
DNABERT-2 seed 2,B,all_eligible,46,30204,0.6707391722776972
DNABERT-2 seed 2,B,all_eligible,47,30204,0.6702605481419676
DNABERT-2 seed 2,B,all_eligible,48,30204,0.6702518534583733
DNABERT-2 seed 2,B,all_eligible,49,30204,0.6712960902195797
DNABERT-2 seed 2,B,all_eligible,50,30204,0.6705662388356185
DNABERT-2 seed 2,B,all_eligible,51,30204,0.6709823581493721
DNABERT-2 seed 2,B,all_eligible,52,30204,0.6695573573851344
DNABERT-2 seed 2,B,all_eligible,53,30204,0.6701889474444918
DNABERT-2 seed 2,B,all_eligible,54,30204,0.6703853473245919
DNABERT-2 seed 2,B,all_eligible,55,30204,0.6697119390379122
DNABERT-2 seed 2,B,all_eligible,56,30204,0.6713616072693062
DNABERT-2 seed 2,B,all_eligible,57,30204,0.6704744448122256
DNABERT-2 seed 2,B,all_eligible,58,30204,0.6688698021510937
DNABERT-2 seed 2,B,all_eligible,59,30204,0.6712349687423713
DNABERT-2 seed 2,B,all_eligible,60,30204,0.6710714117908959
DNABERT-2 seed 2,B,all_eligible,61,30204,0.6716671181939065
DNABERT-2 seed 2,B,all_eligible,62,30204,0.670216506916873
DNABERT-2 seed 2,B,all_eligible,63,30204,0.6700030728230744
DNABERT-2 seed 2,B,all_eligible,64,30204,0.6706487747529049
DNABERT-2 seed 2,B,all_eligible,65,30204,0.6715145622314064
DNABERT-2 seed 2,B,all_eligible,66,30204,0.6717497681110786
DNABERT-2 seed 2,B,all_eligible,67,30204,0.6715646366812241
DNABERT-2 seed 2,B,all_eligible,68,30204,0.6712978199486155
DNABERT-2 seed 2,B,all_eligible,69,30204,0.6704569589835953
DNABERT-2 seed 2,B,all_eligible,70,30204,0.6708501533587847
DNABERT-2 seed 2,B,all_eligible,71,30204,0.671081575319172
DNABERT-2 seed 2,B,all_eligible,72,30204,0.6700824956665574
DNABERT-2 seed 2,B,all_eligible,73,30204,0.6703790334847656
DNABERT-2 seed 2,B,all_eligible,74,30204,0.6703749908734322
DNABERT-2 seed 2,B,all_eligible,75,30204,0.6711590842799577
DNABERT-2 seed 2,B,all_eligible,76,30204,0.6715441802786476
DNABERT-2 seed 2,B,all_eligible,77,30204,0.6710053948955166
DNABERT-2 seed 2,B,all_eligible,78,30204,0.6699336622387884
DNABERT-2 seed 2,B,all_eligible,79,30204,0.6702911943804861
DNABERT-2 seed 2,B,all_eligible,80,30204,0.6702661889440069
DNABERT-2 seed 2,B,all_eligible,81,30204,0.6703772774480637
DNABERT-2 seed 2,B,all_eligible,82,30204,0.6708811065200726
DNABERT-2 seed 2,B,all_eligible,83,30204,0.6715334445586373
DNABERT-2 seed 2,B,all_eligible,84,30204,0.670819868850673
DNABERT-2 seed 2,B,all_eligible,85,30204,0.6720273249483085
DNABERT-2 seed 2,B,all_eligible,86,30204,0.6714575337885577
DNABERT-2 seed 2,B,all_eligible,87,30204,0.6709988990943341
DNABERT-2 seed 2,B,all_eligible,88,30204,0.6702404425082704
DNABERT-2 seed 2,B,all_eligible,89,30204,0.6709133684877412
DNABERT-2 seed 2,B,all_eligible,90,30204,0.672407536490355
DNABERT-2 seed 2,B,all_eligible,91,30204,0.6710405879756323
DNABERT-2 seed 2,B,all_eligible,92,30204,0.6709089334537243
DNABERT-2 seed 2,B,all_eligible,93,30204,0.6711542765540065
DNABERT-2 seed 2,B,all_eligible,94,30204,0.669959160944004
DNABERT-2 seed 2,B,all_eligible,95,30204,0.6711840897164368
DNABERT-2 seed 2,B,all_eligible,96,30204,0.6722218810994871
DNABERT-2 seed 2,B,all_eligible,97,30204,0.6705226163408734
DNABERT-2 seed 2,B,all_eligible,98,30204,0.6714651410886263
DNABERT-2 seed 2,B,all_eligible,99,30204,0.6714486702974403
DNABERT-2 seed 2,B,af_known_only,0,3614,0.6301121292740615
DNABERT-2 seed 2,B,af_known_only,1,3614,0.6293063714283351
DNABERT-2 seed 2,B,af_known_only,2,3614,0.634098961518708
DNABERT-2 seed 2,B,af_known_only,3,3614,0.6336285532895041
DNABERT-2 seed 2,B,af_known_only,4,3614,0.6382392276974895
DNABERT-2 seed 2,B,af_known_only,5,3614,0.6332288900478953
DNABERT-2 seed 2,B,af_known_only,6,3614,0.6296012953376603
DNABERT-2 seed 2,B,af_known_only,7,3614,0.627201478355862
DNABERT-2 seed 2,B,af_known_only,8,3614,0.6330160425743948
DNABERT-2 seed 2,B,af_known_only,9,3614,0.6401704739822293
DNABERT-2 seed 2,B,af_known_only,10,3614,0.6288182003883931
DNABERT-2 seed 2,B,af_known_only,11,3614,0.6366543562221442
DNABERT-2 seed 2,B,af_known_only,12,3614,0.6348673562108127
DNABERT-2 seed 2,B,af_known_only,13,3614,0.6371348708781475
DNABERT-2 seed 2,B,af_known_only,14,3614,0.6361974232286726
DNABERT-2 seed 2,B,af_known_only,15,3614,0.6242752084144272
DNABERT-2 seed 2,B,af_known_only,16,3614,0.6416276369734744
DNABERT-2 seed 2,B,af_known_only,17,3614,0.6365278727594741
DNABERT-2 seed 2,B,af_known_only,18,3614,0.6315983865242742
DNABERT-2 seed 2,B,af_known_only,19,3614,0.6380759935919129
DNABERT-2 seed 2,B,af_known_only,20,3614,0.6291321121298866
DNABERT-2 seed 2,B,af_known_only,21,3614,0.6333985555159806
DNABERT-2 seed 2,B,af_known_only,22,3614,0.6277738696191316
DNABERT-2 seed 2,B,af_known_only,23,3614,0.6405122549612602
DNABERT-2 seed 2,B,af_known_only,24,3614,0.6408065663598702
DNABERT-2 seed 2,B,af_known_only,25,3614,0.6385748835693694
DNABERT-2 seed 2,B,af_known_only,26,3614,0.6304744293620487
DNABERT-2 seed 2,B,af_known_only,27,3614,0.6372481853604427
DNABERT-2 seed 2,B,af_known_only,28,3614,0.638726479971359
DNABERT-2 seed 2,B,af_known_only,29,3614,0.6278945342300082
DNABERT-2 seed 2,B,af_known_only,30,3614,0.6412377739033073
DNABERT-2 seed 2,B,af_known_only,31,3614,0.6377697382343582
DNABERT-2 seed 2,B,af_known_only,32,3614,0.6373115802194564
DNABERT-2 seed 2,B,af_known_only,33,3614,0.6310749961182134
DNABERT-2 seed 2,B,af_known_only,34,3614,0.6364093519361005
DNABERT-2 seed 2,B,af_known_only,35,3614,0.6343295718029467
DNABERT-2 seed 2,B,af_known_only,36,3614,0.6316204369100182
DNABERT-2 seed 2,B,af_known_only,37,3614,0.6428854277269513
DNABERT-2 seed 2,B,af_known_only,38,3614,0.6330408492583567
DNABERT-2 seed 2,B,af_known_only,39,3614,0.6361925231429517
DNABERT-2 seed 2,B,af_known_only,40,3614,0.6319462926104563
DNABERT-2 seed 2,B,af_known_only,41,3614,0.6304781044263393
DNABERT-2 seed 2,B,af_known_only,42,3614,0.6317885711013157
DNABERT-2 seed 2,B,af_known_only,43,3614,0.636583611234549
DNABERT-2 seed 2,B,af_known_only,44,3614,0.6360207138873636
DNABERT-2 seed 2,B,af_known_only,45,3614,0.6279028031246622
DNABERT-2 seed 2,B,af_known_only,46,3614,0.639802661297806
DNABERT-2 seed 2,B,af_known_only,47,3614,0.6363275817556333
DNABERT-2 seed 2,B,af_known_only,48,3614,0.6346150017961877
DNABERT-2 seed 2,B,af_known_only,49,3614,0.634535681658581
DNABERT-2 seed 2,B,af_known_only,50,3614,0.6365860612774095
DNABERT-2 seed 2,B,af_known_only,51,3614,0.6372625793622477
DNABERT-2 seed 2,B,af_known_only,52,3614,0.6381592950491678
DNABERT-2 seed 2,B,af_known_only,53,3614,0.6358936179139784
DNABERT-2 seed 2,B,af_known_only,54,3614,0.6287854310651347
DNABERT-2 seed 2,B,af_known_only,55,3614,0.6400106086855857
DNABERT-2 seed 2,B,af_known_only,56,3614,0.6390039473253035
DNABERT-2 seed 2,B,af_known_only,57,3614,0.6328120765062634
DNABERT-2 seed 2,B,af_known_only,58,3614,0.6300640471829254
DNABERT-2 seed 2,B,af_known_only,59,3614,0.6311181781236286
DNABERT-2 seed 2,B,af_known_only,60,3614,0.63850842615678
DNABERT-2 seed 2,B,af_known_only,61,3614,0.640460191550476
DNABERT-2 seed 2,B,af_known_only,62,3614,0.6377360501450272
DNABERT-2 seed 2,B,af_known_only,63,3614,0.6372736045551197
DNABERT-2 seed 2,B,af_known_only,64,3614,0.6374640953875187
DNABERT-2 seed 2,B,af_known_only,65,3614,0.6380269927347042
DNABERT-2 seed 2,B,af_known_only,66,3614,0.6376833742235278
DNABERT-2 seed 2,B,af_known_only,67,3614,0.633600377796609
DNABERT-2 seed 2,B,af_known_only,68,3614,0.6338031188433103
DNABERT-2 seed 2,B,af_known_only,69,3614,0.625890705425528
DNABERT-2 seed 2,B,af_known_only,70,3614,0.6392612018256494
DNABERT-2 seed 2,B,af_known_only,71,3614,0.6329085469438931
DNABERT-2 seed 2,B,af_known_only,72,3614,0.6337005232985294
DNABERT-2 seed 2,B,af_known_only,73,3614,0.6334111119856403
DNABERT-2 seed 2,B,af_known_only,74,3614,0.6258600798897725
DNABERT-2 seed 2,B,af_known_only,75,3614,0.6352091371898437
DNABERT-2 seed 2,B,af_known_only,76,3614,0.6340759923668915
DNABERT-2 seed 2,B,af_known_only,77,3614,0.6390134412413877
DNABERT-2 seed 2,B,af_known_only,78,3614,0.6280053986694429
DNABERT-2 seed 2,B,af_known_only,79,3614,0.6377835197254482
DNABERT-2 seed 2,B,af_known_only,80,3614,0.6314627154008775
DNABERT-2 seed 2,B,af_known_only,81,3614,0.6362553054912504
DNABERT-2 seed 2,B,af_known_only,82,3614,0.6356011440475137
DNABERT-2 seed 2,B,af_known_only,83,3614,0.6449952208851454
DNABERT-2 seed 2,B,af_known_only,84,3614,0.6404981672148127
DNABERT-2 seed 2,B,af_known_only,85,3614,0.6266370497318887
DNABERT-2 seed 2,B,af_known_only,86,3614,0.6270131313109659
DNABERT-2 seed 2,B,af_known_only,87,3614,0.6359034180854202
DNABERT-2 seed 2,B,af_known_only,88,3614,0.6260836463007875
DNABERT-2 seed 2,B,af_known_only,89,3614,0.6395898138243056
DNABERT-2 seed 2,B,af_known_only,90,3614,0.6386716602623567
DNABERT-2 seed 2,B,af_known_only,91,3614,0.6350388592110433
DNABERT-2 seed 2,B,af_known_only,92,3614,0.6379623728542602
DNABERT-2 seed 2,B,af_known_only,93,3614,0.6404975547040976
DNABERT-2 seed 2,B,af_known_only,94,3614,0.6349880208216893
DNABERT-2 seed 2,B,af_known_only,95,3614,0.6395395879456667
DNABERT-2 seed 2,B,af_known_only,96,3614,0.6384511564049173
DNABERT-2 seed 2,B,af_known_only,97,3614,0.6406338383382094
DNABERT-2 seed 2,B,af_known_only,98,3614,0.6374316323196179
DNABERT-2 seed 2,B,af_known_only,99,3614,0.6303580523261779
DNABERT-2 seed 3,B,all_eligible,0,30204,0.6550557191103147
DNABERT-2 seed 3,B,all_eligible,1,30204,0.654936668152699
DNABERT-2 seed 3,B,all_eligible,2,30204,0.6543606771530075
DNABERT-2 seed 3,B,all_eligible,3,30204,0.6564057715265853
DNABERT-2 seed 3,B,all_eligible,4,30204,0.6558226401878957
DNABERT-2 seed 3,B,all_eligible,5,30204,0.6550503720772117
DNABERT-2 seed 3,B,all_eligible,6,30204,0.6567079830314152
DNABERT-2 seed 3,B,all_eligible,7,30204,0.6557255407852042
DNABERT-2 seed 3,B,all_eligible,8,30204,0.6555300682503286
DNABERT-2 seed 3,B,all_eligible,9,30204,0.6556977993514669
DNABERT-2 seed 3,B,all_eligible,10,30204,0.6546841627903637
DNABERT-2 seed 3,B,all_eligible,11,30204,0.6542491786878231
DNABERT-2 seed 3,B,all_eligible,12,30204,0.654840796441085
DNABERT-2 seed 3,B,all_eligible,13,30204,0.6546820954462815
DNABERT-2 seed 3,B,all_eligible,14,30204,0.6556398567172267
DNABERT-2 seed 3,B,all_eligible,15,30204,0.6560303830566284
DNABERT-2 seed 3,B,all_eligible,16,30204,0.655413297290428
DNABERT-2 seed 3,B,all_eligible,17,30204,0.6552394825415401
DNABERT-2 seed 3,B,all_eligible,18,30204,0.6556388877181978
DNABERT-2 seed 3,B,all_eligible,19,30204,0.6565320877846124
DNABERT-2 seed 3,B,all_eligible,20,30204,0.6559277042364515
DNABERT-2 seed 3,B,all_eligible,21,30204,0.6551693397272186
DNABERT-2 seed 3,B,all_eligible,22,30204,0.6564851987546793
DNABERT-2 seed 3,B,all_eligible,23,30204,0.6560608582953183
DNABERT-2 seed 3,B,all_eligible,24,30204,0.6553081345881249
DNABERT-2 seed 3,B,all_eligible,25,30204,0.6556378880268919
DNABERT-2 seed 3,B,all_eligible,26,30204,0.6568626019533863
DNABERT-2 seed 3,B,all_eligible,27,30204,0.6550694626734647
DNABERT-2 seed 3,B,all_eligible,28,30204,0.6551739369918422
DNABERT-2 seed 3,B,all_eligible,29,30204,0.6555968371064927
DNABERT-2 seed 3,B,all_eligible,30,30204,0.6554063827588958
DNABERT-2 seed 3,B,all_eligible,31,30204,0.6551155471272809
DNABERT-2 seed 3,B,all_eligible,32,30204,0.6557143271425958
DNABERT-2 seed 3,B,all_eligible,33,30204,0.6569082786383804
DNABERT-2 seed 3,B,all_eligible,34,30204,0.6554718011548749
DNABERT-2 seed 3,B,all_eligible,35,30204,0.6550373760902357
DNABERT-2 seed 3,B,all_eligible,36,30204,0.6561034964448961
DNABERT-2 seed 3,B,all_eligible,37,30204,0.6566431039425878
DNABERT-2 seed 3,B,all_eligible,38,30204,0.6557071319959603
DNABERT-2 seed 3,B,all_eligible,39,30204,0.6568054836260122
DNABERT-2 seed 3,B,all_eligible,40,30204,0.6563718938297667
DNABERT-2 seed 3,B,all_eligible,41,30204,0.6563705061003882
DNABERT-2 seed 3,B,all_eligible,42,30204,0.6560977262968325
DNABERT-2 seed 3,B,all_eligible,43,30204,0.6555496521153179
DNABERT-2 seed 3,B,all_eligible,44,30204,0.6545983822609442
DNABERT-2 seed 3,B,all_eligible,45,30204,0.6556513619364659
DNABERT-2 seed 3,B,all_eligible,46,30204,0.6556617118107091
DNABERT-2 seed 3,B,all_eligible,47,30204,0.6545690799056944
DNABERT-2 seed 3,B,all_eligible,48,30204,0.654317013004458
DNABERT-2 seed 3,B,all_eligible,49,30204,0.6556631740784745
DNABERT-2 seed 3,B,all_eligible,50,30204,0.6557538237183989
DNABERT-2 seed 3,B,all_eligible,51,30204,0.6563572843059462
DNABERT-2 seed 3,B,all_eligible,52,30204,0.6544208647080749
DNABERT-2 seed 3,B,all_eligible,53,30204,0.6555257274854479
DNABERT-2 seed 3,B,all_eligible,54,30204,0.6551731104926705
DNABERT-2 seed 3,B,all_eligible,55,30204,0.6549688994280907
DNABERT-2 seed 3,B,all_eligible,56,30204,0.6564752610338692
DNABERT-2 seed 3,B,all_eligible,57,30204,0.6554567948237597
DNABERT-2 seed 3,B,all_eligible,58,30204,0.6544488187954453
DNABERT-2 seed 3,B,all_eligible,59,30204,0.6557593943666623
DNABERT-2 seed 3,B,all_eligible,60,30204,0.6563051907427673
DNABERT-2 seed 3,B,all_eligible,61,30204,0.6556083269795936
DNABERT-2 seed 3,B,all_eligible,62,30204,0.6556535060112403
DNABERT-2 seed 3,B,all_eligible,63,30204,0.6552241364030732
DNABERT-2 seed 3,B,all_eligible,64,30204,0.6558648683763457
DNABERT-2 seed 3,B,all_eligible,65,30204,0.6562946939840559
DNABERT-2 seed 3,B,all_eligible,66,30204,0.655786478108751
DNABERT-2 seed 3,B,all_eligible,67,30204,0.6564199118970299
DNABERT-2 seed 3,B,all_eligible,68,30204,0.6565442616570276
DNABERT-2 seed 3,B,all_eligible,69,30204,0.6552056749984974
DNABERT-2 seed 3,B,all_eligible,70,30204,0.6554397518408395
DNABERT-2 seed 3,B,all_eligible,71,30204,0.6554248310096386
DNABERT-2 seed 3,B,all_eligible,72,30204,0.6556379647575843
DNABERT-2 seed 3,B,all_eligible,73,30204,0.654986124372367
DNABERT-2 seed 3,B,all_eligible,74,30204,0.6550780455494787
DNABERT-2 seed 3,B,all_eligible,75,30204,0.655787164300371
DNABERT-2 seed 3,B,all_eligible,76,30204,0.6567888418349975
DNABERT-2 seed 3,B,all_eligible,77,30204,0.6564658121971845
DNABERT-2 seed 3,B,all_eligible,78,30204,0.6544408037265546
DNABERT-2 seed 3,B,all_eligible,79,30204,0.6552878031469616
DNABERT-2 seed 3,B,all_eligible,80,30204,0.6556628846941491
DNABERT-2 seed 3,B,all_eligible,81,30204,0.6560548448013448
DNABERT-2 seed 3,B,all_eligible,82,30204,0.6555696569029623
DNABERT-2 seed 3,B,all_eligible,83,30204,0.6561056777888639
DNABERT-2 seed 3,B,all_eligible,84,30204,0.655703106923071
DNABERT-2 seed 3,B,all_eligible,85,30204,0.65650651454101
DNABERT-2 seed 3,B,all_eligible,86,30204,0.6560641445612557
DNABERT-2 seed 3,B,all_eligible,87,30204,0.6560897199971637
DNABERT-2 seed 3,B,all_eligible,88,30204,0.6549757153058755
DNABERT-2 seed 3,B,all_eligible,89,30204,0.6561794094072811
DNABERT-2 seed 3,B,all_eligible,90,30204,0.6568556435757442
DNABERT-2 seed 3,B,all_eligible,91,30204,0.6558758123653782
DNABERT-2 seed 3,B,all_eligible,92,30204,0.6550186954551104
DNABERT-2 seed 3,B,all_eligible,93,30204,0.6561646003836604
DNABERT-2 seed 3,B,all_eligible,94,30204,0.6544299803143243
DNABERT-2 seed 3,B,all_eligible,95,30204,0.6553669344138138
DNABERT-2 seed 3,B,all_eligible,96,30204,0.6566376648326541
DNABERT-2 seed 3,B,all_eligible,97,30204,0.6548918815437359
DNABERT-2 seed 3,B,all_eligible,98,30204,0.6565964977200637
DNABERT-2 seed 3,B,all_eligible,99,30204,0.6564282338886899
DNABERT-2 seed 3,B,af_known_only,0,3614,0.6277077184618999
DNABERT-2 seed 3,B,af_known_only,1,3614,0.6275864413403082
DNABERT-2 seed 3,B,af_known_only,2,3614,0.627435304321355
DNABERT-2 seed 3,B,af_known_only,3,3614,0.6317611612468146
DNABERT-2 seed 3,B,af_known_only,4,3614,0.6349653579252302
DNABERT-2 seed 3,B,af_known_only,5,3614,0.6262161017429299
DNABERT-2 seed 3,B,af_known_only,6,3614,0.6291484967915157
DNABERT-2 seed 3,B,af_known_only,7,3614,0.6256859737190027
DNABERT-2 seed 3,B,af_known_only,8,3614,0.6275610221456311
DNABERT-2 seed 3,B,af_known_only,9,3614,0.637188159310362
DNABERT-2 seed 3,B,af_known_only,10,3614,0.628312113410034
DNABERT-2 seed 3,B,af_known_only,11,3614,0.6328021232071429
DNABERT-2 seed 3,B,af_known_only,12,3614,0.6292826366381247
DNABERT-2 seed 3,B,af_known_only,13,3614,0.6289129864215562
DNABERT-2 seed 3,B,af_known_only,14,3614,0.6309249309930116
DNABERT-2 seed 3,B,af_known_only,15,3614,0.6195198283499972
DNABERT-2 seed 3,B,af_known_only,16,3614,0.6354862982884307
DNABERT-2 seed 3,B,af_known_only,17,3614,0.6302964949993094
DNABERT-2 seed 3,B,af_known_only,18,3614,0.6292607393800596
DNABERT-2 seed 3,B,af_known_only,19,3614,0.635119557497759
DNABERT-2 seed 3,B,af_known_only,20,3614,0.6236767854457654
DNABERT-2 seed 3,B,af_known_only,21,3614,0.6259887071399455
DNABERT-2 seed 3,B,af_known_only,22,3614,0.6245471631719357
DNABERT-2 seed 3,B,af_known_only,23,3614,0.6401393890634375
DNABERT-2 seed 3,B,af_known_only,24,3614,0.6338051095031344
DNABERT-2 seed 3,B,af_known_only,25,3614,0.6339493557765427
DNABERT-2 seed 3,B,af_known_only,26,3614,0.6256158412421228
DNABERT-2 seed 3,B,af_known_only,27,3614,0.633348789020378
DNABERT-2 seed 3,B,af_known_only,28,3614,0.6340530232150748
DNABERT-2 seed 3,B,af_known_only,29,3614,0.628415933976245
DNABERT-2 seed 3,B,af_known_only,30,3614,0.637201175163058
DNABERT-2 seed 3,B,af_known_only,31,3614,0.6316276339109207
DNABERT-2 seed 3,B,af_known_only,32,3614,0.6341795066777449
DNABERT-2 seed 3,B,af_known_only,33,3614,0.6342004851697375
DNABERT-2 seed 3,B,af_known_only,34,3614,0.634378878915513
DNABERT-2 seed 3,B,af_known_only,35,3614,0.6304128720351801
DNABERT-2 seed 3,B,af_known_only,36,3614,0.6243503941047068
DNABERT-2 seed 3,B,af_known_only,37,3614,0.6380853343803183
DNABERT-2 seed 3,B,af_known_only,38,3614,0.6323454964690288
DNABERT-2 seed 3,B,af_known_only,39,3614,0.6347420977695729
DNABERT-2 seed 3,B,af_known_only,40,3614,0.6273134146890482
DNABERT-2 seed 3,B,af_known_only,41,3614,0.6221591370214032
DNABERT-2 seed 3,B,af_known_only,42,3614,0.6312800340800961
DNABERT-2 seed 3,B,af_known_only,43,3614,0.6284036837619428
DNABERT-2 seed 3,B,af_known_only,44,3614,0.6261646508428607
DNABERT-2 seed 3,B,af_known_only,45,3614,0.6275619409117038
DNABERT-2 seed 3,B,af_known_only,46,3614,0.63663108081497
DNABERT-2 seed 3,B,af_known_only,47,3614,0.6373938097829599
DNABERT-2 seed 3,B,af_known_only,48,3614,0.6308970617554741
DNABERT-2 seed 3,B,af_known_only,49,3614,0.6271757529058274
DNABERT-2 seed 3,B,af_known_only,50,3614,0.6310318141127982
DNABERT-2 seed 3,B,af_known_only,51,3614,0.6298948410978764
DNABERT-2 seed 3,B,af_known_only,52,3614,0.6330939845628925
DNABERT-2 seed 3,B,af_known_only,53,3614,0.6377443190396812
DNABERT-2 seed 3,B,af_known_only,54,3614,0.6309746974886142
DNABERT-2 seed 3,B,af_known_only,55,3614,0.6329185002430137
DNABERT-2 seed 3,B,af_known_only,56,3614,0.6359403218560055
DNABERT-2 seed 3,B,af_known_only,57,3614,0.6293483284123201
DNABERT-2 seed 3,B,af_known_only,58,3614,0.6265735017451961
DNABERT-2 seed 3,B,af_known_only,59,3614,0.6269881714993252
DNABERT-2 seed 3,B,af_known_only,60,3614,0.6356542793520494
DNABERT-2 seed 3,B,af_known_only,61,3614,0.6345520663202102
DNABERT-2 seed 3,B,af_known_only,62,3614,0.6329652041850408
DNABERT-2 seed 3,B,af_known_only,63,3614,0.633951805819403
DNABERT-2 seed 3,B,af_known_only,64,3614,0.6280657309748813
DNABERT-2 seed 3,B,af_known_only,65,3614,0.6335512238117216
DNABERT-2 seed 3,B,af_known_only,66,3614,0.6277314532521103
DNABERT-2 seed 3,B,af_known_only,67,3614,0.6275020679893019
DNABERT-2 seed 3,B,af_known_only,68,3614,0.6337865810540023
DNABERT-2 seed 3,B,af_known_only,69,3614,0.6300498063087991
DNABERT-2 seed 3,B,af_known_only,70,3614,0.6333010131845994
DNABERT-2 seed 3,B,af_known_only,71,3614,0.6290426855654806
DNABERT-2 seed 3,B,af_known_only,72,3614,0.6290673391217637
DNABERT-2 seed 3,B,af_known_only,73,3614,0.632826776763426
DNABERT-2 seed 3,B,af_known_only,74,3614,0.6278556397995988
DNABERT-2 seed 3,B,af_known_only,75,3614,0.6299236291014866
DNABERT-2 seed 3,B,af_known_only,76,3614,0.6274599578776381
DNABERT-2 seed 3,B,af_known_only,77,3614,0.6313098939774577
DNABERT-2 seed 3,B,af_known_only,78,3614,0.6285315453737219
DNABERT-2 seed 3,B,af_known_only,79,3614,0.634693862550758
DNABERT-2 seed 3,B,af_known_only,80,3614,0.6296630057922076
DNABERT-2 seed 3,B,af_known_only,81,3614,0.6332549217532875
DNABERT-2 seed 3,B,af_known_only,82,3614,0.6386261813417599
DNABERT-2 seed 3,B,af_known_only,83,3614,0.6424260446906193
DNABERT-2 seed 3,B,af_known_only,84,3614,0.640754502949086
DNABERT-2 seed 3,B,af_known_only,85,3614,0.6211399191914614
DNABERT-2 seed 3,B,af_known_only,86,3614,0.6260302047408942
DNABERT-2 seed 3,B,af_known_only,87,3614,0.6288555635420147
DNABERT-2 seed 3,B,af_known_only,88,3614,0.6209090026518651
DNABERT-2 seed 3,B,af_known_only,89,3614,0.6322814890992999
DNABERT-2 seed 3,B,af_known_only,90,3614,0.6320038686176767
DNABERT-2 seed 3,B,af_known_only,91,3614,0.630584221907732
DNABERT-2 seed 3,B,af_known_only,92,3614,0.6328593929590056
DNABERT-2 seed 3,B,af_known_only,93,3614,0.6382064583742312
DNABERT-2 seed 3,B,af_known_only,94,3614,0.6298639093067634
DNABERT-2 seed 3,B,af_known_only,95,3614,0.635472363669662
DNABERT-2 seed 3,B,af_known_only,96,3614,0.6345225126782061
DNABERT-2 seed 3,B,af_known_only,97,3614,0.6337871935647175
DNABERT-2 seed 3,B,af_known_only,98,3614,0.6359303685568849
DNABERT-2 seed 3,B,af_known_only,99,3614,0.6250602940235186
M3,C,all_eligible,0,30240,0.6007864727681196
M3,C,all_eligible,1,30240,0.601494658691666
M3,C,all_eligible,2,30240,0.6016262558264046
M3,C,all_eligible,3,30240,0.602127193212676
M3,C,all_eligible,4,30240,0.6016666601054002
M3,C,all_eligible,5,30240,0.6001221314142942
M3,C,all_eligible,6,30240,0.5997756112475855
M3,C,all_eligible,7,30240,0.6018819811875368
M3,C,all_eligible,8,30240,0.6012629475658576
M3,C,all_eligible,9,30240,0.6013816408765152
M3,C,all_eligible,10,30240,0.6007317189993281
M3,C,all_eligible,11,30240,0.6013653492518407
M3,C,all_eligible,12,30240,0.6007525575816747
M3,C,all_eligible,13,30240,0.6013619242707371
M3,C,all_eligible,14,30240,0.6011884334495115
M3,C,all_eligible,15,30240,0.6009151195200302
M3,C,all_eligible,16,30240,0.6020222938712522
M3,C,all_eligible,17,30240,0.6017152812771199
M3,C,all_eligible,18,30240,0.6017052819070015
M3,C,all_eligible,19,30240,0.6010871996689622
M3,C,all_eligible,20,30240,0.6027525781403096
M3,C,all_eligible,21,30240,0.6018632947005963
M3,C,all_eligible,22,30240,0.6022154947369894
M3,C,all_eligible,23,30240,0.6014770919942051
M3,C,all_eligible,24,30240,0.602544690973097
M3,C,all_eligible,25,30240,0.6025524201450128
M3,C,all_eligible,26,30240,0.6002479699441505
M3,C,all_eligible,27,30240,0.6023618131666246
M3,C,all_eligible,28,30240,0.6012442938852496
M3,C,all_eligible,29,30240,0.6026330843551412
M3,C,all_eligible,30,30240,0.6017896029296492
M3,C,all_eligible,31,30240,0.6007775844391254
M3,C,all_eligible,32,30240,0.6021301851501918
M3,C,all_eligible,33,30240,0.6013336955152432
M3,C,all_eligible,34,30240,0.6029115248208337
M3,C,all_eligible,35,30240,0.6016969687823689
M3,C,all_eligible,36,30240,0.601538971298396
M3,C,all_eligible,37,30240,0.6014188345091123
M3,C,all_eligible,38,30240,0.6027521975868537
M3,C,all_eligible,39,30240,0.6009336594720193
M3,C,all_eligible,40,30240,0.6028488362937767
M3,C,all_eligible,41,30240,0.6027910709036701
M3,C,all_eligible,42,30240,0.6013615262205705
M3,C,all_eligible,43,30240,0.6022177102579716
M3,C,all_eligible,44,30240,0.6017695976281459
M3,C,all_eligible,45,30240,0.6027499077048515
M3,C,all_eligible,46,30240,0.6025980384437726
M3,C,all_eligible,47,30240,0.6009767582444501
M3,C,all_eligible,48,30240,0.6016005269134402
M3,C,all_eligible,49,30240,0.6004559795883374
M3,C,all_eligible,50,30240,0.6031328100942023
M3,C,all_eligible,51,30240,0.600647288622239
M3,C,all_eligible,52,30240,0.6011160320609725
M3,C,all_eligible,53,30240,0.6008474028757593
M3,C,all_eligible,54,30240,0.6004194070889672
M3,C,all_eligible,55,30240,0.6021559009406232
M3,C,all_eligible,56,30240,0.6027545968232972
M3,C,all_eligible,57,30240,0.6011192339590157
M3,C,all_eligible,58,30240,0.5999156177388651
M3,C,all_eligible,59,30240,0.6020477406497579
M3,C,all_eligible,60,30240,0.6009654203759693
M3,C,all_eligible,61,30240,0.6009066620475351
M3,C,all_eligible,62,30240,0.6016213720570532
M3,C,all_eligible,63,30240,0.6018318990404804
M3,C,all_eligible,64,30240,0.602957757691554
M3,C,all_eligible,65,30240,0.6012539411340668
M3,C,all_eligible,66,30240,0.6020044559747767
M3,C,all_eligible,67,30240,0.6029984200470312
M3,C,all_eligible,68,30240,0.6009977892906133
M3,C,all_eligible,69,30240,0.6024123677248677
M3,C,all_eligible,70,30240,0.6024075473810924
M3,C,all_eligible,71,30240,0.6018216219100809
M3,C,all_eligible,72,30240,0.6026466005640939
M3,C,all_eligible,73,30240,0.6019913859319448
M3,C,all_eligible,74,30240,0.6014338948027771
M3,C,all_eligible,75,30240,0.6022114136292377
M3,C,all_eligible,76,30240,0.6000862390995493
M3,C,all_eligible,77,30240,0.6020511415728843
M3,C,all_eligible,78,30240,0.6020953623218834
M3,C,all_eligible,79,30240,0.6020186982972201
M3,C,all_eligible,80,30240,0.6026042147826208
M3,C,all_eligible,81,30240,0.6020177272297808
M3,C,all_eligible,82,30240,0.6026345234595896
M3,C,all_eligible,83,30240,0.6020899755221019
M3,C,all_eligible,84,30240,0.6024253524712354
M3,C,all_eligible,85,30240,0.6016031973488984
M3,C,all_eligible,86,30240,0.6020912812141317
M3,C,all_eligible,87,30240,0.6007324385515523
M3,C,all_eligible,88,30240,0.6025120421110831
M3,C,all_eligible,89,30240,0.5998238846721816
M3,C,all_eligible,90,30240,0.5999627823094258
M3,C,all_eligible,91,30240,0.6017288412278492
M3,C,all_eligible,92,30240,0.6030793226498419
M3,C,all_eligible,93,30240,0.6025678347470675
M3,C,all_eligible,94,30240,0.6025747984378936
M3,C,all_eligible,95,30240,0.6023079320462753
M3,C,all_eligible,96,30240,0.6021940240859719
M3,C,all_eligible,97,30240,0.6024360429614233
M3,C,all_eligible,98,30240,0.60181766984057
M3,C,all_eligible,99,30240,0.6025545416211752
M3,C,af_known_only,0,11988,0.5783035287539792
M3,C,af_known_only,1,11988,0.5822933377154265
M3,C,af_known_only,2,11988,0.5773763141408564
M3,C,af_known_only,3,11988,0.5773568585825287
M3,C,af_known_only,4,11988,0.578054141339649
M3,C,af_known_only,5,11988,0.5783893391779055
M3,C,af_known_only,6,11988,0.5777938153925252
M3,C,af_known_only,7,11988,0.5765267408438357
M3,C,af_known_only,8,11988,0.578407458732228
M3,C,af_known_only,9,11988,0.5781128976824672
M3,C,af_known_only,10,11988,0.5773234445656868
M3,C,af_known_only,11,11988,0.5788396699446638
M3,C,af_known_only,12,11988,0.5789688448319301
M3,C,af_known_only,13,11988,0.5801542700525016
M3,C,af_known_only,14,11988,0.5779840289627854
M3,C,af_known_only,15,11988,0.5788388210254521
M3,C,af_known_only,16,11988,0.5767361177215476
M3,C,af_known_only,17,11988,0.5801589182331035
M3,C,af_known_only,18,11988,0.580519625397837
M3,C,af_known_only,19,11988,0.5786880891568913
M3,C,af_known_only,20,11988,0.5755188232387654
M3,C,af_known_only,21,11988,0.5768975793722763
M3,C,af_known_only,22,11988,0.5767040397087111
M3,C,af_known_only,23,11988,0.5742346868055911
M3,C,af_known_only,24,11988,0.5780427853056037
M3,C,af_known_only,25,11988,0.5786553153086353
M3,C,af_known_only,26,11988,0.5776981380223511
M3,C,af_known_only,27,11988,0.5769790338664769
M3,C,af_known_only,28,11988,0.580041433380884
M3,C,af_known_only,29,11988,0.5758562199169474
M3,C,af_known_only,30,11988,0.5786714865237833
M3,C,af_known_only,31,11988,0.5775799016678785
M3,C,af_known_only,32,11988,0.5809634431450692
M3,C,af_known_only,33,11988,0.5777180945821809
M3,C,af_known_only,34,11988,0.5761331624138876
M3,C,af_known_only,35,11988,0.5789825110395681
M3,C,af_known_only,36,11988,0.5787772813409561
M3,C,af_known_only,37,11988,0.5778201458047971
M3,C,af_known_only,38,11988,0.5773016092502246
M3,C,af_known_only,39,11988,0.5778590151713275
M3,C,af_known_only,40,11988,0.5812551512696101
M3,C,af_known_only,41,11988,0.5800660102878988
M3,C,af_known_only,42,11988,0.5789295022973145
M3,C,af_known_only,43,11988,0.5771546905597623
M3,C,af_known_only,44,11988,0.5800926607844638
M3,C,af_known_only,45,11988,0.5760921777076821
M3,C,af_known_only,46,11988,0.5772971141534149
M3,C,af_known_only,47,11988,0.5766859201543886
M3,C,af_known_only,48,11988,0.5804448926737882
M3,C,af_known_only,49,11988,0.5782657309739948
M3,C,af_known_only,50,11988,0.5785159812242451
M3,C,af_known_only,51,11988,0.5783651241053087
M3,C,af_known_only,52,11988,0.5802520905957677
M3,C,af_known_only,53,11988,0.577136362254814
M3,C,af_known_only,54,11988,0.5784322722232854
M3,C,af_known_only,55,11988,0.5782574087823782
M3,C,af_known_only,56,11988,0.5809466595947521
M3,C,af_known_only,57,11988,0.5786525319669575
M3,C,af_known_only,58,11988,0.5794659357388754
M3,C,af_known_only,59,11988,0.579634230493423
M3,C,af_known_only,60,11988,0.5794318398033224
M3,C,af_known_only,61,11988,0.5775164414776249
M3,C,af_known_only,62,11988,0.5778455577143153
M3,C,af_known_only,63,11988,0.5794085571501877
M3,C,af_known_only,64,11988,0.577691263168407
M3,C,af_known_only,65,11988,0.5797440611560287
M3,C,af_known_only,66,11988,0.5774157401757224
M3,C,af_known_only,67,11988,0.5795831422569272
M3,C,af_known_only,68,11988,0.5794284719598922
M3,C,af_known_only,69,11988,0.5775096222905143
M3,C,af_known_only,70,11988,0.578844902627018
M3,C,af_known_only,71,11988,0.5801450989416733
M3,C,af_known_only,72,11988,0.5789440870077062
M3,C,af_known_only,73,11988,0.5785613496935931
M3,C,af_known_only,74,11988,0.5787618477113528
M3,C,af_known_only,75,11988,0.5775761998234471
M3,C,af_known_only,76,11988,0.5786363468351011
M3,C,af_known_only,77,11988,0.5770585678549197
M3,C,af_known_only,78,11988,0.578302304083641
M3,C,af_known_only,79,11988,0.5781322975739615
M3,C,af_known_only,80,11988,0.5785073667817523
M3,C,af_known_only,81,11988,0.5795001151746786
M3,C,af_known_only,82,11988,0.5778116426959715
M3,C,af_known_only,83,11988,0.5776806308031979
M3,C,af_known_only,84,11988,0.5787697524017177
M3,C,af_known_only,85,11988,0.5796389065074418
M3,C,af_known_only,86,11988,0.5802423210664786
M3,C,af_known_only,87,11988,0.5788426202868423
M3,C,af_known_only,88,11988,0.5786438479409228
M3,C,af_known_only,89,11988,0.5772536244396994
M3,C,af_known_only,90,11988,0.5803077852627402
M3,C,af_known_only,91,11988,0.57711281518422
M3,C,af_known_only,92,11988,0.5776158346089388
M3,C,af_known_only,93,11988,0.5779666052438825
M3,C,af_known_only,94,11988,0.5782165075764231
M3,C,af_known_only,95,11988,0.578455012124793
M3,C,af_known_only,96,11988,0.5780792609982911
M3,C,af_known_only,97,11988,0.5791414955162035
M3,C,af_known_only,98,11988,0.5783321971732605
M3,C,af_known_only,99,11988,0.5796556761410504
M4,C,all_eligible,0,30240,0.5
M4,C,all_eligible,1,30240,0.5
M4,C,all_eligible,2,30240,0.5
M4,C,all_eligible,3,30240,0.5
M4,C,all_eligible,4,30240,0.5
M4,C,all_eligible,5,30240,0.5
M4,C,all_eligible,6,30240,0.5
M4,C,all_eligible,7,30240,0.5
M4,C,all_eligible,8,30240,0.5
M4,C,all_eligible,9,30240,0.5
M4,C,all_eligible,10,30240,0.5
M4,C,all_eligible,11,30240,0.5
M4,C,all_eligible,12,30240,0.5
M4,C,all_eligible,13,30240,0.5
M4,C,all_eligible,14,30240,0.5
M4,C,all_eligible,15,30240,0.5
M4,C,all_eligible,16,30240,0.5
M4,C,all_eligible,17,30240,0.5
M4,C,all_eligible,18,30240,0.5
M4,C,all_eligible,19,30240,0.5
M4,C,all_eligible,20,30240,0.5
M4,C,all_eligible,21,30240,0.5
M4,C,all_eligible,22,30240,0.5
M4,C,all_eligible,23,30240,0.5
M4,C,all_eligible,24,30240,0.5
M4,C,all_eligible,25,30240,0.5
M4,C,all_eligible,26,30240,0.5
M4,C,all_eligible,27,30240,0.5
M4,C,all_eligible,28,30240,0.5
M4,C,all_eligible,29,30240,0.5
M4,C,all_eligible,30,30240,0.5
M4,C,all_eligible,31,30240,0.5
M4,C,all_eligible,32,30240,0.5
M4,C,all_eligible,33,30240,0.5
M4,C,all_eligible,34,30240,0.5
M4,C,all_eligible,35,30240,0.5
M4,C,all_eligible,36,30240,0.5
M4,C,all_eligible,37,30240,0.5
M4,C,all_eligible,38,30240,0.5
M4,C,all_eligible,39,30240,0.5
M4,C,all_eligible,40,30240,0.5
M4,C,all_eligible,41,30240,0.5
M4,C,all_eligible,42,30240,0.5
M4,C,all_eligible,43,30240,0.5
M4,C,all_eligible,44,30240,0.5
M4,C,all_eligible,45,30240,0.5
M4,C,all_eligible,46,30240,0.5
M4,C,all_eligible,47,30240,0.5
M4,C,all_eligible,48,30240,0.5
M4,C,all_eligible,49,30240,0.5
M4,C,all_eligible,50,30240,0.5
M4,C,all_eligible,51,30240,0.5
M4,C,all_eligible,52,30240,0.5
M4,C,all_eligible,53,30240,0.5
M4,C,all_eligible,54,30240,0.5
M4,C,all_eligible,55,30240,0.5
M4,C,all_eligible,56,30240,0.5
M4,C,all_eligible,57,30240,0.5
M4,C,all_eligible,58,30240,0.5
M4,C,all_eligible,59,30240,0.5
M4,C,all_eligible,60,30240,0.5
M4,C,all_eligible,61,30240,0.5
M4,C,all_eligible,62,30240,0.5
M4,C,all_eligible,63,30240,0.5
M4,C,all_eligible,64,30240,0.5
M4,C,all_eligible,65,30240,0.5
M4,C,all_eligible,66,30240,0.5
M4,C,all_eligible,67,30240,0.5
M4,C,all_eligible,68,30240,0.5
M4,C,all_eligible,69,30240,0.5
M4,C,all_eligible,70,30240,0.5
M4,C,all_eligible,71,30240,0.5
M4,C,all_eligible,72,30240,0.5
M4,C,all_eligible,73,30240,0.5
M4,C,all_eligible,74,30240,0.5
M4,C,all_eligible,75,30240,0.5
M4,C,all_eligible,76,30240,0.5
M4,C,all_eligible,77,30240,0.5
M4,C,all_eligible,78,30240,0.5
M4,C,all_eligible,79,30240,0.5
M4,C,all_eligible,80,30240,0.5
M4,C,all_eligible,81,30240,0.5
M4,C,all_eligible,82,30240,0.5
M4,C,all_eligible,83,30240,0.5
M4,C,all_eligible,84,30240,0.5
M4,C,all_eligible,85,30240,0.5
M4,C,all_eligible,86,30240,0.5
M4,C,all_eligible,87,30240,0.5
M4,C,all_eligible,88,30240,0.5
M4,C,all_eligible,89,30240,0.5
M4,C,all_eligible,90,30240,0.5
M4,C,all_eligible,91,30240,0.5
M4,C,all_eligible,92,30240,0.5
M4,C,all_eligible,93,30240,0.5
M4,C,all_eligible,94,30240,0.5
M4,C,all_eligible,95,30240,0.5
M4,C,all_eligible,96,30240,0.5
M4,C,all_eligible,97,30240,0.5
M4,C,all_eligible,98,30240,0.5
M4,C,all_eligible,99,30240,0.5
M4,C,af_known_only,0,11988,0.5
M4,C,af_known_only,1,11988,0.5
M4,C,af_known_only,2,11988,0.5
M4,C,af_known_only,3,11988,0.5
M4,C,af_known_only,4,11988,0.5
M4,C,af_known_only,5,11988,0.5
M4,C,af_known_only,6,11988,0.5
M4,C,af_known_only,7,11988,0.5
M4,C,af_known_only,8,11988,0.5
M4,C,af_known_only,9,11988,0.5
M4,C,af_known_only,10,11988,0.5
M4,C,af_known_only,11,11988,0.5
M4,C,af_known_only,12,11988,0.5
M4,C,af_known_only,13,11988,0.5
M4,C,af_known_only,14,11988,0.5
M4,C,af_known_only,15,11988,0.5
M4,C,af_known_only,16,11988,0.5
M4,C,af_known_only,17,11988,0.5
M4,C,af_known_only,18,11988,0.5
M4,C,af_known_only,19,11988,0.5
M4,C,af_known_only,20,11988,0.5
M4,C,af_known_only,21,11988,0.5
M4,C,af_known_only,22,11988,0.5
M4,C,af_known_only,23,11988,0.5
M4,C,af_known_only,24,11988,0.5
M4,C,af_known_only,25,11988,0.5
M4,C,af_known_only,26,11988,0.5
M4,C,af_known_only,27,11988,0.5
M4,C,af_known_only,28,11988,0.5
M4,C,af_known_only,29,11988,0.5
M4,C,af_known_only,30,11988,0.5
M4,C,af_known_only,31,11988,0.5
M4,C,af_known_only,32,11988,0.5
M4,C,af_known_only,33,11988,0.5
M4,C,af_known_only,34,11988,0.5
M4,C,af_known_only,35,11988,0.5
M4,C,af_known_only,36,11988,0.5
M4,C,af_known_only,37,11988,0.5
M4,C,af_known_only,38,11988,0.5
M4,C,af_known_only,39,11988,0.5
M4,C,af_known_only,40,11988,0.5
M4,C,af_known_only,41,11988,0.5
M4,C,af_known_only,42,11988,0.5
M4,C,af_known_only,43,11988,0.5
M4,C,af_known_only,44,11988,0.5
M4,C,af_known_only,45,11988,0.5
M4,C,af_known_only,46,11988,0.5
M4,C,af_known_only,47,11988,0.5
M4,C,af_known_only,48,11988,0.5
M4,C,af_known_only,49,11988,0.5
M4,C,af_known_only,50,11988,0.5
M4,C,af_known_only,51,11988,0.5
M4,C,af_known_only,52,11988,0.5
M4,C,af_known_only,53,11988,0.5
M4,C,af_known_only,54,11988,0.5
M4,C,af_known_only,55,11988,0.5
M4,C,af_known_only,56,11988,0.5
M4,C,af_known_only,57,11988,0.5
M4,C,af_known_only,58,11988,0.5
M4,C,af_known_only,59,11988,0.5
M4,C,af_known_only,60,11988,0.5
M4,C,af_known_only,61,11988,0.5
M4,C,af_known_only,62,11988,0.5
M4,C,af_known_only,63,11988,0.5
M4,C,af_known_only,64,11988,0.5
M4,C,af_known_only,65,11988,0.5
M4,C,af_known_only,66,11988,0.5
M4,C,af_known_only,67,11988,0.5
M4,C,af_known_only,68,11988,0.5
M4,C,af_known_only,69,11988,0.5
M4,C,af_known_only,70,11988,0.5
M4,C,af_known_only,71,11988,0.5
M4,C,af_known_only,72,11988,0.5
M4,C,af_known_only,73,11988,0.5
M4,C,af_known_only,74,11988,0.5
M4,C,af_known_only,75,11988,0.5
M4,C,af_known_only,76,11988,0.5
M4,C,af_known_only,77,11988,0.5
M4,C,af_known_only,78,11988,0.5
M4,C,af_known_only,79,11988,0.5
M4,C,af_known_only,80,11988,0.5
M4,C,af_known_only,81,11988,0.5
M4,C,af_known_only,82,11988,0.5
M4,C,af_known_only,83,11988,0.5
M4,C,af_known_only,84,11988,0.5
M4,C,af_known_only,85,11988,0.5
M4,C,af_known_only,86,11988,0.5
M4,C,af_known_only,87,11988,0.5
M4,C,af_known_only,88,11988,0.5
M4,C,af_known_only,89,11988,0.5
M4,C,af_known_only,90,11988,0.5
M4,C,af_known_only,91,11988,0.5
M4,C,af_known_only,92,11988,0.5
M4,C,af_known_only,93,11988,0.5
M4,C,af_known_only,94,11988,0.5
M4,C,af_known_only,95,11988,0.5
M4,C,af_known_only,96,11988,0.5
M4,C,af_known_only,97,11988,0.5
M4,C,af_known_only,98,11988,0.5
M4,C,af_known_only,99,11988,0.5
NT,C,all_eligible,0,30240,0.8574242873589765
NT,C,all_eligible,1,30240,0.8567340027574816
NT,C,all_eligible,2,30240,0.8573992583144369
NT,C,all_eligible,3,30240,0.8567867137853084
NT,C,all_eligible,4,30240,0.8568708029765404
NT,C,all_eligible,5,30240,0.8563275148022171
NT,C,all_eligible,6,30240,0.8573725517727667
NT,C,all_eligible,7,30240,0.8570233502351557
NT,C,all_eligible,8,30240,0.8568742804477758
NT,C,all_eligible,9,30240,0.8559950882359116
NT,C,all_eligible,10,30240,0.856521734851348
NT,C,all_eligible,11,30240,0.8564872269638308
NT,C,all_eligible,12,30240,0.8559416226624394
NT,C,all_eligible,13,30240,0.8571533923497382
NT,C,all_eligible,14,30240,0.8569290210940343
NT,C,all_eligible,15,30240,0.8559842468365947
NT,C,all_eligible,16,30240,0.8560238331443688
NT,C,all_eligible,17,30240,0.8570219636208393
NT,C,all_eligible,18,30240,0.8566403472397189
NT,C,all_eligible,19,30240,0.8561733775300243
NT,C,all_eligible,20,30240,0.8566230495541838
NT,C,all_eligible,21,30240,0.8563689448258728
NT,C,all_eligible,22,30240,0.8571083776874947
NT,C,all_eligible,23,30240,0.8567972380567453
NT,C,all_eligible,24,30240,0.8573689693212676
NT,C,all_eligible,25,30240,0.8570429727961143
NT,C,all_eligible,26,30240,0.8570594700071387
NT,C,all_eligible,27,30240,0.8561911213816803
NT,C,all_eligible,28,30240,0.8565651223195039
NT,C,all_eligible,29,30240,0.8563576178928362
NT,C,all_eligible,30,30240,0.8572055325473811
NT,C,all_eligible,31,30240,0.8570803567054394
NT,C,all_eligible,32,30240,0.8564146003051426
NT,C,all_eligible,33,30240,0.8568568449756446
NT,C,all_eligible,34,30240,0.855667385781473
NT,C,all_eligible,35,30240,0.8563857438551552
NT,C,all_eligible,36,30240,0.8569457741944514
NT,C,all_eligible,37,30240,0.8570882674057277
NT,C,all_eligible,38,30240,0.8567495813911985
NT,C,all_eligible,39,30240,0.856556041526693
NT,C,all_eligible,40,30240,0.856394105095742
NT,C,all_eligible,41,30240,0.856978654887881
NT,C,all_eligible,42,30240,0.8566035013542455
NT,C,all_eligible,43,30240,0.8566972049879623
NT,C,all_eligible,44,30240,0.8566670472201227
NT,C,all_eligible,45,30240,0.8573108255647938
NT,C,all_eligible,46,30240,0.8573021843768371
NT,C,all_eligible,47,30240,0.8563047165882814
NT,C,all_eligible,48,30240,0.8570057310475631
NT,C,all_eligible,49,30240,0.8561691717582095
NT,C,all_eligible,50,30240,0.8566005903390163
NT,C,all_eligible,51,30240,0.856703186675905
NT,C,all_eligible,52,30240,0.8565870260141093
NT,C,all_eligible,53,30240,0.8563380346994764
NT,C,all_eligible,54,30240,0.856449143186081
NT,C,all_eligible,55,30240,0.8572488106610957
NT,C,all_eligible,56,30240,0.8561477164168136
NT,C,all_eligible,57,30240,0.8564540203941658
NT,C,all_eligible,58,30240,0.8564594728066124
NT,C,all_eligible,59,30240,0.8559860380623443
NT,C,all_eligible,60,30240,0.8563267099535288
NT,C,all_eligible,61,30240,0.8563286455271409
NT,C,all_eligible,62,30240,0.8566363558026091
NT,C,all_eligible,63,30240,0.8567702887482154
NT,C,all_eligible,64,30240,0.8582175729087932
NT,C,all_eligible,65,30240,0.8557341707259035
NT,C,all_eligible,66,30240,0.8578719822548361
NT,C,all_eligible,67,30240,0.85647510611755
NT,C,all_eligible,68,30240,0.8566858758678368
NT,C,all_eligible,69,30240,0.8562391914070154
NT,C,all_eligible,70,30240,0.8562680544182694
NT,C,all_eligible,71,30240,0.8562282078469248
NT,C,all_eligible,72,30240,0.8561288440273228
NT,C,all_eligible,73,30240,0.856582255973377
NT,C,all_eligible,74,30240,0.8562800965293524
NT,C,all_eligible,75,30240,0.8563090951401137
NT,C,all_eligible,76,30240,0.8565936310223677
NT,C,all_eligible,77,30240,0.857060010218079
NT,C,all_eligible,78,30240,0.8567869171845693
NT,C,all_eligible,79,30240,0.8571415186444948
NT,C,all_eligible,80,30240,0.8575482209344644
NT,C,all_eligible,81,30240,0.8572888650058789
NT,C,all_eligible,82,30240,0.8564617561273481
NT,C,all_eligible,83,30240,0.8571312240173847
NT,C,all_eligible,84,30240,0.8563047450204362
NT,C,all_eligible,85,30240,0.8568572911417653
NT,C,all_eligible,86,30240,0.8576860840786932
NT,C,all_eligible,87,30240,0.8563916992980319
NT,C,all_eligible,88,30240,0.8570888710422441
NT,C,all_eligible,89,30240,0.8566844892535204
NT,C,all_eligible,90,30240,0.8563460219478738
NT,C,all_eligible,91,30240,0.8564111228339072
NT,C,all_eligible,92,30240,0.8563527931748831
NT,C,all_eligible,93,30240,0.8566835225602587
NT,C,all_eligible,94,30240,0.8567981894403852
NT,C,all_eligible,95,30240,0.8568827138622939
NT,C,all_eligible,96,30240,0.8569062578735198
NT,C,all_eligible,97,30240,0.8563371248705244
NT,C,all_eligible,98,30240,0.8560529192386831
NT,C,all_eligible,99,30240,0.8573413529506453
NT,C,af_known_only,0,11988,0.7910966382910549
NT,C,af_known_only,1,11988,0.7931710906769298
NT,C,af_known_only,2,11988,0.7902588524460397
NT,C,af_known_only,3,11988,0.7922064540349492
NT,C,af_known_only,4,11988,0.7928423084412407
NT,C,af_known_only,5,11988,0.7911953077535326
NT,C,af_known_only,6,11988,0.7918667889332999
NT,C,af_known_only,7,11988,0.7929359261385732
NT,C,af_known_only,8,11988,0.7913921735104028
NT,C,af_known_only,9,11988,0.7913833085671591
NT,C,af_known_only,10,11988,0.7939707029908343
NT,C,af_known_only,11,11988,0.7933579920705935
NT,C,af_known_only,12,11988,0.792153097374986
NT,C,af_known_only,13,11988,0.7942057005286902
NT,C,af_known_only,14,11988,0.7942606019432846
NT,C,af_known_only,15,11988,0.7924395310670475
NT,C,af_known_only,16,11988,0.7929975493233196
NT,C,af_known_only,17,11988,0.7903763929650928
NT,C,af_known_only,18,11988,0.7917242818393969
NT,C,af_known_only,19,11988,0.7916326124812388
NT,C,af_known_only,20,11988,0.7911448179354975
NT,C,af_known_only,21,11988,0.7936514397836831
NT,C,af_known_only,22,11988,0.7931045409774139
NT,C,af_known_only,23,11988,0.7921859964736174
NT,C,af_known_only,24,11988,0.7921704654270554
NT,C,af_known_only,25,11988,0.7926553652974518
NT,C,af_known_only,26,11988,0.7940853210011257
NT,C,af_known_only,27,11988,0.7940704579565663
NT,C,af_known_only,28,11988,0.790598628881356
NT,C,af_known_only,29,11988,0.7915912798573237
NT,C,af_known_only,30,11988,0.7948921143365588
NT,C,af_known_only,31,11988,0.7925879945121409
NT,C,af_known_only,32,11988,0.7931200720239759
NT,C,af_known_only,33,11988,0.7941921178213026
NT,C,af_known_only,34,11988,0.7919601282964647
NT,C,af_known_only,35,11988,0.7916083139083918
NT,C,af_known_only,36,11988,0.7910245358248917
NT,C,af_known_only,37,11988,0.791876739379798
NT,C,af_known_only,38,11988,0.7909476738444595
NT,C,af_known_only,39,11988,0.7911622694878172
NT,C,af_known_only,40,11988,0.7929074803866262
NT,C,af_known_only,41,11988,0.7922065792853247
NT,C,af_known_only,42,11988,0.7915228374854668
NT,C,af_known_only,43,11988,0.7917562485185664
NT,C,af_known_only,44,11988,0.7916446226005786
NT,C,af_known_only,45,11988,0.7926131280874913
NT,C,af_known_only,46,11988,0.7920680245366042
NT,C,af_known_only,47,11988,0.7915802299908629
NT,C,af_known_only,48,11988,0.7937369022898997
NT,C,af_known_only,49,11988,0.7924022482052735
NT,C,af_known_only,50,11988,0.7934937217275111
NT,C,af_known_only,51,11988,0.7926278658816752
NT,C,af_known_only,52,11988,0.7952473522348953
NT,C,af_known_only,53,11988,0.7943298514842281
NT,C,af_known_only,54,11988,0.7938230467148274
NT,C,af_known_only,55,11988,0.7924168050822483
NT,C,af_known_only,56,11988,0.7938337069134533
NT,C,af_known_only,57,11988,0.7938545958927452
NT,C,af_known_only,58,11988,0.793507777602984
NT,C,af_known_only,59,11988,0.7928172305327238
NT,C,af_known_only,60,11988,0.7923322749954937
NT,C,af_known_only,61,11988,0.7931558657979523
NT,C,af_known_only,62,11988,0.7915781285678961
NT,C,af_known_only,63,11988,0.7910833756679603
NT,C,af_known_only,64,11988,0.7920232266523002
NT,C,af_known_only,65,11988,0.7919487444290024
NT,C,af_known_only,66,11988,0.7931998843465866
NT,C,af_known_only,67,11988,0.790963079640646
NT,C,af_known_only,68,11988,0.79291677674783
NT,C,af_known_only,69,11988,0.7919999718325822
NT,C,af_known_only,70,11988,0.7917353873726913
NT,C,af_known_only,71,11988,0.7928730782834887
NT,C,af_known_only,72,11988,0.79228462418597
NT,C,af_known_only,73,11988,0.7916826291311888
NT,C,af_known_only,74,11988,0.7928544159775391
NT,C,af_known_only,75,11988,0.7930580174212696
NT,C,af_known_only,76,11988,0.7935227519812105
NT,C,af_known_only,77,11988,0.792064113941547
NT,C,af_known_only,78,11988,0.7940782930633893
NT,C,af_known_only,79,11988,0.792936955974994
NT,C,af_known_only,80,11988,0.7910678307046898
NT,C,af_known_only,81,11988,0.7931749177717368
NT,C,af_known_only,82,11988,0.7923226446332886
NT,C,af_known_only,83,11988,0.7945629285163264
NT,C,af_known_only,84,11988,0.7924417159902646
NT,C,af_known_only,85,11988,0.7938443392786625
NT,C,af_known_only,86,11988,0.791346345789678
NT,C,af_known_only,87,11988,0.793457440868741
NT,C,af_known_only,88,11988,0.7922717651474186
NT,C,af_known_only,89,11988,0.7929556461143604
NT,C,af_known_only,90,11988,0.7924548811964005
NT,C,af_known_only,91,11988,0.7930796857362312
NT,C,af_known_only,92,11988,0.7923038709936719
NT,C,af_known_only,93,11988,0.7933611789968147
NT,C,af_known_only,94,11988,0.7921915909903898
NT,C,af_known_only,95,11988,0.7923963336042081
NT,C,af_known_only,96,11988,0.7934769799273191
NT,C,af_known_only,97,11988,0.7933045936605051
NT,C,af_known_only,98,11988,0.79384081835144
NT,C,af_known_only,99,11988,0.7937579304362754
DNABERT-2 seed 42,C,all_eligible,0,30240,0.7785082260784972
DNABERT-2 seed 42,C,all_eligible,1,30240,0.7778430623792727
DNABERT-2 seed 42,C,all_eligible,2,30240,0.7774142945501246
DNABERT-2 seed 42,C,all_eligible,3,30240,0.776833941781445
DNABERT-2 seed 42,C,all_eligible,4,30240,0.7777357419305171
DNABERT-2 seed 42,C,all_eligible,5,30240,0.7766223059439825
DNABERT-2 seed 42,C,all_eligible,6,30240,0.7772808865058369
DNABERT-2 seed 42,C,all_eligible,7,30240,0.7772774068475127
DNABERT-2 seed 42,C,all_eligible,8,30240,0.7770786070343776
DNABERT-2 seed 42,C,all_eligible,9,30240,0.7768238680503066
DNABERT-2 seed 42,C,all_eligible,10,30240,0.7773014123344811
DNABERT-2 seed 42,C,all_eligible,11,30240,0.7781533818517119
DNABERT-2 seed 42,C,all_eligible,12,30240,0.7776717783306738
DNABERT-2 seed 42,C,all_eligible,13,30240,0.7765284382786036
DNABERT-2 seed 42,C,all_eligible,14,30240,0.777499455414882
DNABERT-2 seed 42,C,all_eligible,15,30240,0.7779981335383948
DNABERT-2 seed 42,C,all_eligible,16,30240,0.7778872831282719
DNABERT-2 seed 42,C,all_eligible,17,30240,0.7770134405356793
DNABERT-2 seed 42,C,all_eligible,18,30240,0.7783882817530304
DNABERT-2 seed 42,C,all_eligible,19,30240,0.7773491018063604
DNABERT-2 seed 42,C,all_eligible,20,30240,0.7786163623113854
DNABERT-2 seed 42,C,all_eligible,21,30240,0.7777378896517455
DNABERT-2 seed 42,C,all_eligible,22,30240,0.7768429285294365
DNABERT-2 seed 42,C,all_eligible,23,30240,0.778911822702332
DNABERT-2 seed 42,C,all_eligible,24,30240,0.7779235866157163
DNABERT-2 seed 42,C,all_eligible,25,30240,0.7792068697334901
DNABERT-2 seed 42,C,all_eligible,26,30240,0.7769666412089528
DNABERT-2 seed 42,C,all_eligible,27,30240,0.7777494046744212
DNABERT-2 seed 42,C,all_eligible,28,30240,0.7773445745324878
DNABERT-2 seed 42,C,all_eligible,29,30240,0.7788004364554464
DNABERT-2 seed 42,C,all_eligible,30,30240,0.7777326165805829
DNABERT-2 seed 42,C,all_eligible,31,30240,0.7768360807543182
DNABERT-2 seed 42,C,all_eligible,32,30240,0.7780292098835419
DNABERT-2 seed 42,C,all_eligible,33,30240,0.7773137671992666
DNABERT-2 seed 42,C,all_eligible,34,30240,0.7772785703787688
DNABERT-2 seed 42,C,all_eligible,35,30240,0.7772230008258447
DNABERT-2 seed 42,C,all_eligible,36,30240,0.7783495090423
DNABERT-2 seed 42,C,all_eligible,37,30240,0.7775126763668431
DNABERT-2 seed 42,C,all_eligible,38,30240,0.7774881919074214
DNABERT-2 seed 42,C,all_eligible,39,30240,0.7776805485568713
DNABERT-2 seed 42,C,all_eligible,40,30240,0.7790940924981103
DNABERT-2 seed 42,C,all_eligible,41,30240,0.7778362474104868
DNABERT-2 seed 42,C,all_eligible,42,30240,0.7769855923336413
DNABERT-2 seed 42,C,all_eligible,43,30240,0.7774103424806137
DNABERT-2 seed 42,C,all_eligible,44,30240,0.7777719010700989
DNABERT-2 seed 42,C,all_eligible,45,30240,0.7769506907701352
DNABERT-2 seed 42,C,all_eligible,46,30240,0.7774905736471543
DNABERT-2 seed 42,C,all_eligible,47,30240,0.7767076548983791
DNABERT-2 seed 42,C,all_eligible,48,30240,0.7774668087399569
DNABERT-2 seed 42,C,all_eligible,49,30240,0.7773814226050503
DNABERT-2 seed 42,C,all_eligible,50,30240,0.7788457551230369
DNABERT-2 seed 42,C,all_eligible,51,30240,0.7779730563779009
DNABERT-2 seed 42,C,all_eligible,52,30240,0.7775247228521038
DNABERT-2 seed 42,C,all_eligible,53,30240,0.7771116998754234
DNABERT-2 seed 42,C,all_eligible,54,30240,0.7776258407169452
DNABERT-2 seed 42,C,all_eligible,55,30240,0.7777718398316117
DNABERT-2 seed 42,C,all_eligible,56,30240,0.7781165337791495
DNABERT-2 seed 42,C,all_eligible,57,30240,0.7765670557060272
DNABERT-2 seed 42,C,all_eligible,58,30240,0.7768083550292545
DNABERT-2 seed 42,C,all_eligible,59,30240,0.776814085201982
DNABERT-2 seed 42,C,all_eligible,60,30240,0.7777674809635788
DNABERT-2 seed 42,C,all_eligible,61,30240,0.7777498989564962
DNABERT-2 seed 42,C,all_eligible,62,30240,0.7773543180132135
DNABERT-2 seed 42,C,all_eligible,63,30240,0.778171945861678
DNABERT-2 seed 42,C,all_eligible,64,30240,0.7785923218309958
DNABERT-2 seed 42,C,all_eligible,65,30240,0.7776042957049075
DNABERT-2 seed 42,C,all_eligible,66,30240,0.7781168049781642
DNABERT-2 seed 42,C,all_eligible,67,30240,0.7774116481726435
DNABERT-2 seed 42,C,all_eligible,68,30240,0.7782675763206517
DNABERT-2 seed 42,C,all_eligible,69,30240,0.776970829484057
DNABERT-2 seed 42,C,all_eligible,70,30240,0.7779592558474007
DNABERT-2 seed 42,C,all_eligible,71,30240,0.7779793595679012
DNABERT-2 seed 42,C,all_eligible,72,30240,0.777108209281655
DNABERT-2 seed 42,C,all_eligible,73,30240,0.7778072356771927
DNABERT-2 seed 42,C,all_eligible,74,30240,0.7773598929026343
DNABERT-2 seed 42,C,all_eligible,75,30240,0.7789206716637272
DNABERT-2 seed 42,C,all_eligible,76,30240,0.7772343233847037
DNABERT-2 seed 42,C,all_eligible,77,30240,0.7779796176443828
DNABERT-2 seed 42,C,all_eligible,78,30240,0.7773355156105652
DNABERT-2 seed 42,C,all_eligible,79,30240,0.7784258034489516
DNABERT-2 seed 42,C,all_eligible,80,30240,0.7782861687627726
DNABERT-2 seed 42,C,all_eligible,81,30240,0.7780351718876851
DNABERT-2 seed 42,C,all_eligible,82,30240,0.7767767362860782
DNABERT-2 seed 42,C,all_eligible,83,30240,0.777174897994177
DNABERT-2 seed 42,C,all_eligible,84,30240,0.7781501974503793
DNABERT-2 seed 42,C,all_eligible,85,30240,0.7780682275482209
DNABERT-2 seed 42,C,all_eligible,86,30240,0.7783147146461465
DNABERT-2 seed 42,C,all_eligible,87,30240,0.7773528001735673
DNABERT-2 seed 42,C,all_eligible,88,30240,0.7777303441952913
DNABERT-2 seed 42,C,all_eligible,89,30240,0.7762306551993226
DNABERT-2 seed 42,C,all_eligible,90,30240,0.7767886668556312
DNABERT-2 seed 42,C,all_eligible,91,30240,0.7775185158940119
DNABERT-2 seed 42,C,all_eligible,92,30240,0.7784092493736178
DNABERT-2 seed 42,C,all_eligible,93,30240,0.7772773849766244
DNABERT-2 seed 42,C,all_eligible,94,30240,0.7774784724846728
DNABERT-2 seed 42,C,all_eligible,95,30240,0.778340758499902
DNABERT-2 seed 42,C,all_eligible,96,30240,0.7780637921320792
DNABERT-2 seed 42,C,all_eligible,97,30240,0.7775039039535567
DNABERT-2 seed 42,C,all_eligible,98,30240,0.778833203420257
DNABERT-2 seed 42,C,all_eligible,99,30240,0.7787768290186445
DNABERT-2 seed 42,C,af_known_only,0,11988,0.7315385121524595
DNABERT-2 seed 42,C,af_known_only,1,11988,0.7321915258601945
DNABERT-2 seed 42,C,af_known_only,2,11988,0.7298811991838352
DNABERT-2 seed 42,C,af_known_only,3,11988,0.7318672804714402
DNABERT-2 seed 42,C,af_known_only,4,11988,0.7322811633789278
DNABERT-2 seed 42,C,af_known_only,5,11988,0.730293732170609
DNABERT-2 seed 42,C,af_known_only,6,11988,0.7314583797455558
DNABERT-2 seed 42,C,af_known_only,7,11988,0.7312205431991885
DNABERT-2 seed 42,C,af_known_only,8,11988,0.7309918360135244
DNABERT-2 seed 42,C,af_known_only,9,11988,0.730767415174044
DNABERT-2 seed 42,C,af_known_only,10,11988,0.7316626352745805
DNABERT-2 seed 42,C,af_known_only,11,11988,0.7324537166462425
DNABERT-2 seed 42,C,af_known_only,12,11988,0.7289104948569969
DNABERT-2 seed 42,C,af_known_only,13,11988,0.7330008520365544
DNABERT-2 seed 42,C,af_known_only,14,11988,0.7320070598904989
DNABERT-2 seed 42,C,af_known_only,15,11988,0.7316642217793369
DNABERT-2 seed 42,C,af_known_only,16,11988,0.7300111394900629
DNABERT-2 seed 42,C,af_known_only,17,11988,0.7309253141474251
DNABERT-2 seed 42,C,af_known_only,18,11988,0.731471878952693
DNABERT-2 seed 42,C,af_known_only,19,11988,0.7310123492416897
DNABERT-2 seed 42,C,af_known_only,20,11988,0.7307363669976282
DNABERT-2 seed 42,C,af_known_only,21,11988,0.7321651676145059
DNABERT-2 seed 42,C,af_known_only,22,11988,0.7294472483828507
DNABERT-2 seed 42,C,af_known_only,23,11988,0.7298451131589826
DNABERT-2 seed 42,C,af_known_only,24,11988,0.7289627242635807
DNABERT-2 seed 42,C,af_known_only,25,11988,0.7323485898310723
DNABERT-2 seed 42,C,af_known_only,26,11988,0.7307727035232319
DNABERT-2 seed 42,C,af_known_only,27,11988,0.7311914016118221
DNABERT-2 seed 42,C,af_known_only,28,11988,0.730759649650763
DNABERT-2 seed 42,C,af_known_only,29,11988,0.7309084470968578
DNABERT-2 seed 42,C,af_known_only,30,11988,0.7318447632372669
DNABERT-2 seed 42,C,af_known_only,31,11988,0.732018944759463
DNABERT-2 seed 42,C,af_known_only,32,11988,0.7321574160079332
DNABERT-2 seed 42,C,af_known_only,33,11988,0.7316324360173765
DNABERT-2 seed 42,C,af_known_only,34,11988,0.7295813776183034
DNABERT-2 seed 42,C,af_known_only,35,11988,0.7328112925515884
DNABERT-2 seed 42,C,af_known_only,36,11988,0.7302314549005685
DNABERT-2 seed 42,C,af_known_only,37,11988,0.730757576061213
DNABERT-2 seed 42,C,af_known_only,38,11988,0.7295441225899462
DNABERT-2 seed 42,C,af_known_only,39,11988,0.7294415564491196
DNABERT-2 seed 42,C,af_known_only,40,11988,0.7328995244827744
DNABERT-2 seed 42,C,af_known_only,41,11988,0.7322741493578998
DNABERT-2 seed 42,C,af_known_only,42,11988,0.7323973678939756
DNABERT-2 seed 42,C,af_known_only,43,11988,0.7306961198769674
DNABERT-2 seed 42,C,af_known_only,44,11988,0.731638503702234
DNABERT-2 seed 42,C,af_known_only,45,11988,0.7308437900696826
DNABERT-2 seed 42,C,af_known_only,46,11988,0.7303577629459066
DNABERT-2 seed 42,C,af_known_only,47,11988,0.7314336497547487
DNABERT-2 seed 42,C,af_known_only,48,11988,0.7327623614048928
DNABERT-2 seed 42,C,af_known_only,49,11988,0.7301561515914758
DNABERT-2 seed 42,C,af_known_only,50,11988,0.7313209105000896
DNABERT-2 seed 42,C,af_known_only,51,11988,0.7318451529051018
DNABERT-2 seed 42,C,af_known_only,52,11988,0.732974396373907
DNABERT-2 seed 42,C,af_known_only,53,11988,0.7309727005394896
DNABERT-2 seed 42,C,af_known_only,54,11988,0.731795178005277
DNABERT-2 seed 42,C,af_known_only,55,11988,0.7318969230603086
DNABERT-2 seed 42,C,af_known_only,56,11988,0.7317101469170204
DNABERT-2 seed 42,C,af_known_only,57,11988,0.730576032600279
DNABERT-2 seed 42,C,af_known_only,58,11988,0.7319457707067539
DNABERT-2 seed 42,C,af_known_only,59,11988,0.7311352476934726
DNABERT-2 seed 42,C,af_known_only,60,11988,0.73134518123952
DNABERT-2 seed 42,C,af_known_only,61,11988,0.7325340021369384
DNABERT-2 seed 42,C,af_known_only,62,11988,0.7314737437916172
DNABERT-2 seed 42,C,af_known_only,63,11988,0.7304820669852368
DNABERT-2 seed 42,C,af_known_only,64,11988,0.7316036701811366
DNABERT-2 seed 42,C,af_known_only,65,11988,0.7317231033725305
DNABERT-2 seed 42,C,af_known_only,66,11988,0.7314607595026903
DNABERT-2 seed 42,C,af_known_only,67,11988,0.7311824253349112
DNABERT-2 seed 42,C,af_known_only,68,11988,0.7306397432912837
DNABERT-2 seed 42,C,af_known_only,69,11988,0.7291296551807063
DNABERT-2 seed 42,C,af_known_only,70,11988,0.7302780897903799
DNABERT-2 seed 42,C,af_known_only,71,11988,0.7314551093190844
DNABERT-2 seed 42,C,af_known_only,72,11988,0.7320514402735513
DNABERT-2 seed 42,C,af_known_only,73,11988,0.7319549557342906
DNABERT-2 seed 42,C,af_known_only,74,11988,0.7321257554963483
DNABERT-2 seed 42,C,af_known_only,75,11988,0.7316042685995973
DNABERT-2 seed 42,C,af_known_only,76,11988,0.7335597052953298
DNABERT-2 seed 42,C,af_known_only,77,11988,0.7307244264618306
DNABERT-2 seed 42,C,af_known_only,78,11988,0.7323299971086646
DNABERT-2 seed 42,C,af_known_only,79,11988,0.7302674852585874
DNABERT-2 seed 42,C,af_known_only,80,11988,0.7308372492167399
DNABERT-2 seed 42,C,af_known_only,81,11988,0.7302934955865664
DNABERT-2 seed 42,C,af_known_only,82,11988,0.7303395042245003
DNABERT-2 seed 42,C,af_known_only,83,11988,0.7309860327461262
DNABERT-2 seed 42,C,af_known_only,84,11988,0.7321889791025593
DNABERT-2 seed 42,C,af_known_only,85,11988,0.7322615686535161
DNABERT-2 seed 42,C,af_known_only,86,11988,0.7296570845119393
DNABERT-2 seed 42,C,af_known_only,87,11988,0.7308835779389666
DNABERT-2 seed 42,C,af_known_only,88,11988,0.731571773085509
DNABERT-2 seed 42,C,af_known_only,89,11988,0.7315543354498977
DNABERT-2 seed 42,C,af_known_only,90,11988,0.7313594319489103
DNABERT-2 seed 42,C,af_known_only,91,11988,0.7323994832336508
DNABERT-2 seed 42,C,af_known_only,92,11988,0.7304993793704727
DNABERT-2 seed 42,C,af_known_only,93,11988,0.7297676527600896
DNABERT-2 seed 42,C,af_known_only,94,11988,0.731607622526319
DNABERT-2 seed 42,C,af_known_only,95,11988,0.7313755753306415
DNABERT-2 seed 42,C,af_known_only,96,11988,0.7318627992913389
DNABERT-2 seed 42,C,af_known_only,97,11988,0.7304102011031163
DNABERT-2 seed 42,C,af_known_only,98,11988,0.7297891123244254
DNABERT-2 seed 42,C,af_known_only,99,11988,0.7316125907912139
