Some weights of BertModel were not initialized from the model checkpoint at zhihan1996/DNABERT-2-117M and are newly initialized: ['pooler.dense.bias', 'pooler.dense.weight']
You should probably TRAIN this model on a down-stream task to be able to use it for predictions and inference.
max_length used: 200
device: cuda train: 135147 val: 33780 batch_size: 16
LR warmup: 8447/84470 steps (10%), linear 0 -> 2e-5
{"epoch": 1, "step": 1, "loss": 0.6780439019203186, "lr": 2.3677045104770926e-09}
{"epoch": 1, "step": 50, "loss": 0.6712321639060974, "lr": 1.1838522552385464e-07}
{"epoch": 1, "step": 100, "loss": 0.7111096978187561, "lr": 2.3677045104770928e-07}
{"epoch": 1, "step": 150, "loss": 0.7147423028945923, "lr": 3.551556765715639e-07}
{"epoch": 1, "step": 200, "loss": 0.6932126879692078, "lr": 4.7354090209541856e-07}
{"epoch": 1, "step": 250, "loss": 0.6762953996658325, "lr": 5.919261276192732e-07}
{"epoch": 1, "step": 300, "loss": 0.7019532322883606, "lr": 7.103113531431278e-07}
{"epoch": 1, "step": 350, "loss": 0.68961501121521, "lr": 8.286965786669825e-07}
{"epoch": 1, "step": 400, "loss": 0.6935780644416809, "lr": 9.470818041908371e-07}
{"epoch": 1, "step": 450, "loss": 0.6840792894363403, "lr": 1.0654670297146916e-06}
{"epoch": 1, "step": 500, "loss": 0.692639172077179, "lr": 1.1838522552385464e-06}
{"epoch": 1, "step": 550, "loss": 0.6795336604118347, "lr": 1.302237480762401e-06}
{"epoch": 1, "step": 600, "loss": 0.7117459177970886, "lr": 1.4206227062862556e-06}
{"epoch": 1, "step": 650, "loss": 0.6798951029777527, "lr": 1.5390079318101102e-06}
{"epoch": 1, "step": 700, "loss": 0.7124907374382019, "lr": 1.657393157333965e-06}
{"epoch": 1, "step": 750, "loss": 0.690258800983429, "lr": 1.7757783828578196e-06}
{"epoch": 1, "step": 800, "loss": 0.6637827157974243, "lr": 1.8941636083816742e-06}
{"epoch": 1, "step": 850, "loss": 0.7099092602729797, "lr": 2.012548833905529e-06}
{"epoch": 1, "step": 900, "loss": 0.689537525177002, "lr": 2.1309340594293832e-06}
{"epoch": 1, "step": 950, "loss": 0.6986451745033264, "lr": 2.249319284953238e-06}
{"epoch": 1, "step": 1000, "loss": 0.7025600671768188, "lr": 2.367704510477093e-06}
{"epoch": 1, "step": 1050, "loss": 0.7010906338691711, "lr": 2.4860897360009472e-06}
{"epoch": 1, "step": 1100, "loss": 0.6754801869392395, "lr": 2.604474961524802e-06}
{"epoch": 1, "step": 1150, "loss": 0.7082990407943726, "lr": 2.7228601870486564e-06}
{"epoch": 1, "step": 1200, "loss": 0.7184656262397766, "lr": 2.8412454125725113e-06}
{"epoch": 1, "step": 1250, "loss": 0.7074345946311951, "lr": 2.9596306380963656e-06}
{"epoch": 1, "step": 1300, "loss": 0.6944400668144226, "lr": 3.0780158636202205e-06}
{"epoch": 1, "step": 1350, "loss": 0.6448632478713989, "lr": 3.196401089144075e-06}
{"epoch": 1, "step": 1400, "loss": 0.676734209060669, "lr": 3.31478631466793e-06}
{"epoch": 1, "step": 1450, "loss": 0.6978511810302734, "lr": 3.433171540191784e-06}
{"epoch": 1, "step": 1500, "loss": 0.6952016353607178, "lr": 3.5515567657156393e-06}
{"epoch": 1, "step": 1550, "loss": 0.6830174326896667, "lr": 3.6699419912394937e-06}
{"epoch": 1, "step": 1600, "loss": 0.679475724697113, "lr": 3.7883272167633485e-06}
{"epoch": 1, "step": 1650, "loss": 0.7181761264801025, "lr": 3.906712442287203e-06}
{"epoch": 1, "step": 1700, "loss": 0.7365212440490723, "lr": 4.025097667811058e-06}
{"epoch": 1, "step": 1750, "loss": 0.7460201978683472, "lr": 4.143482893334912e-06}
{"epoch": 1, "step": 1800, "loss": 0.7093318700790405, "lr": 4.2618681188587665e-06}
{"epoch": 1, "step": 1850, "loss": 0.6719186902046204, "lr": 4.380253344382621e-06}
{"epoch": 1, "step": 1900, "loss": 0.6902841329574585, "lr": 4.498638569906476e-06}
{"epoch": 1, "step": 1950, "loss": 0.6218101382255554, "lr": 4.61702379543033e-06}
{"epoch": 1, "step": 2000, "loss": 0.6323040127754211, "lr": 4.735409020954186e-06}
{"epoch": 1, "step": 2050, "loss": 0.7075424790382385, "lr": 4.8537942464780405e-06}
{"epoch": 1, "step": 2100, "loss": 0.7304415106773376, "lr": 4.9721794720018945e-06}
{"epoch": 1, "step": 2150, "loss": 0.6593354344367981, "lr": 5.090564697525749e-06}
{"epoch": 1, "step": 2200, "loss": 0.6695888042449951, "lr": 5.208949923049604e-06}
{"epoch": 1, "step": 2250, "loss": 0.6553353667259216, "lr": 5.327335148573458e-06}
{"epoch": 1, "step": 2300, "loss": 0.7142825722694397, "lr": 5.445720374097313e-06}
{"epoch": 1, "step": 2350, "loss": 0.6261190176010132, "lr": 5.564105599621168e-06}
{"epoch": 1, "step": 2400, "loss": 0.6998740434646606, "lr": 5.6824908251450225e-06}
{"epoch": 1, "step": 2450, "loss": 0.7723175287246704, "lr": 5.8008760506688765e-06}
{"epoch": 1, "step": 2500, "loss": 0.6623684763908386, "lr": 5.919261276192731e-06}
{"epoch": 1, "step": 2550, "loss": 0.6719098687171936, "lr": 6.037646501716586e-06}
{"epoch": 1, "step": 2600, "loss": 0.6843724846839905, "lr": 6.156031727240441e-06}
{"epoch": 1, "step": 2650, "loss": 0.6668697595596313, "lr": 6.274416952764295e-06}
{"epoch": 1, "step": 2700, "loss": 0.7064836621284485, "lr": 6.39280217828815e-06}
{"epoch": 1, "step": 2750, "loss": 0.69327712059021, "lr": 6.5111874038120045e-06}
{"epoch": 1, "step": 2800, "loss": 0.6874945163726807, "lr": 6.62957262933586e-06}
{"epoch": 1, "step": 2850, "loss": 0.7235409617424011, "lr": 6.747957854859713e-06}
{"epoch": 1, "step": 2900, "loss": 0.6379427313804626, "lr": 6.866343080383568e-06}
{"epoch": 1, "step": 2950, "loss": 0.7063224911689758, "lr": 6.984728305907424e-06}
{"epoch": 1, "step": 3000, "loss": 0.6903670430183411, "lr": 7.1031135314312786e-06}
{"epoch": 1, "step": 3050, "loss": 0.6668562293052673, "lr": 7.221498756955133e-06}
{"epoch": 1, "step": 3100, "loss": 0.7113776803016663, "lr": 7.339883982478987e-06}
{"epoch": 1, "step": 3150, "loss": 0.629768431186676, "lr": 7.458269208002842e-06}
{"epoch": 1, "step": 3200, "loss": 0.6474000811576843, "lr": 7.576654433526697e-06}
{"epoch": 1, "step": 3250, "loss": 0.6808211207389832, "lr": 7.695039659050551e-06}
{"epoch": 1, "step": 3300, "loss": 0.6746468544006348, "lr": 7.813424884574406e-06}
{"epoch": 1, "step": 3350, "loss": 0.6680372357368469, "lr": 7.93181011009826e-06}
{"epoch": 1, "step": 3400, "loss": 0.7260087728500366, "lr": 8.050195335622115e-06}
{"epoch": 1, "step": 3450, "loss": 0.7328181266784668, "lr": 8.16858056114597e-06}
{"epoch": 1, "step": 3500, "loss": 0.6052042841911316, "lr": 8.286965786669823e-06}
{"epoch": 1, "step": 3550, "loss": 0.7533663511276245, "lr": 8.405351012193678e-06}
{"epoch": 1, "step": 3600, "loss": 0.539029061794281, "lr": 8.523736237717533e-06}
{"epoch": 1, "step": 3650, "loss": 0.7832850217819214, "lr": 8.642121463241388e-06}
{"epoch": 1, "step": 3700, "loss": 0.6063451170921326, "lr": 8.760506688765243e-06}
{"epoch": 1, "step": 3750, "loss": 0.7096168398857117, "lr": 8.878891914289097e-06}
{"epoch": 1, "step": 3800, "loss": 0.5655396580696106, "lr": 8.997277139812952e-06}
{"epoch": 1, "step": 3850, "loss": 0.6492398381233215, "lr": 9.115662365336807e-06}
{"epoch": 1, "step": 3900, "loss": 0.6812392473220825, "lr": 9.23404759086066e-06}
{"epoch": 1, "step": 3950, "loss": 0.6979953646659851, "lr": 9.352432816384515e-06}
{"epoch": 1, "step": 4000, "loss": 0.675240695476532, "lr": 9.470818041908371e-06}
{"epoch": 1, "step": 4050, "loss": 0.7196043133735657, "lr": 9.589203267432226e-06}
{"epoch": 1, "step": 4100, "loss": 0.6885539293289185, "lr": 9.707588492956081e-06}
{"epoch": 1, "step": 4150, "loss": 0.6357868909835815, "lr": 9.825973718479934e-06}
{"epoch": 1, "step": 4200, "loss": 0.7237409353256226, "lr": 9.944358944003789e-06}
{"epoch": 1, "step": 4250, "loss": 0.7214122414588928, "lr": 1.0062744169527642e-05}
{"epoch": 1, "step": 4300, "loss": 0.6746046543121338, "lr": 1.0181129395051499e-05}
{"epoch": 1, "step": 4350, "loss": 0.6407635807991028, "lr": 1.0299514620575353e-05}
{"epoch": 1, "step": 4400, "loss": 0.6479076147079468, "lr": 1.0417899846099208e-05}
{"epoch": 1, "step": 4450, "loss": 0.7114327549934387, "lr": 1.0536285071623063e-05}
{"epoch": 1, "step": 4500, "loss": 0.6372303366661072, "lr": 1.0654670297146916e-05}
{"epoch": 1, "step": 4550, "loss": 0.6068363785743713, "lr": 1.0773055522670773e-05}
{"epoch": 1, "step": 4600, "loss": 0.7545631527900696, "lr": 1.0891440748194626e-05}
{"epoch": 1, "step": 4650, "loss": 0.666181206703186, "lr": 1.100982597371848e-05}
{"epoch": 1, "step": 4700, "loss": 0.7517798542976379, "lr": 1.1128211199242335e-05}
{"epoch": 1, "step": 4750, "loss": 0.666150689125061, "lr": 1.124659642476619e-05}
{"epoch": 1, "step": 4800, "loss": 0.6708816289901733, "lr": 1.1364981650290045e-05}
{"epoch": 1, "step": 4850, "loss": 0.5618729591369629, "lr": 1.14833668758139e-05}
{"epoch": 1, "step": 4900, "loss": 0.7529811263084412, "lr": 1.1601752101337753e-05}
{"epoch": 1, "step": 4950, "loss": 0.8113787174224854, "lr": 1.172013732686161e-05}
{"epoch": 1, "step": 5000, "loss": 0.6204677224159241, "lr": 1.1838522552385463e-05}
{"epoch": 1, "step": 5050, "loss": 0.6402967572212219, "lr": 1.1956907777909319e-05}
{"epoch": 1, "step": 5100, "loss": 0.6448715329170227, "lr": 1.2075293003433172e-05}
{"epoch": 1, "step": 5150, "loss": 0.6621390581130981, "lr": 1.2193678228957027e-05}
{"epoch": 1, "step": 5200, "loss": 0.7361120581626892, "lr": 1.2312063454480882e-05}
{"epoch": 1, "step": 5250, "loss": 0.6235948801040649, "lr": 1.2430448680004737e-05}
{"epoch": 1, "step": 5300, "loss": 0.6259158849716187, "lr": 1.254883390552859e-05}
{"epoch": 1, "step": 5350, "loss": 0.6892295479774475, "lr": 1.2667219131052446e-05}
{"epoch": 1, "step": 5400, "loss": 0.580828070640564, "lr": 1.27856043565763e-05}
{"epoch": 1, "step": 5450, "loss": 0.6166174411773682, "lr": 1.2903989582100156e-05}
{"epoch": 1, "step": 5500, "loss": 0.6188755631446838, "lr": 1.3022374807624009e-05}
{"epoch": 1, "step": 5550, "loss": 0.6235476136207581, "lr": 1.3140760033147864e-05}
{"epoch": 1, "step": 5600, "loss": 0.608539879322052, "lr": 1.325914525867172e-05}
{"epoch": 1, "step": 5650, "loss": 0.7163606882095337, "lr": 1.3377530484195573e-05}
{"epoch": 1, "step": 5700, "loss": 0.6312189698219299, "lr": 1.3495915709719427e-05}
{"epoch": 1, "step": 5750, "loss": 0.4804437756538391, "lr": 1.3614300935243283e-05}
{"epoch": 1, "step": 5800, "loss": 0.689652144908905, "lr": 1.3732686160767136e-05}
{"epoch": 1, "step": 5850, "loss": 0.7207415699958801, "lr": 1.3851071386290993e-05}
{"epoch": 1, "step": 5900, "loss": 0.5805352926254272, "lr": 1.3969456611814847e-05}
{"epoch": 1, "step": 5950, "loss": 0.7694794535636902, "lr": 1.40878418373387e-05}
{"epoch": 1, "step": 6000, "loss": 0.6128910183906555, "lr": 1.4206227062862557e-05}
{"epoch": 1, "step": 6050, "loss": 0.6922435164451599, "lr": 1.432461228838641e-05}
{"epoch": 1, "step": 6100, "loss": 0.5899417996406555, "lr": 1.4442997513910267e-05}
{"epoch": 1, "step": 6150, "loss": 0.7639140486717224, "lr": 1.456138273943412e-05}
{"epoch": 1, "step": 6200, "loss": 0.6798019409179688, "lr": 1.4679767964957975e-05}
{"epoch": 1, "step": 6250, "loss": 0.5858232975006104, "lr": 1.479815319048183e-05}
{"epoch": 1, "step": 6300, "loss": 0.6641623377799988, "lr": 1.4916538416005684e-05}
{"epoch": 1, "step": 6350, "loss": 0.6752653121948242, "lr": 1.5034923641529537e-05}
{"epoch": 1, "step": 6400, "loss": 0.5313342809677124, "lr": 1.5153308867053394e-05}
{"epoch": 1, "step": 6450, "loss": 0.6758009791374207, "lr": 1.5271694092577247e-05}
{"epoch": 1, "step": 6500, "loss": 0.6610184907913208, "lr": 1.5390079318101102e-05}
{"epoch": 1, "step": 6550, "loss": 0.6420367956161499, "lr": 1.5508464543624957e-05}
{"epoch": 1, "step": 6600, "loss": 0.5090857148170471, "lr": 1.562684976914881e-05}
{"epoch": 1, "step": 6650, "loss": 0.5440340638160706, "lr": 1.5745234994672666e-05}
{"epoch": 1, "step": 6700, "loss": 0.7672226428985596, "lr": 1.586362022019652e-05}
{"epoch": 1, "step": 6750, "loss": 0.6966647505760193, "lr": 1.5982005445720376e-05}
{"epoch": 1, "step": 6800, "loss": 0.5403617024421692, "lr": 1.610039067124423e-05}
{"epoch": 1, "step": 6850, "loss": 0.6669540405273438, "lr": 1.6218775896768086e-05}
{"epoch": 1, "step": 6900, "loss": 0.6753217577934265, "lr": 1.633716112229194e-05}
{"epoch": 1, "step": 6950, "loss": 0.6825870871543884, "lr": 1.6455546347815795e-05}
{"epoch": 1, "step": 7000, "loss": 0.6217789649963379, "lr": 1.6573931573339647e-05}
{"epoch": 1, "step": 7050, "loss": 0.6331131458282471, "lr": 1.6692316798863505e-05}
{"epoch": 1, "step": 7100, "loss": 0.6685870885848999, "lr": 1.6810702024387356e-05}
{"epoch": 1, "step": 7150, "loss": 0.619872510433197, "lr": 1.6929087249911214e-05}
{"epoch": 1, "step": 7200, "loss": 0.7495483160018921, "lr": 1.7047472475435066e-05}
{"epoch": 1, "step": 7250, "loss": 0.5989899635314941, "lr": 1.716585770095892e-05}
{"epoch": 1, "step": 7300, "loss": 0.6736595630645752, "lr": 1.7284242926482775e-05}
{"epoch": 1, "step": 7350, "loss": 0.5932648777961731, "lr": 1.740262815200663e-05}
{"epoch": 1, "step": 7400, "loss": 0.5991393327713013, "lr": 1.7521013377530485e-05}
{"epoch": 1, "step": 7450, "loss": 0.6524677276611328, "lr": 1.763939860305434e-05}
{"epoch": 1, "step": 7500, "loss": 0.6940644979476929, "lr": 1.7757783828578195e-05}
{"epoch": 1, "step": 7550, "loss": 0.6944907903671265, "lr": 1.787616905410205e-05}
{"epoch": 1, "step": 7600, "loss": 0.650364339351654, "lr": 1.7994554279625904e-05}
{"epoch": 1, "step": 7650, "loss": 0.5193772315979004, "lr": 1.811293950514976e-05}
{"epoch": 1, "step": 7700, "loss": 0.8134485483169556, "lr": 1.8231324730673614e-05}
{"epoch": 1, "step": 7750, "loss": 0.5444931387901306, "lr": 1.834970995619747e-05}
{"epoch": 1, "step": 7800, "loss": 0.6236056089401245, "lr": 1.846809518172132e-05}
{"epoch": 1, "step": 7850, "loss": 0.6961341500282288, "lr": 1.858648040724518e-05}
{"epoch": 1, "step": 7900, "loss": 0.5843035578727722, "lr": 1.870486563276903e-05}
{"epoch": 1, "step": 7950, "loss": 0.5684281587600708, "lr": 1.8823250858292888e-05}
{"epoch": 1, "step": 8000, "loss": 0.6593570113182068, "lr": 1.8941636083816743e-05}
{"epoch": 1, "step": 8050, "loss": 0.7196758985519409, "lr": 1.9060021309340594e-05}
{"epoch": 1, "step": 8100, "loss": 0.750100314617157, "lr": 1.9178406534864452e-05}
{"epoch": 1, "step": 8150, "loss": 0.804172933101654, "lr": 1.9296791760388304e-05}
{"epoch": 1, "step": 8200, "loss": 0.5527077317237854, "lr": 1.9415176985912162e-05}
{"epoch": 1, "step": 8250, "loss": 0.5628564953804016, "lr": 1.9533562211436013e-05}
{"epoch": 1, "step": 8300, "loss": 0.6334766745567322, "lr": 1.9651947436959868e-05}
{"epoch": 1, "step": 8350, "loss": 0.5621219873428345, "lr": 1.9770332662483723e-05}
{"epoch": 1, "step": 8400, "loss": 0.6537311673164368, "lr": 1.9888717888007578e-05}
{"epoch": 1, "weighted_f1": 0.5999733437373335, "checkpoint": "/home/rishank/Projects/major project/Test/results/checkpoints/dnabert2_splitb_seed2/epoch_01.pt"}
{"epoch": 2, "step": 1, "loss": 0.5926147699356079, "lr": 1.999973692172106e-05}
{"epoch": 2, "step": 50, "loss": 0.6705685257911682, "lr": 1.9986846086052905e-05}
{"epoch": 2, "step": 100, "loss": 0.5024703145027161, "lr": 1.9973692172105812e-05}
{"epoch": 2, "step": 150, "loss": 0.6645249128341675, "lr": 1.9960538258158716e-05}
{"epoch": 2, "step": 200, "loss": 0.43607762455940247, "lr": 1.9947384344211622e-05}
{"epoch": 2, "step": 250, "loss": 0.7065732479095459, "lr": 1.9934230430264526e-05}
{"epoch": 2, "step": 300, "loss": 0.5516137480735779, "lr": 1.9921076516317433e-05}
{"epoch": 2, "step": 350, "loss": 0.4994235932826996, "lr": 1.9907922602370336e-05}
{"epoch": 2, "step": 400, "loss": 0.630354106426239, "lr": 1.9894768688423243e-05}
{"epoch": 2, "step": 450, "loss": 0.8073521852493286, "lr": 1.9881614774476147e-05}
{"epoch": 2, "step": 500, "loss": 0.5287677645683289, "lr": 1.9868460860529054e-05}
{"epoch": 2, "step": 550, "loss": 0.48067817091941833, "lr": 1.9855306946581957e-05}
{"epoch": 2, "step": 600, "loss": 0.6288573145866394, "lr": 1.984215303263486e-05}
{"epoch": 2, "step": 650, "loss": 0.7230935096740723, "lr": 1.9828999118687768e-05}
{"epoch": 2, "step": 700, "loss": 0.5754883885383606, "lr": 1.981584520474067e-05}
{"epoch": 2, "step": 750, "loss": 0.5150192379951477, "lr": 1.9802691290793578e-05}
{"epoch": 2, "step": 800, "loss": 0.4840843677520752, "lr": 1.978953737684648e-05}
{"epoch": 2, "step": 850, "loss": 0.5322835445404053, "lr": 1.9776383462899385e-05}
{"epoch": 2, "step": 900, "loss": 0.5927478075027466, "lr": 1.9763229548952292e-05}
{"epoch": 2, "step": 950, "loss": 0.7536392211914062, "lr": 1.9750075635005196e-05}
{"epoch": 2, "step": 1000, "loss": 0.6079279184341431, "lr": 1.9736921721058102e-05}
{"epoch": 2, "step": 1050, "loss": 0.6114919781684875, "lr": 1.9723767807111006e-05}
{"epoch": 2, "step": 1100, "loss": 0.6381368637084961, "lr": 1.9710613893163913e-05}
{"epoch": 2, "step": 1150, "loss": 0.6586076617240906, "lr": 1.9697459979216816e-05}
{"epoch": 2, "step": 1200, "loss": 0.6031900644302368, "lr": 1.9684306065269723e-05}
{"epoch": 2, "step": 1250, "loss": 0.5464839935302734, "lr": 1.9671152151322627e-05}
{"epoch": 2, "step": 1300, "loss": 0.512077271938324, "lr": 1.9657998237375534e-05}
{"epoch": 2, "step": 1350, "loss": 0.7318533658981323, "lr": 1.9644844323428437e-05}
{"epoch": 2, "step": 1400, "loss": 0.6379727721214294, "lr": 1.9631690409481344e-05}
{"epoch": 2, "step": 1450, "loss": 0.7938686609268188, "lr": 1.9618536495534248e-05}
{"epoch": 2, "step": 1500, "loss": 0.5716471672058105, "lr": 1.9605382581587155e-05}
{"epoch": 2, "step": 1550, "loss": 0.7236980199813843, "lr": 1.9592228667640058e-05}
{"epoch": 2, "step": 1600, "loss": 0.6391163468360901, "lr": 1.9579074753692965e-05}
{"epoch": 2, "step": 1650, "loss": 0.5494376420974731, "lr": 1.956592083974587e-05}
{"epoch": 2, "step": 1700, "loss": 0.45925667881965637, "lr": 1.9552766925798775e-05}
{"epoch": 2, "step": 1750, "loss": 0.6320726275444031, "lr": 1.953961301185168e-05}
{"epoch": 2, "step": 1800, "loss": 0.5167937278747559, "lr": 1.9526459097904582e-05}
{"epoch": 2, "step": 1850, "loss": 0.48829856514930725, "lr": 1.9513305183957486e-05}
{"epoch": 2, "step": 1900, "loss": 0.765653669834137, "lr": 1.9500151270010393e-05}
{"epoch": 2, "step": 1950, "loss": 0.4974524676799774, "lr": 1.9486997356063296e-05}
{"epoch": 2, "step": 2000, "loss": 0.6653261780738831, "lr": 1.9473843442116203e-05}
{"epoch": 2, "step": 2050, "loss": 0.49996742606163025, "lr": 1.9460689528169107e-05}
{"epoch": 2, "step": 2100, "loss": 0.5653108954429626, "lr": 1.9447535614222014e-05}
{"epoch": 2, "step": 2150, "loss": 0.5669556260108948, "lr": 1.9434381700274917e-05}
{"epoch": 2, "step": 2200, "loss": 0.6415678858757019, "lr": 1.9421227786327824e-05}
{"epoch": 2, "step": 2250, "loss": 0.545298159122467, "lr": 1.9408073872380728e-05}
{"epoch": 2, "step": 2300, "loss": 0.6741113662719727, "lr": 1.9394919958433634e-05}
{"epoch": 2, "step": 2350, "loss": 0.5447126030921936, "lr": 1.9381766044486538e-05}
{"epoch": 2, "step": 2400, "loss": 0.6189602017402649, "lr": 1.9368612130539445e-05}
{"epoch": 2, "step": 2450, "loss": 0.5818455219268799, "lr": 1.935545821659235e-05}
{"epoch": 2, "step": 2500, "loss": 0.8252909779548645, "lr": 1.9342304302645255e-05}
{"epoch": 2, "step": 2550, "loss": 0.787564754486084, "lr": 1.932915038869816e-05}
{"epoch": 2, "step": 2600, "loss": 0.5782833695411682, "lr": 1.9315996474751066e-05}
{"epoch": 2, "step": 2650, "loss": 0.605361819267273, "lr": 1.930284256080397e-05}
{"epoch": 2, "step": 2700, "loss": 0.6228957772254944, "lr": 1.9289688646856876e-05}
{"epoch": 2, "step": 2750, "loss": 0.48116353154182434, "lr": 1.927653473290978e-05}
{"epoch": 2, "step": 2800, "loss": 0.4880302846431732, "lr": 1.9263380818962683e-05}
{"epoch": 2, "step": 2850, "loss": 0.8022069334983826, "lr": 1.925022690501559e-05}
{"epoch": 2, "step": 2900, "loss": 0.723678469657898, "lr": 1.9237072991068494e-05}
{"epoch": 2, "step": 2950, "loss": 0.4531051218509674, "lr": 1.92239190771214e-05}
{"epoch": 2, "step": 3000, "loss": 0.4380393326282501, "lr": 1.9210765163174304e-05}
{"epoch": 2, "step": 3050, "loss": 0.6171555519104004, "lr": 1.9197611249227208e-05}
{"epoch": 2, "step": 3100, "loss": 0.6194146871566772, "lr": 1.9184457335280114e-05}
{"epoch": 2, "step": 3150, "loss": 0.617093563079834, "lr": 1.9171303421333018e-05}
{"epoch": 2, "step": 3200, "loss": 0.5848134756088257, "lr": 1.9158149507385925e-05}
{"epoch": 2, "step": 3250, "loss": 0.7288917899131775, "lr": 1.914499559343883e-05}
{"epoch": 2, "step": 3300, "loss": 0.6387849450111389, "lr": 1.9131841679491735e-05}
{"epoch": 2, "step": 3350, "loss": 0.8655200004577637, "lr": 1.911868776554464e-05}
{"epoch": 2, "step": 3400, "loss": 0.5485588908195496, "lr": 1.9105533851597546e-05}
{"epoch": 2, "step": 3450, "loss": 0.44769182801246643, "lr": 1.909237993765045e-05}
{"epoch": 2, "step": 3500, "loss": 0.6014816164970398, "lr": 1.9079226023703353e-05}
{"epoch": 2, "step": 3550, "loss": 0.5041797161102295, "lr": 1.906607210975626e-05}
{"epoch": 2, "step": 3600, "loss": 0.5365412831306458, "lr": 1.9052918195809163e-05}
{"epoch": 2, "step": 3650, "loss": 0.6874595284461975, "lr": 1.903976428186207e-05}
{"epoch": 2, "step": 3700, "loss": 0.5493616461753845, "lr": 1.9026610367914974e-05}
{"epoch": 2, "step": 3750, "loss": 0.7135550379753113, "lr": 1.901345645396788e-05}
{"epoch": 2, "step": 3800, "loss": 0.6021427512168884, "lr": 1.9000302540020784e-05}
{"epoch": 2, "step": 3850, "loss": 0.6675533652305603, "lr": 1.898714862607369e-05}
{"epoch": 2, "step": 3900, "loss": 0.5969733595848083, "lr": 1.8973994712126594e-05}
{"epoch": 2, "step": 3950, "loss": 0.4794054627418518, "lr": 1.89608407981795e-05}
{"epoch": 2, "step": 4000, "loss": 0.47816696763038635, "lr": 1.8947686884232405e-05}
{"epoch": 2, "step": 4050, "loss": 0.6832006573677063, "lr": 1.8934532970285312e-05}
{"epoch": 2, "step": 4100, "loss": 0.7161202430725098, "lr": 1.8921379056338215e-05}
{"epoch": 2, "step": 4150, "loss": 0.5553188323974609, "lr": 1.890822514239112e-05}
{"epoch": 2, "step": 4200, "loss": 0.5440902709960938, "lr": 1.8895071228444026e-05}
{"epoch": 2, "step": 4250, "loss": 0.7069869637489319, "lr": 1.888191731449693e-05}
{"epoch": 2, "step": 4300, "loss": 0.5421494245529175, "lr": 1.8868763400549833e-05}
{"epoch": 2, "step": 4350, "loss": 0.5235352516174316, "lr": 1.885560948660274e-05}
{"epoch": 2, "step": 4400, "loss": 0.6296783089637756, "lr": 1.8842455572655643e-05}
{"epoch": 2, "step": 4450, "loss": 0.6309704780578613, "lr": 1.882930165870855e-05}
{"epoch": 2, "step": 4500, "loss": 0.6940609812736511, "lr": 1.8816147744761454e-05}
{"epoch": 2, "step": 4550, "loss": 0.6309015154838562, "lr": 1.880299383081436e-05}
{"epoch": 2, "step": 4600, "loss": 0.710254430770874, "lr": 1.8789839916867264e-05}
{"epoch": 2, "step": 4650, "loss": 0.7256408333778381, "lr": 1.877668600292017e-05}
{"epoch": 2, "step": 4700, "loss": 0.570506751537323, "lr": 1.8763532088973074e-05}
{"epoch": 2, "step": 4750, "loss": 0.4094691872596741, "lr": 1.875037817502598e-05}
{"epoch": 2, "step": 4800, "loss": 0.5724678635597229, "lr": 1.8737224261078885e-05}
{"epoch": 2, "step": 4850, "loss": 0.4356037676334381, "lr": 1.872407034713179e-05}
{"epoch": 2, "step": 4900, "loss": 0.4376612603664398, "lr": 1.8710916433184695e-05}
{"epoch": 2, "step": 4950, "loss": 0.5452165603637695, "lr": 1.8697762519237602e-05}
{"epoch": 2, "step": 5000, "loss": 0.46811479330062866, "lr": 1.8684608605290506e-05}
{"epoch": 2, "step": 5050, "loss": 0.5539544224739075, "lr": 1.8671454691343413e-05}
{"epoch": 2, "step": 5100, "loss": 0.49734723567962646, "lr": 1.8658300777396316e-05}
{"epoch": 2, "step": 5150, "loss": 0.48648014664649963, "lr": 1.8645146863449223e-05}
{"epoch": 2, "step": 5200, "loss": 0.43160757422447205, "lr": 1.8631992949502126e-05}
{"epoch": 2, "step": 5250, "loss": 0.5533294081687927, "lr": 1.8618839035555033e-05}
{"epoch": 2, "step": 5300, "loss": 0.5695813894271851, "lr": 1.8605685121607937e-05}
{"epoch": 2, "step": 5350, "loss": 0.45945775508880615, "lr": 1.859253120766084e-05}
{"epoch": 2, "step": 5400, "loss": 0.8713724613189697, "lr": 1.8579377293713744e-05}
{"epoch": 2, "step": 5450, "loss": 0.5777803659439087, "lr": 1.856622337976665e-05}
{"epoch": 2, "step": 5500, "loss": 0.595658540725708, "lr": 1.8553069465819554e-05}
{"epoch": 2, "step": 5550, "loss": 0.6803895235061646, "lr": 1.853991555187246e-05}
{"epoch": 2, "step": 5600, "loss": 0.6039421558380127, "lr": 1.8526761637925365e-05}
{"epoch": 2, "step": 5650, "loss": 0.5183796286582947, "lr": 1.851360772397827e-05}
{"epoch": 2, "step": 5700, "loss": 0.5923389196395874, "lr": 1.8500453810031175e-05}
{"epoch": 2, "step": 5750, "loss": 0.4491468667984009, "lr": 1.8487299896084082e-05}
{"epoch": 2, "step": 5800, "loss": 0.6656957268714905, "lr": 1.8474145982136986e-05}
{"epoch": 2, "step": 5850, "loss": 0.6113665699958801, "lr": 1.8460992068189892e-05}
{"epoch": 2, "step": 5900, "loss": 0.4752674102783203, "lr": 1.8447838154242796e-05}
{"epoch": 2, "step": 5950, "loss": 0.5441862940788269, "lr": 1.8434684240295703e-05}
{"epoch": 2, "step": 6000, "loss": 0.5602582693099976, "lr": 1.8421530326348606e-05}
{"epoch": 2, "step": 6050, "loss": 0.7282717227935791, "lr": 1.8408376412401513e-05}
{"epoch": 2, "step": 6100, "loss": 0.4385799467563629, "lr": 1.8395222498454417e-05}
{"epoch": 2, "step": 6150, "loss": 0.375307559967041, "lr": 1.8382068584507324e-05}
{"epoch": 2, "step": 6200, "loss": 0.6226825714111328, "lr": 1.8368914670560227e-05}
{"epoch": 2, "step": 6250, "loss": 0.713943600654602, "lr": 1.835576075661313e-05}
{"epoch": 2, "step": 6300, "loss": 0.6723325848579407, "lr": 1.8342606842666038e-05}
{"epoch": 2, "step": 6350, "loss": 0.5545347929000854, "lr": 1.832945292871894e-05}
{"epoch": 2, "step": 6400, "loss": 0.6824191212654114, "lr": 1.8316299014771848e-05}
{"epoch": 2, "step": 6450, "loss": 0.7334657907485962, "lr": 1.830314510082475e-05}
{"epoch": 2, "step": 6500, "loss": 0.6402665376663208, "lr": 1.8289991186877655e-05}
{"epoch": 2, "step": 6550, "loss": 0.4999251365661621, "lr": 1.8276837272930562e-05}
{"epoch": 2, "step": 6600, "loss": 0.7280054688453674, "lr": 1.8263683358983466e-05}
{"epoch": 2, "step": 6650, "loss": 0.4408513903617859, "lr": 1.8250529445036372e-05}
{"epoch": 2, "step": 6700, "loss": 0.534574031829834, "lr": 1.8237375531089276e-05}
{"epoch": 2, "step": 6750, "loss": 0.6330215930938721, "lr": 1.8224221617142183e-05}
{"epoch": 2, "step": 6800, "loss": 0.7497079372406006, "lr": 1.8211067703195086e-05}
{"epoch": 2, "step": 6850, "loss": 0.6472396850585938, "lr": 1.8197913789247993e-05}
{"epoch": 2, "step": 6900, "loss": 0.6358872652053833, "lr": 1.8184759875300897e-05}
{"epoch": 2, "step": 6950, "loss": 0.5865421295166016, "lr": 1.8171605961353804e-05}
{"epoch": 2, "step": 7000, "loss": 0.639186441898346, "lr": 1.8158452047406707e-05}
{"epoch": 2, "step": 7050, "loss": 0.6019373536109924, "lr": 1.814529813345961e-05}
{"epoch": 2, "step": 7100, "loss": 0.562802791595459, "lr": 1.8132144219512518e-05}
{"epoch": 2, "step": 7150, "loss": 0.44971218705177307, "lr": 1.811899030556542e-05}
{"epoch": 2, "step": 7200, "loss": 0.5470201373100281, "lr": 1.8105836391618328e-05}
{"epoch": 2, "step": 7250, "loss": 0.6793761253356934, "lr": 1.809268247767123e-05}
{"epoch": 2, "step": 7300, "loss": 0.4138200879096985, "lr": 1.807952856372414e-05}
{"epoch": 2, "step": 7350, "loss": 0.6430978775024414, "lr": 1.8066374649777042e-05}
{"epoch": 2, "step": 7400, "loss": 0.5448051691055298, "lr": 1.805322073582995e-05}
{"epoch": 2, "step": 7450, "loss": 0.5077211260795593, "lr": 1.8040066821882852e-05}
{"epoch": 2, "step": 7500, "loss": 0.45847979187965393, "lr": 1.802691290793576e-05}
{"epoch": 2, "step": 7550, "loss": 0.6037904024124146, "lr": 1.8013758993988663e-05}
{"epoch": 2, "step": 7600, "loss": 0.7352290153503418, "lr": 1.800060508004157e-05}
{"epoch": 2, "step": 7650, "loss": 0.5235577821731567, "lr": 1.7987451166094473e-05}
{"epoch": 2, "step": 7700, "loss": 0.6073961853981018, "lr": 1.7974297252147377e-05}
{"epoch": 2, "step": 7750, "loss": 0.766089916229248, "lr": 1.7961143338200284e-05}
{"epoch": 2, "step": 7800, "loss": 0.5330706834793091, "lr": 1.7947989424253187e-05}
{"epoch": 2, "step": 7850, "loss": 0.547452449798584, "lr": 1.793483551030609e-05}
{"epoch": 2, "step": 7900, "loss": 0.737236738204956, "lr": 1.7921681596358998e-05}
{"epoch": 2, "step": 7950, "loss": 0.6446872353553772, "lr": 1.79085276824119e-05}
{"epoch": 2, "step": 8000, "loss": 0.5900982022285461, "lr": 1.7895373768464808e-05}
{"epoch": 2, "step": 8050, "loss": 0.5488048195838928, "lr": 1.788221985451771e-05}
{"epoch": 2, "step": 8100, "loss": 0.5763351321220398, "lr": 1.786906594057062e-05}
{"epoch": 2, "step": 8150, "loss": 0.6463342905044556, "lr": 1.7855912026623522e-05}
{"epoch": 2, "step": 8200, "loss": 0.5968782305717468, "lr": 1.784275811267643e-05}
{"epoch": 2, "step": 8250, "loss": 0.40211302042007446, "lr": 1.7829604198729332e-05}
{"epoch": 2, "step": 8300, "loss": 0.6691916584968567, "lr": 1.781645028478224e-05}
{"epoch": 2, "step": 8350, "loss": 0.4579205811023712, "lr": 1.7803296370835143e-05}
{"epoch": 2, "step": 8400, "loss": 0.5942241549491882, "lr": 1.779014245688805e-05}
{"epoch": 2, "weighted_f1": 0.5688867765829572, "checkpoint": "/home/rishank/Projects/major project/Test/results/checkpoints/dnabert2_splitb_seed2/epoch_02.pt"}
{"epoch": 3, "step": 1, "loss": 0.510735034942627, "lr": 1.7777514699498838e-05}
{"epoch": 3, "step": 50, "loss": 0.3307429850101471, "lr": 1.7764623863830684e-05}
{"epoch": 3, "step": 100, "loss": 0.49720263481140137, "lr": 1.7751469949883587e-05}
{"epoch": 3, "step": 150, "loss": 0.5135595202445984, "lr": 1.7738316035936494e-05}
{"epoch": 3, "step": 200, "loss": 0.2975436747074127, "lr": 1.7725162121989397e-05}
{"epoch": 3, "step": 250, "loss": 0.7334286570549011, "lr": 1.7712008208042304e-05}
{"epoch": 3, "step": 300, "loss": 0.583224356174469, "lr": 1.7698854294095208e-05}
{"epoch": 3, "step": 350, "loss": 0.597036600112915, "lr": 1.7685700380148115e-05}
{"epoch": 3, "step": 400, "loss": 0.5046072602272034, "lr": 1.7672546466201018e-05}
{"epoch": 3, "step": 450, "loss": 0.40284454822540283, "lr": 1.7659392552253925e-05}
{"epoch": 3, "step": 500, "loss": 0.7634509801864624, "lr": 1.764623863830683e-05}
{"epoch": 3, "step": 550, "loss": 0.7051936388015747, "lr": 1.7633084724359736e-05}
{"epoch": 3, "step": 600, "loss": 0.46188658475875854, "lr": 1.761993081041264e-05}
{"epoch": 3, "step": 650, "loss": 0.422269731760025, "lr": 1.7606776896465546e-05}
{"epoch": 3, "step": 700, "loss": 0.590563952922821, "lr": 1.759362298251845e-05}
{"epoch": 3, "step": 750, "loss": 0.35765793919563293, "lr": 1.7580469068571356e-05}
{"epoch": 3, "step": 800, "loss": 0.406798392534256, "lr": 1.756731515462426e-05}
{"epoch": 3, "step": 850, "loss": 0.6919466853141785, "lr": 1.7554161240677167e-05}
{"epoch": 3, "step": 900, "loss": 0.5962285995483398, "lr": 1.754100732673007e-05}
{"epoch": 3, "step": 950, "loss": 0.5142747163772583, "lr": 1.7527853412782977e-05}
{"epoch": 3, "step": 1000, "loss": 0.7047086358070374, "lr": 1.751469949883588e-05}
{"epoch": 3, "step": 1050, "loss": 0.47373348474502563, "lr": 1.7501545584888788e-05}
{"epoch": 3, "step": 1100, "loss": 0.8623917698860168, "lr": 1.748839167094169e-05}
{"epoch": 3, "step": 1150, "loss": 0.6168515086174011, "lr": 1.7475237756994595e-05}
{"epoch": 3, "step": 1200, "loss": 0.6546229720115662, "lr": 1.7462083843047498e-05}
{"epoch": 3, "step": 1250, "loss": 0.3266623616218567, "lr": 1.7448929929100405e-05}
{"epoch": 3, "step": 1300, "loss": 0.5603232383728027, "lr": 1.743577601515331e-05}
{"epoch": 3, "step": 1350, "loss": 0.509526789188385, "lr": 1.7422622101206216e-05}
{"epoch": 3, "step": 1400, "loss": 0.740820050239563, "lr": 1.740946818725912e-05}
{"epoch": 3, "step": 1450, "loss": 0.49046117067337036, "lr": 1.7396314273312026e-05}
{"epoch": 3, "step": 1500, "loss": 0.38841938972473145, "lr": 1.738316035936493e-05}
{"epoch": 3, "step": 1550, "loss": 0.5571719408035278, "lr": 1.7370006445417836e-05}
{"epoch": 3, "step": 1600, "loss": 0.6070583462715149, "lr": 1.735685253147074e-05}
{"epoch": 3, "step": 1650, "loss": 0.4500729441642761, "lr": 1.7343698617523647e-05}
{"epoch": 3, "step": 1700, "loss": 0.4614488184452057, "lr": 1.733054470357655e-05}
{"epoch": 3, "step": 1750, "loss": 0.5474358797073364, "lr": 1.7317390789629457e-05}
{"epoch": 3, "step": 1800, "loss": 0.5225381851196289, "lr": 1.730423687568236e-05}
{"epoch": 3, "step": 1850, "loss": 0.5425770282745361, "lr": 1.7291082961735268e-05}
{"epoch": 3, "step": 1900, "loss": 0.5537503361701965, "lr": 1.727792904778817e-05}
{"epoch": 3, "step": 1950, "loss": 0.5139601230621338, "lr": 1.7264775133841075e-05}
{"epoch": 3, "step": 2000, "loss": 0.37948399782180786, "lr": 1.725162121989398e-05}
{"epoch": 3, "step": 2050, "loss": 0.49440446496009827, "lr": 1.7238467305946885e-05}
{"epoch": 3, "step": 2100, "loss": 0.4061734080314636, "lr": 1.7225313391999792e-05}
{"epoch": 3, "step": 2150, "loss": 0.507814347743988, "lr": 1.7212159478052696e-05}
{"epoch": 3, "step": 2200, "loss": 0.5610896348953247, "lr": 1.7199005564105602e-05}
{"epoch": 3, "step": 2250, "loss": 0.4430646300315857, "lr": 1.7185851650158506e-05}
{"epoch": 3, "step": 2300, "loss": 0.3338932693004608, "lr": 1.717269773621141e-05}
{"epoch": 3, "step": 2350, "loss": 0.6743862628936768, "lr": 1.7159543822264316e-05}
{"epoch": 3, "step": 2400, "loss": 0.5263274908065796, "lr": 1.714638990831722e-05}
{"epoch": 3, "step": 2450, "loss": 0.5673267841339111, "lr": 1.7133235994370127e-05}
{"epoch": 3, "step": 2500, "loss": 0.5300862193107605, "lr": 1.712008208042303e-05}
{"epoch": 3, "step": 2550, "loss": 0.37034913897514343, "lr": 1.7106928166475937e-05}
{"epoch": 3, "step": 2600, "loss": 0.6274876594543457, "lr": 1.709377425252884e-05}
{"epoch": 3, "step": 2650, "loss": 0.4712008535861969, "lr": 1.7080620338581748e-05}
{"epoch": 3, "step": 2700, "loss": 0.5731072425842285, "lr": 1.706746642463465e-05}
{"epoch": 3, "step": 2750, "loss": 0.592212438583374, "lr": 1.7054312510687555e-05}
{"epoch": 3, "step": 2800, "loss": 0.6057305932044983, "lr": 1.704115859674046e-05}
{"epoch": 3, "step": 2850, "loss": 0.5331646800041199, "lr": 1.7028004682793365e-05}
{"epoch": 3, "step": 2900, "loss": 0.863270103931427, "lr": 1.7014850768846272e-05}
{"epoch": 3, "step": 2950, "loss": 0.7139509916305542, "lr": 1.7001696854899175e-05}
{"epoch": 3, "step": 3000, "loss": 0.5845385193824768, "lr": 1.6988542940952082e-05}
{"epoch": 3, "step": 3050, "loss": 0.7163673639297485, "lr": 1.6975389027004986e-05}
{"epoch": 3, "step": 3100, "loss": 0.6343883872032166, "lr": 1.6962235113057893e-05}
{"epoch": 3, "step": 3150, "loss": 0.5785209536552429, "lr": 1.6949081199110796e-05}
{"epoch": 3, "step": 3200, "loss": 0.6094421744346619, "lr": 1.6935927285163703e-05}
{"epoch": 3, "step": 3250, "loss": 0.5300399661064148, "lr": 1.6922773371216607e-05}
{"epoch": 3, "step": 3300, "loss": 1.011435627937317, "lr": 1.6909619457269514e-05}
{"epoch": 3, "step": 3350, "loss": 0.4219287633895874, "lr": 1.6896465543322417e-05}
{"epoch": 3, "step": 3400, "loss": 0.3829057514667511, "lr": 1.6883311629375324e-05}
{"epoch": 3, "step": 3450, "loss": 0.3571234345436096, "lr": 1.6870157715428228e-05}
{"epoch": 3, "step": 3500, "loss": 0.5668261647224426, "lr": 1.685700380148113e-05}
{"epoch": 3, "step": 3550, "loss": 0.7311421036720276, "lr": 1.6843849887534035e-05}
{"epoch": 3, "step": 3600, "loss": 0.5788364410400391, "lr": 1.683069597358694e-05}
{"epoch": 3, "step": 3650, "loss": 0.6383351683616638, "lr": 1.6817542059639845e-05}
{"epoch": 3, "step": 3700, "loss": 0.4689178168773651, "lr": 1.6804388145692752e-05}
{"epoch": 3, "step": 3750, "loss": 0.500740110874176, "lr": 1.6791234231745655e-05}
{"epoch": 3, "step": 3800, "loss": 0.43545860052108765, "lr": 1.6778080317798562e-05}
{"epoch": 3, "step": 3850, "loss": 0.4344102740287781, "lr": 1.6764926403851466e-05}
{"epoch": 3, "step": 3900, "loss": 0.6236673593521118, "lr": 1.6751772489904373e-05}
{"epoch": 3, "step": 3950, "loss": 0.34786704182624817, "lr": 1.6738618575957276e-05}
{"epoch": 3, "step": 4000, "loss": 0.5450182557106018, "lr": 1.6725464662010183e-05}
{"epoch": 3, "step": 4050, "loss": 0.539588212966919, "lr": 1.6712310748063087e-05}
{"epoch": 3, "step": 4100, "loss": 0.36384686827659607, "lr": 1.6699156834115994e-05}
{"epoch": 3, "step": 4150, "loss": 0.46670088171958923, "lr": 1.6686002920168897e-05}
{"epoch": 3, "step": 4200, "loss": 0.745062530040741, "lr": 1.6672849006221804e-05}
{"epoch": 3, "step": 4250, "loss": 0.46589985489845276, "lr": 1.6659695092274708e-05}
{"epoch": 3, "step": 4300, "loss": 0.4874191880226135, "lr": 1.6646541178327614e-05}
{"epoch": 3, "step": 4350, "loss": 0.39271584153175354, "lr": 1.6633387264380518e-05}
{"epoch": 3, "step": 4400, "loss": 0.52781742811203, "lr": 1.6620233350433425e-05}
{"epoch": 3, "step": 4450, "loss": 0.5206072330474854, "lr": 1.660707943648633e-05}
{"epoch": 3, "step": 4500, "loss": 0.5440565347671509, "lr": 1.6593925522539235e-05}
{"epoch": 3, "step": 4550, "loss": 0.5312710404396057, "lr": 1.658077160859214e-05}
{"epoch": 3, "step": 4600, "loss": 0.601901650428772, "lr": 1.6567617694645046e-05}
{"epoch": 3, "step": 4650, "loss": 0.5112655758857727, "lr": 1.655446378069795e-05}
{"epoch": 3, "step": 4700, "loss": 0.4098987579345703, "lr": 1.6541309866750853e-05}
{"epoch": 3, "step": 4750, "loss": 0.7290856242179871, "lr": 1.6528155952803756e-05}
{"epoch": 3, "step": 4800, "loss": 0.4979024827480316, "lr": 1.6515002038856663e-05}
{"epoch": 3, "step": 4850, "loss": 0.5539374351501465, "lr": 1.6501848124909567e-05}
{"epoch": 3, "step": 4900, "loss": 0.5778200030326843, "lr": 1.6488694210962474e-05}
{"epoch": 3, "step": 4950, "loss": 0.4241146445274353, "lr": 1.6475540297015377e-05}
{"epoch": 3, "step": 5000, "loss": 0.6099249124526978, "lr": 1.6462386383068284e-05}
{"epoch": 3, "step": 5050, "loss": 0.5933660864830017, "lr": 1.6449232469121187e-05}
{"epoch": 3, "step": 5100, "loss": 0.5025001168251038, "lr": 1.6436078555174094e-05}
{"epoch": 3, "step": 5150, "loss": 0.606580913066864, "lr": 1.6422924641226998e-05}
{"epoch": 3, "step": 5200, "loss": 0.7428907752037048, "lr": 1.6409770727279905e-05}
{"epoch": 3, "step": 5250, "loss": 0.6870587468147278, "lr": 1.639661681333281e-05}
{"epoch": 3, "step": 5300, "loss": 0.3262116312980652, "lr": 1.6383462899385715e-05}
{"epoch": 3, "step": 5350, "loss": 0.5882987380027771, "lr": 1.637030898543862e-05}
{"epoch": 3, "step": 5400, "loss": 0.7493348717689514, "lr": 1.6357155071491522e-05}
{"epoch": 3, "step": 5450, "loss": 0.7268528938293457, "lr": 1.634400115754443e-05}
{"epoch": 3, "step": 5500, "loss": 0.6137915253639221, "lr": 1.6330847243597333e-05}
{"epoch": 3, "step": 5550, "loss": 0.6956201195716858, "lr": 1.631769332965024e-05}
{"epoch": 3, "step": 5600, "loss": 0.5076967477798462, "lr": 1.6304539415703143e-05}
{"epoch": 3, "step": 5650, "loss": 0.5327396988868713, "lr": 1.629138550175605e-05}
{"epoch": 3, "step": 5700, "loss": 0.7500128149986267, "lr": 1.6278231587808953e-05}
{"epoch": 3, "step": 5750, "loss": 0.5691320300102234, "lr": 1.626507767386186e-05}
{"epoch": 3, "step": 5800, "loss": 0.4499198794364929, "lr": 1.6251923759914764e-05}
{"epoch": 3, "step": 5850, "loss": 0.42022189497947693, "lr": 1.6238769845967667e-05}
{"epoch": 3, "step": 5900, "loss": 0.780811607837677, "lr": 1.6225615932020574e-05}
{"epoch": 3, "step": 5950, "loss": 0.6497557759284973, "lr": 1.6212462018073478e-05}
{"epoch": 3, "step": 6000, "loss": 0.572070837020874, "lr": 1.6199308104126385e-05}
{"epoch": 3, "step": 6050, "loss": 0.7270656228065491, "lr": 1.6186154190179288e-05}
{"epoch": 3, "step": 6100, "loss": 0.28833603858947754, "lr": 1.6173000276232195e-05}
{"epoch": 3, "step": 6150, "loss": 0.43681830167770386, "lr": 1.61598463622851e-05}
{"epoch": 3, "step": 6200, "loss": 0.5061225295066833, "lr": 1.6146692448338002e-05}
{"epoch": 3, "step": 6250, "loss": 0.423146516084671, "lr": 1.613353853439091e-05}
{"epoch": 3, "step": 6300, "loss": 0.7002720832824707, "lr": 1.6120384620443813e-05}
{"epoch": 3, "step": 6350, "loss": 0.5726146101951599, "lr": 1.610723070649672e-05}
{"epoch": 3, "step": 6400, "loss": 0.5905682444572449, "lr": 1.6094076792549623e-05}
{"epoch": 3, "step": 6450, "loss": 0.4280448853969574, "lr": 1.608092287860253e-05}
{"epoch": 3, "step": 6500, "loss": 0.5781159996986389, "lr": 1.6067768964655433e-05}
{"epoch": 3, "step": 6550, "loss": 0.3659437894821167, "lr": 1.605461505070834e-05}
{"epoch": 3, "step": 6600, "loss": 0.4328886568546295, "lr": 1.6041461136761244e-05}
{"epoch": 3, "step": 6650, "loss": 0.4307432174682617, "lr": 1.602830722281415e-05}
{"epoch": 3, "step": 6700, "loss": 0.6403437852859497, "lr": 1.6015153308867054e-05}
{"epoch": 3, "step": 6750, "loss": 0.4565831422805786, "lr": 1.600199939491996e-05}
{"epoch": 3, "step": 6800, "loss": 0.4090253710746765, "lr": 1.5988845480972865e-05}
{"epoch": 3, "step": 6850, "loss": 0.48117539286613464, "lr": 1.597569156702577e-05}
{"epoch": 3, "step": 6900, "loss": 0.48695001006126404, "lr": 1.5962537653078675e-05}
{"epoch": 3, "step": 6950, "loss": 0.6325671672821045, "lr": 1.5949383739131582e-05}
{"epoch": 3, "step": 7000, "loss": 0.6891929507255554, "lr": 1.5936229825184486e-05}
{"epoch": 3, "step": 7050, "loss": 0.47288352251052856, "lr": 1.592307591123739e-05}
{"epoch": 3, "step": 7100, "loss": 0.40280649065971375, "lr": 1.5909921997290293e-05}
{"epoch": 3, "step": 7150, "loss": 0.5996921062469482, "lr": 1.58967680833432e-05}
{"epoch": 3, "step": 7200, "loss": 0.673424243927002, "lr": 1.5883614169396103e-05}
{"epoch": 3, "step": 7250, "loss": 0.47397127747535706, "lr": 1.587046025544901e-05}
{"epoch": 3, "step": 7300, "loss": 0.6233776211738586, "lr": 1.5857306341501913e-05}
{"epoch": 3, "step": 7350, "loss": 0.6225496530532837, "lr": 1.584415242755482e-05}
{"epoch": 3, "step": 7400, "loss": 0.4807072579860687, "lr": 1.5830998513607724e-05}
{"epoch": 3, "step": 7450, "loss": 0.5381798148155212, "lr": 1.581784459966063e-05}
{"epoch": 3, "step": 7500, "loss": 0.4121318459510803, "lr": 1.5804690685713534e-05}
{"epoch": 3, "step": 7550, "loss": 0.6113340258598328, "lr": 1.579153677176644e-05}
{"epoch": 3, "step": 7600, "loss": 0.4993661046028137, "lr": 1.5778382857819345e-05}
{"epoch": 3, "step": 7650, "loss": 0.5472113490104675, "lr": 1.576522894387225e-05}
{"epoch": 3, "step": 7700, "loss": 0.7804571390151978, "lr": 1.5752075029925155e-05}
{"epoch": 3, "step": 7750, "loss": 0.4887102544307709, "lr": 1.5738921115978062e-05}
{"epoch": 3, "step": 7800, "loss": 0.5708553194999695, "lr": 1.5725767202030966e-05}
{"epoch": 3, "step": 7850, "loss": 0.45578286051750183, "lr": 1.5712613288083872e-05}
{"epoch": 3, "step": 7900, "loss": 0.42265069484710693, "lr": 1.5699459374136776e-05}
{"epoch": 3, "step": 7950, "loss": 0.5338085889816284, "lr": 1.5686305460189683e-05}
{"epoch": 3, "step": 8000, "loss": 0.5400630831718445, "lr": 1.5673151546242586e-05}
{"epoch": 3, "step": 8050, "loss": 0.4563877284526825, "lr": 1.5659997632295493e-05}
{"epoch": 3, "step": 8100, "loss": 0.31363698840141296, "lr": 1.5646843718348397e-05}
{"epoch": 3, "step": 8150, "loss": 0.4164202809333801, "lr": 1.56336898044013e-05}
{"epoch": 3, "step": 8200, "loss": 0.42139434814453125, "lr": 1.5620535890454204e-05}
{"epoch": 3, "step": 8250, "loss": 0.582710862159729, "lr": 1.560738197650711e-05}
{"epoch": 3, "step": 8300, "loss": 0.623616099357605, "lr": 1.5594228062560014e-05}
{"epoch": 3, "step": 8350, "loss": 0.3698607087135315, "lr": 1.558107414861292e-05}
{"epoch": 3, "step": 8400, "loss": 0.4850575625896454, "lr": 1.5567920234665825e-05}
{"epoch": 3, "weighted_f1": 0.600281300211955, "checkpoint": "/home/rishank/Projects/major project/Test/results/checkpoints/dnabert2_splitb_seed2/epoch_03.pt"}
{"epoch": 4, "step": 1, "loss": 0.5165525674819946, "lr": 1.5555292477276616e-05}
{"epoch": 4, "step": 50, "loss": 0.5548840165138245, "lr": 1.5542401641608462e-05}
{"epoch": 4, "step": 100, "loss": 0.648989200592041, "lr": 1.552924772766137e-05}
{"epoch": 4, "step": 150, "loss": 0.25786739587783813, "lr": 1.5516093813714272e-05}
{"epoch": 4, "step": 200, "loss": 0.5093541741371155, "lr": 1.550293989976718e-05}
{"epoch": 4, "step": 250, "loss": 0.624433159828186, "lr": 1.5489785985820083e-05}
{"epoch": 4, "step": 300, "loss": 0.5370736122131348, "lr": 1.5476632071872986e-05}
{"epoch": 4, "step": 350, "loss": 0.2855071723461151, "lr": 1.5463478157925893e-05}
{"epoch": 4, "step": 400, "loss": 0.443543404340744, "lr": 1.5450324243978797e-05}
{"epoch": 4, "step": 450, "loss": 0.3852245807647705, "lr": 1.5437170330031704e-05}
{"epoch": 4, "step": 500, "loss": 0.6227461099624634, "lr": 1.5424016416084607e-05}
{"epoch": 4, "step": 550, "loss": 0.7148799896240234, "lr": 1.541086250213751e-05}
{"epoch": 4, "step": 600, "loss": 0.4951278865337372, "lr": 1.5397708588190417e-05}
{"epoch": 4, "step": 650, "loss": 0.406046062707901, "lr": 1.538455467424332e-05}
{"epoch": 4, "step": 700, "loss": 0.26155075430870056, "lr": 1.5371400760296228e-05}
{"epoch": 4, "step": 750, "loss": 0.36690762639045715, "lr": 1.535824684634913e-05}
{"epoch": 4, "step": 800, "loss": 0.8043892979621887, "lr": 1.5345092932402038e-05}
{"epoch": 4, "step": 850, "loss": 0.7272915840148926, "lr": 1.5331939018454942e-05}
{"epoch": 4, "step": 900, "loss": 0.3346421718597412, "lr": 1.531878510450785e-05}
{"epoch": 4, "step": 950, "loss": 0.6591030955314636, "lr": 1.5305631190560752e-05}
{"epoch": 4, "step": 1000, "loss": 0.43072837591171265, "lr": 1.529247727661366e-05}
{"epoch": 4, "step": 1050, "loss": 0.536285400390625, "lr": 1.5279323362666563e-05}
{"epoch": 4, "step": 1100, "loss": 0.6471536755561829, "lr": 1.5266169448719466e-05}
{"epoch": 4, "step": 1150, "loss": 0.3384910225868225, "lr": 1.5253015534772373e-05}
{"epoch": 4, "step": 1200, "loss": 0.3846606910228729, "lr": 1.5239861620825278e-05}
{"epoch": 4, "step": 1250, "loss": 0.42606207728385925, "lr": 1.5226707706878183e-05}
{"epoch": 4, "step": 1300, "loss": 0.5518106818199158, "lr": 1.5213553792931089e-05}
{"epoch": 4, "step": 1350, "loss": 0.37795528769493103, "lr": 1.5200399878983994e-05}
{"epoch": 4, "step": 1400, "loss": 0.3425840437412262, "lr": 1.5187245965036899e-05}
{"epoch": 4, "step": 1450, "loss": 0.7162333726882935, "lr": 1.5174092051089804e-05}
{"epoch": 4, "step": 1500, "loss": 0.5069116353988647, "lr": 1.516093813714271e-05}
{"epoch": 4, "step": 1550, "loss": 0.5420727133750916, "lr": 1.5147784223195615e-05}
{"epoch": 4, "step": 1600, "loss": 0.5528555512428284, "lr": 1.513463030924852e-05}
{"epoch": 4, "step": 1650, "loss": 0.5040778517723083, "lr": 1.5121476395301422e-05}
{"epoch": 4, "step": 1700, "loss": 0.3566600978374481, "lr": 1.5108322481354327e-05}
{"epoch": 4, "step": 1750, "loss": 0.5450343489646912, "lr": 1.5095168567407232e-05}
{"epoch": 4, "step": 1800, "loss": 0.49930182099342346, "lr": 1.5082014653460137e-05}
{"epoch": 4, "step": 1850, "loss": 0.6010800004005432, "lr": 1.5068860739513043e-05}
{"epoch": 4, "step": 1900, "loss": 0.3802427053451538, "lr": 1.5055706825565948e-05}
{"epoch": 4, "step": 1950, "loss": 0.6456655859947205, "lr": 1.5042552911618853e-05}
{"epoch": 4, "step": 2000, "loss": 0.39828938245773315, "lr": 1.5029398997671758e-05}
{"epoch": 4, "step": 2050, "loss": 0.4557170569896698, "lr": 1.5016245083724663e-05}
{"epoch": 4, "step": 2100, "loss": 0.43459245562553406, "lr": 1.5003091169777569e-05}
{"epoch": 4, "step": 2150, "loss": 0.6454110145568848, "lr": 1.4989937255830474e-05}
{"epoch": 4, "step": 2200, "loss": 0.6185028553009033, "lr": 1.4976783341883379e-05}
{"epoch": 4, "step": 2250, "loss": 0.41830241680145264, "lr": 1.4963629427936284e-05}
{"epoch": 4, "step": 2300, "loss": 0.4041551649570465, "lr": 1.495047551398919e-05}
{"epoch": 4, "step": 2350, "loss": 0.5221440196037292, "lr": 1.4937321600042095e-05}
{"epoch": 4, "step": 2400, "loss": 0.48187392950057983, "lr": 1.4924167686095e-05}
{"epoch": 4, "step": 2450, "loss": 0.4124101996421814, "lr": 1.4911013772147903e-05}
{"epoch": 4, "step": 2500, "loss": 0.42242804169654846, "lr": 1.4897859858200809e-05}
{"epoch": 4, "step": 2550, "loss": 0.6053033471107483, "lr": 1.4884705944253714e-05}
{"epoch": 4, "step": 2600, "loss": 0.4157615303993225, "lr": 1.4871552030306619e-05}
{"epoch": 4, "step": 2650, "loss": 0.4990299344062805, "lr": 1.4858398116359524e-05}
{"epoch": 4, "step": 2700, "loss": 0.5448554158210754, "lr": 1.484524420241243e-05}
{"epoch": 4, "step": 2750, "loss": 0.21207500994205475, "lr": 1.4832090288465335e-05}
{"epoch": 4, "step": 2800, "loss": 0.5447487235069275, "lr": 1.481893637451824e-05}
{"epoch": 4, "step": 2850, "loss": 0.671701192855835, "lr": 1.4805782460571143e-05}
{"epoch": 4, "step": 2900, "loss": 0.711387038230896, "lr": 1.4792628546624049e-05}
{"epoch": 4, "step": 2950, "loss": 0.7013828754425049, "lr": 1.4779474632676954e-05}
{"epoch": 4, "step": 3000, "loss": 0.5684680938720703, "lr": 1.4766320718729859e-05}
{"epoch": 4, "step": 3050, "loss": 0.573340117931366, "lr": 1.4753166804782764e-05}
{"epoch": 4, "step": 3100, "loss": 0.4150144159793854, "lr": 1.474001289083567e-05}
{"epoch": 4, "step": 3150, "loss": 0.4998477101325989, "lr": 1.4726858976888575e-05}
{"epoch": 4, "step": 3200, "loss": 0.5686125159263611, "lr": 1.471370506294148e-05}
{"epoch": 4, "step": 3250, "loss": 0.5262667536735535, "lr": 1.4700551148994383e-05}
{"epoch": 4, "step": 3300, "loss": 0.3971932530403137, "lr": 1.4687397235047289e-05}
{"epoch": 4, "step": 3350, "loss": 0.4077017307281494, "lr": 1.4674243321100194e-05}
{"epoch": 4, "step": 3400, "loss": 0.39662766456604004, "lr": 1.4661089407153099e-05}
{"epoch": 4, "step": 3450, "loss": 0.605728805065155, "lr": 1.4647935493206004e-05}
{"epoch": 4, "step": 3500, "loss": 0.4216667115688324, "lr": 1.463478157925891e-05}
{"epoch": 4, "step": 3550, "loss": 0.33647823333740234, "lr": 1.4621627665311815e-05}
{"epoch": 4, "step": 3600, "loss": 0.33767715096473694, "lr": 1.460847375136472e-05}
{"epoch": 4, "step": 3650, "loss": 0.3806343078613281, "lr": 1.4595319837417625e-05}
{"epoch": 4, "step": 3700, "loss": 0.700833261013031, "lr": 1.458216592347053e-05}
{"epoch": 4, "step": 3750, "loss": 0.2414988875389099, "lr": 1.4569012009523435e-05}
{"epoch": 4, "step": 3800, "loss": 0.3378024995326996, "lr": 1.455585809557634e-05}
{"epoch": 4, "step": 3850, "loss": 0.3011755049228668, "lr": 1.4542704181629246e-05}
{"epoch": 4, "step": 3900, "loss": 0.5038493871688843, "lr": 1.4529550267682151e-05}
{"epoch": 4, "step": 3950, "loss": 0.5350590348243713, "lr": 1.4516396353735056e-05}
{"epoch": 4, "step": 4000, "loss": 0.5011004209518433, "lr": 1.4503242439787962e-05}
{"epoch": 4, "step": 4050, "loss": 0.4014781415462494, "lr": 1.4490088525840863e-05}
{"epoch": 4, "step": 4100, "loss": 0.3523131310939789, "lr": 1.4476934611893769e-05}
{"epoch": 4, "step": 4150, "loss": 0.41529181599617004, "lr": 1.4463780697946674e-05}
{"epoch": 4, "step": 4200, "loss": 0.413004606962204, "lr": 1.4450626783999579e-05}
{"epoch": 4, "step": 4250, "loss": 0.3770115375518799, "lr": 1.4437472870052484e-05}
{"epoch": 4, "step": 4300, "loss": 0.5753728747367859, "lr": 1.442431895610539e-05}
{"epoch": 4, "step": 4350, "loss": 0.2669813930988312, "lr": 1.4411165042158295e-05}
{"epoch": 4, "step": 4400, "loss": 0.8670133352279663, "lr": 1.43980111282112e-05}
{"epoch": 4, "step": 4450, "loss": 0.30252376198768616, "lr": 1.4384857214264105e-05}
{"epoch": 4, "step": 4500, "loss": 0.35587337613105774, "lr": 1.437170330031701e-05}
{"epoch": 4, "step": 4550, "loss": 0.46114757657051086, "lr": 1.4358549386369915e-05}
{"epoch": 4, "step": 4600, "loss": 0.823793888092041, "lr": 1.434539547242282e-05}
{"epoch": 4, "step": 4650, "loss": 0.6906760931015015, "lr": 1.4332241558475726e-05}
{"epoch": 4, "step": 4700, "loss": 0.4183490574359894, "lr": 1.4319087644528631e-05}
{"epoch": 4, "step": 4750, "loss": 0.3632471561431885, "lr": 1.4305933730581536e-05}
{"epoch": 4, "step": 4800, "loss": 0.4701504409313202, "lr": 1.4292779816634441e-05}
{"epoch": 4, "step": 4850, "loss": 0.5027946829795837, "lr": 1.4279625902687347e-05}
{"epoch": 4, "step": 4900, "loss": 0.6419345140457153, "lr": 1.4266471988740252e-05}
{"epoch": 4, "step": 4950, "loss": 0.30781230330467224, "lr": 1.4253318074793157e-05}
{"epoch": 4, "step": 5000, "loss": 0.7679334878921509, "lr": 1.4240164160846062e-05}
{"epoch": 4, "step": 5050, "loss": 0.5332340002059937, "lr": 1.4227010246898968e-05}
{"epoch": 4, "step": 5100, "loss": 0.6623762249946594, "lr": 1.4213856332951873e-05}
{"epoch": 4, "step": 5150, "loss": 0.47084352374076843, "lr": 1.4200702419004776e-05}
{"epoch": 4, "step": 5200, "loss": 0.6237543225288391, "lr": 1.418754850505768e-05}
{"epoch": 4, "step": 5250, "loss": 0.33524730801582336, "lr": 1.4174394591110585e-05}
{"epoch": 4, "step": 5300, "loss": 0.6328299641609192, "lr": 1.416124067716349e-05}
{"epoch": 4, "step": 5350, "loss": 0.42354094982147217, "lr": 1.4148086763216395e-05}
{"epoch": 4, "step": 5400, "loss": 0.7019565105438232, "lr": 1.41349328492693e-05}
{"epoch": 4, "step": 5450, "loss": 0.3870214521884918, "lr": 1.4121778935322206e-05}
{"epoch": 4, "step": 5500, "loss": 0.726133406162262, "lr": 1.4108625021375111e-05}
{"epoch": 4, "step": 5550, "loss": 0.49987778067588806, "lr": 1.4095471107428016e-05}
{"epoch": 4, "step": 5600, "loss": 0.6654964685440063, "lr": 1.4082317193480921e-05}
{"epoch": 4, "step": 5650, "loss": 0.3561215400695801, "lr": 1.4069163279533827e-05}
{"epoch": 4, "step": 5700, "loss": 0.5250720381736755, "lr": 1.4056009365586732e-05}
{"epoch": 4, "step": 5750, "loss": 0.30909258127212524, "lr": 1.4042855451639637e-05}
{"epoch": 4, "step": 5800, "loss": 0.45299720764160156, "lr": 1.4029701537692542e-05}
{"epoch": 4, "step": 5850, "loss": 0.39237740635871887, "lr": 1.4016547623745447e-05}
{"epoch": 4, "step": 5900, "loss": 0.4186004400253296, "lr": 1.4003393709798353e-05}
{"epoch": 4, "step": 5950, "loss": 0.5503431558609009, "lr": 1.3990239795851256e-05}
{"epoch": 4, "step": 6000, "loss": 0.4554571211338043, "lr": 1.3977085881904161e-05}
{"epoch": 4, "step": 6050, "loss": 0.7894991040229797, "lr": 1.3963931967957067e-05}
{"epoch": 4, "step": 6100, "loss": 0.6322817802429199, "lr": 1.3950778054009972e-05}
{"epoch": 4, "step": 6150, "loss": 0.4938981831073761, "lr": 1.3937624140062877e-05}
{"epoch": 4, "step": 6200, "loss": 0.3687622845172882, "lr": 1.3924470226115782e-05}
{"epoch": 4, "step": 6250, "loss": 0.19275210797786713, "lr": 1.3911316312168687e-05}
{"epoch": 4, "step": 6300, "loss": 0.6288592219352722, "lr": 1.3898162398221593e-05}
{"epoch": 4, "step": 6350, "loss": 0.46443483233451843, "lr": 1.3885008484274498e-05}
{"epoch": 4, "step": 6400, "loss": 0.5032870769500732, "lr": 1.3871854570327401e-05}
{"epoch": 4, "step": 6450, "loss": 0.4421040117740631, "lr": 1.3858700656380307e-05}
{"epoch": 4, "step": 6500, "loss": 0.529835045337677, "lr": 1.3845546742433212e-05}
{"epoch": 4, "step": 6550, "loss": 0.5736250877380371, "lr": 1.3832392828486117e-05}
{"epoch": 4, "step": 6600, "loss": 0.59236079454422, "lr": 1.3819238914539022e-05}
{"epoch": 4, "step": 6650, "loss": 0.2742297053337097, "lr": 1.3806085000591927e-05}
{"epoch": 4, "step": 6700, "loss": 0.6775935888290405, "lr": 1.3792931086644833e-05}
{"epoch": 4, "step": 6750, "loss": 0.19264255464076996, "lr": 1.3779777172697736e-05}
{"epoch": 4, "step": 6800, "loss": 0.5995591282844543, "lr": 1.3766623258750641e-05}
{"epoch": 4, "step": 6850, "loss": 0.7198911905288696, "lr": 1.3753469344803547e-05}
{"epoch": 4, "step": 6900, "loss": 0.5677681565284729, "lr": 1.3740315430856452e-05}
{"epoch": 4, "step": 6950, "loss": 0.5445829033851624, "lr": 1.3727161516909357e-05}
{"epoch": 4, "step": 7000, "loss": 0.40727970004081726, "lr": 1.3714007602962262e-05}
{"epoch": 4, "step": 7050, "loss": 0.4482260048389435, "lr": 1.3700853689015167e-05}
{"epoch": 4, "step": 7100, "loss": 0.4230954945087433, "lr": 1.3687699775068073e-05}
{"epoch": 4, "step": 7150, "loss": 0.5322859287261963, "lr": 1.3674545861120978e-05}
{"epoch": 4, "step": 7200, "loss": 0.5116894245147705, "lr": 1.3661391947173883e-05}
{"epoch": 4, "step": 7250, "loss": 0.43181848526000977, "lr": 1.3648238033226788e-05}
{"epoch": 4, "step": 7300, "loss": 0.45554834604263306, "lr": 1.3635084119279693e-05}
{"epoch": 4, "step": 7350, "loss": 0.5972417593002319, "lr": 1.3621930205332599e-05}
{"epoch": 4, "step": 7400, "loss": 0.43943628668785095, "lr": 1.3608776291385504e-05}
{"epoch": 4, "step": 7450, "loss": 0.4831564724445343, "lr": 1.3595622377438409e-05}
{"epoch": 4, "step": 7500, "loss": 0.5043924450874329, "lr": 1.3582468463491314e-05}
{"epoch": 4, "step": 7550, "loss": 0.5424097776412964, "lr": 1.3569314549544216e-05}
{"epoch": 4, "step": 7600, "loss": 0.6078948378562927, "lr": 1.3556160635597121e-05}
{"epoch": 4, "step": 7650, "loss": 0.6573887467384338, "lr": 1.3543006721650027e-05}
{"epoch": 4, "step": 7700, "loss": 0.3943507671356201, "lr": 1.3529852807702932e-05}
{"epoch": 4, "step": 7750, "loss": 0.5209912657737732, "lr": 1.3516698893755837e-05}
{"epoch": 4, "step": 7800, "loss": 0.713811993598938, "lr": 1.3503544979808742e-05}
{"epoch": 4, "step": 7850, "loss": 0.4548589289188385, "lr": 1.3490391065861647e-05}
{"epoch": 4, "step": 7900, "loss": 0.704055666923523, "lr": 1.3477237151914553e-05}
{"epoch": 4, "step": 7950, "loss": 0.6296908259391785, "lr": 1.3464083237967458e-05}
{"epoch": 4, "step": 8000, "loss": 0.6426321268081665, "lr": 1.3450929324020363e-05}
{"epoch": 4, "step": 8050, "loss": 0.45878836512565613, "lr": 1.3437775410073268e-05}
{"epoch": 4, "step": 8100, "loss": 0.3655424416065216, "lr": 1.3424621496126173e-05}
{"epoch": 4, "step": 8150, "loss": 0.5459666848182678, "lr": 1.3411467582179079e-05}
{"epoch": 4, "step": 8200, "loss": 0.4344058632850647, "lr": 1.3398313668231984e-05}
{"epoch": 4, "step": 8250, "loss": 0.43939507007598877, "lr": 1.3385159754284889e-05}
{"epoch": 4, "step": 8300, "loss": 0.4170195758342743, "lr": 1.3372005840337794e-05}
{"epoch": 4, "step": 8350, "loss": 0.5168429017066956, "lr": 1.33588519263907e-05}
{"epoch": 4, "step": 8400, "loss": 0.7442930936813354, "lr": 1.3345698012443605e-05}
{"epoch": 4, "weighted_f1": 0.5819715141147784, "checkpoint": "/home/rishank/Projects/major project/Test/results/checkpoints/dnabert2_splitb_seed2/epoch_04.pt"}
{"epoch": 5, "step": 1, "loss": 0.4588824212551117, "lr": 1.3333070255054393e-05}
{"epoch": 5, "step": 50, "loss": 0.426028847694397, "lr": 1.3320179419386239e-05}
{"epoch": 5, "step": 100, "loss": 0.35336625576019287, "lr": 1.3307025505439144e-05}
{"epoch": 5, "step": 150, "loss": 0.4117957055568695, "lr": 1.3293871591492049e-05}
{"epoch": 5, "step": 200, "loss": 0.4610752463340759, "lr": 1.3280717677544954e-05}
{"epoch": 5, "step": 250, "loss": 0.290587842464447, "lr": 1.326756376359786e-05}
{"epoch": 5, "step": 300, "loss": 0.49451759457588196, "lr": 1.3254409849650765e-05}
{"epoch": 5, "step": 350, "loss": 0.5044075846672058, "lr": 1.324125593570367e-05}
{"epoch": 5, "step": 400, "loss": 0.48309993743896484, "lr": 1.3228102021756575e-05}
{"epoch": 5, "step": 450, "loss": 0.42964860796928406, "lr": 1.321494810780948e-05}
{"epoch": 5, "step": 500, "loss": 0.550105094909668, "lr": 1.3201794193862385e-05}
{"epoch": 5, "step": 550, "loss": 0.4674229919910431, "lr": 1.318864027991529e-05}
{"epoch": 5, "step": 600, "loss": 0.5504390597343445, "lr": 1.3175486365968196e-05}
{"epoch": 5, "step": 650, "loss": 0.30712103843688965, "lr": 1.3162332452021101e-05}
{"epoch": 5, "step": 700, "loss": 0.5022923350334167, "lr": 1.3149178538074006e-05}
{"epoch": 5, "step": 750, "loss": 0.5873124003410339, "lr": 1.3136024624126911e-05}
{"epoch": 5, "step": 800, "loss": 0.6076628565788269, "lr": 1.3122870710179817e-05}
{"epoch": 5, "step": 850, "loss": 0.5616816878318787, "lr": 1.310971679623272e-05}
{"epoch": 5, "step": 900, "loss": 0.46631741523742676, "lr": 1.3096562882285625e-05}
{"epoch": 5, "step": 950, "loss": 0.41705551743507385, "lr": 1.308340896833853e-05}
{"epoch": 5, "step": 1000, "loss": 0.5449684858322144, "lr": 1.3070255054391434e-05}
{"epoch": 5, "step": 1050, "loss": 0.4890282452106476, "lr": 1.305710114044434e-05}
{"epoch": 5, "step": 1100, "loss": 0.592191219329834, "lr": 1.3043947226497245e-05}
{"epoch": 5, "step": 1150, "loss": 0.5973014831542969, "lr": 1.303079331255015e-05}
{"epoch": 5, "step": 1200, "loss": 0.4538848102092743, "lr": 1.3017639398603055e-05}
{"epoch": 5, "step": 1250, "loss": 0.25500255823135376, "lr": 1.300448548465596e-05}
{"epoch": 5, "step": 1300, "loss": 0.38054436445236206, "lr": 1.2991331570708865e-05}
{"epoch": 5, "step": 1350, "loss": 0.4709137976169586, "lr": 1.297817765676177e-05}
{"epoch": 5, "step": 1400, "loss": 0.55376136302948, "lr": 1.2965023742814676e-05}
{"epoch": 5, "step": 1450, "loss": 0.34565427899360657, "lr": 1.2951869828867581e-05}
{"epoch": 5, "step": 1500, "loss": 0.6312437057495117, "lr": 1.2938715914920486e-05}
{"epoch": 5, "step": 1550, "loss": 0.4575105905532837, "lr": 1.2925562000973391e-05}
{"epoch": 5, "step": 1600, "loss": 0.43956059217453003, "lr": 1.2912408087026297e-05}
{"epoch": 5, "step": 1650, "loss": 0.29933449625968933, "lr": 1.28992541730792e-05}
{"epoch": 5, "step": 1700, "loss": 0.2486606389284134, "lr": 1.2886100259132105e-05}
{"epoch": 5, "step": 1750, "loss": 0.45193326473236084, "lr": 1.287294634518501e-05}
{"epoch": 5, "step": 1800, "loss": 0.3723612427711487, "lr": 1.2859792431237916e-05}
{"epoch": 5, "step": 1850, "loss": 0.7012032866477966, "lr": 1.2846638517290821e-05}
{"epoch": 5, "step": 1900, "loss": 0.4397454559803009, "lr": 1.2833484603343726e-05}
{"epoch": 5, "step": 1950, "loss": 0.6062192320823669, "lr": 1.2820330689396631e-05}
{"epoch": 5, "step": 2000, "loss": 0.35783249139785767, "lr": 1.2807176775449537e-05}
{"epoch": 5, "step": 2050, "loss": 0.2541903853416443, "lr": 1.2794022861502442e-05}
{"epoch": 5, "step": 2100, "loss": 0.32100048661231995, "lr": 1.2780868947555347e-05}
{"epoch": 5, "step": 2150, "loss": 0.6088995337486267, "lr": 1.2767715033608252e-05}
{"epoch": 5, "step": 2200, "loss": 0.4768369495868683, "lr": 1.2754561119661156e-05}
{"epoch": 5, "step": 2250, "loss": 0.1972341686487198, "lr": 1.2741407205714061e-05}
{"epoch": 5, "step": 2300, "loss": 0.47391000390052795, "lr": 1.2728253291766966e-05}
{"epoch": 5, "step": 2350, "loss": 0.5573492050170898, "lr": 1.2715099377819871e-05}
{"epoch": 5, "step": 2400, "loss": 0.41738080978393555, "lr": 1.2701945463872777e-05}
{"epoch": 5, "step": 2450, "loss": 0.21869559586048126, "lr": 1.268879154992568e-05}
{"epoch": 5, "step": 2500, "loss": 0.4633462727069855, "lr": 1.2675637635978585e-05}
{"epoch": 5, "step": 2550, "loss": 0.5997205376625061, "lr": 1.266248372203149e-05}
{"epoch": 5, "step": 2600, "loss": 0.49759531021118164, "lr": 1.2649329808084396e-05}
{"epoch": 5, "step": 2650, "loss": 0.3548941910266876, "lr": 1.2636175894137301e-05}
{"epoch": 5, "step": 2700, "loss": 0.3305303156375885, "lr": 1.2623021980190206e-05}
{"epoch": 5, "step": 2750, "loss": 0.4134500324726105, "lr": 1.2609868066243111e-05}
{"epoch": 5, "step": 2800, "loss": 0.2754807770252228, "lr": 1.2596714152296017e-05}
{"epoch": 5, "step": 2850, "loss": 0.29179316759109497, "lr": 1.2583560238348922e-05}
{"epoch": 5, "step": 2900, "loss": 0.6389032602310181, "lr": 1.2570406324401827e-05}
{"epoch": 5, "step": 2950, "loss": 0.3622741103172302, "lr": 1.2557252410454732e-05}
{"epoch": 5, "step": 3000, "loss": 0.5478717684745789, "lr": 1.2544098496507637e-05}
{"epoch": 5, "step": 3050, "loss": 0.31365200877189636, "lr": 1.2530944582560543e-05}
{"epoch": 5, "step": 3100, "loss": 0.31131511926651, "lr": 1.2517790668613448e-05}
{"epoch": 5, "step": 3150, "loss": 0.4534202814102173, "lr": 1.2504636754666353e-05}
{"epoch": 5, "step": 3200, "loss": 0.5035508275032043, "lr": 1.2491482840719258e-05}
{"epoch": 5, "step": 3250, "loss": 0.2779357433319092, "lr": 1.2478328926772163e-05}
{"epoch": 5, "step": 3300, "loss": 0.4788168668746948, "lr": 1.2465175012825069e-05}
{"epoch": 5, "step": 3350, "loss": 0.3849061131477356, "lr": 1.245202109887797e-05}
{"epoch": 5, "step": 3400, "loss": 0.6738505363464355, "lr": 1.2438867184930876e-05}
{"epoch": 5, "step": 3450, "loss": 0.47129079699516296, "lr": 1.2425713270983781e-05}
{"epoch": 5, "step": 3500, "loss": 0.49881693720817566, "lr": 1.2412559357036686e-05}
{"epoch": 5, "step": 3550, "loss": 0.3350695073604584, "lr": 1.2399405443089591e-05}
{"epoch": 5, "step": 3600, "loss": 0.5008264183998108, "lr": 1.2386251529142496e-05}
{"epoch": 5, "step": 3650, "loss": 0.3730626702308655, "lr": 1.2373097615195402e-05}
{"epoch": 5, "step": 3700, "loss": 0.2250598967075348, "lr": 1.2359943701248307e-05}
{"epoch": 5, "step": 3750, "loss": 0.5694593787193298, "lr": 1.2346789787301212e-05}
{"epoch": 5, "step": 3800, "loss": 0.2716301679611206, "lr": 1.2333635873354117e-05}
{"epoch": 5, "step": 3850, "loss": 0.3026305139064789, "lr": 1.2320481959407023e-05}
{"epoch": 5, "step": 3900, "loss": 0.4087889790534973, "lr": 1.2307328045459928e-05}
{"epoch": 5, "step": 3950, "loss": 0.36170515418052673, "lr": 1.2294174131512833e-05}
{"epoch": 5, "step": 4000, "loss": 0.31564861536026, "lr": 1.2281020217565738e-05}
{"epoch": 5, "step": 4050, "loss": 0.36208847165107727, "lr": 1.2267866303618643e-05}
{"epoch": 5, "step": 4100, "loss": 0.46819373965263367, "lr": 1.2254712389671549e-05}
{"epoch": 5, "step": 4150, "loss": 0.34615808725357056, "lr": 1.2241558475724454e-05}
{"epoch": 5, "step": 4200, "loss": 0.7221019864082336, "lr": 1.2228404561777359e-05}
{"epoch": 5, "step": 4250, "loss": 0.20722435414791107, "lr": 1.2215250647830264e-05}
{"epoch": 5, "step": 4300, "loss": 0.575649082660675, "lr": 1.220209673388317e-05}
{"epoch": 5, "step": 4350, "loss": 0.4392282962799072, "lr": 1.2188942819936073e-05}
{"epoch": 5, "step": 4400, "loss": 0.774303138256073, "lr": 1.2175788905988978e-05}
{"epoch": 5, "step": 4450, "loss": 0.7236298322677612, "lr": 1.2162634992041883e-05}
{"epoch": 5, "step": 4500, "loss": 0.4568941593170166, "lr": 1.2149481078094789e-05}
{"epoch": 5, "step": 4550, "loss": 0.43827518820762634, "lr": 1.2136327164147692e-05}
{"epoch": 5, "step": 4600, "loss": 0.441964328289032, "lr": 1.2123173250200597e-05}
{"epoch": 5, "step": 4650, "loss": 0.4705445170402527, "lr": 1.2110019336253502e-05}
{"epoch": 5, "step": 4700, "loss": 0.321843683719635, "lr": 1.2096865422306408e-05}
{"epoch": 5, "step": 4750, "loss": 0.21486343443393707, "lr": 1.2083711508359313e-05}
{"epoch": 5, "step": 4800, "loss": 0.22802278399467468, "lr": 1.2070557594412218e-05}
{"epoch": 5, "step": 4850, "loss": 0.4852019250392914, "lr": 1.2057403680465123e-05}
{"epoch": 5, "step": 4900, "loss": 0.42380931973457336, "lr": 1.2044249766518029e-05}
{"epoch": 5, "step": 4950, "loss": 0.2522183358669281, "lr": 1.2031095852570934e-05}
{"epoch": 5, "step": 5000, "loss": 0.4409957528114319, "lr": 1.2017941938623839e-05}
{"epoch": 5, "step": 5050, "loss": 0.8292847871780396, "lr": 1.2004788024676744e-05}
{"epoch": 5, "step": 5100, "loss": 1.0240999460220337, "lr": 1.199163411072965e-05}
{"epoch": 5, "step": 5150, "loss": 0.5658707022666931, "lr": 1.1978480196782553e-05}
{"epoch": 5, "step": 5200, "loss": 0.36783066391944885, "lr": 1.1965326282835458e-05}
{"epoch": 5, "step": 5250, "loss": 0.39650869369506836, "lr": 1.1952172368888363e-05}
{"epoch": 5, "step": 5300, "loss": 0.5140675902366638, "lr": 1.1939018454941269e-05}
{"epoch": 5, "step": 5350, "loss": 0.4073010981082916, "lr": 1.1925864540994174e-05}
{"epoch": 5, "step": 5400, "loss": 0.5102900862693787, "lr": 1.1912710627047079e-05}
{"epoch": 5, "step": 5450, "loss": 0.19721099734306335, "lr": 1.1899556713099984e-05}
{"epoch": 5, "step": 5500, "loss": 0.39963167905807495, "lr": 1.188640279915289e-05}
{"epoch": 5, "step": 5550, "loss": 0.6164728999137878, "lr": 1.1873248885205795e-05}
{"epoch": 5, "step": 5600, "loss": 0.4144185483455658, "lr": 1.18600949712587e-05}
{"epoch": 5, "step": 5650, "loss": 0.411703884601593, "lr": 1.1846941057311605e-05}
{"epoch": 5, "step": 5700, "loss": 0.4589656889438629, "lr": 1.183378714336451e-05}
{"epoch": 5, "step": 5750, "loss": 0.2255427986383438, "lr": 1.1820633229417414e-05}
{"epoch": 5, "step": 5800, "loss": 0.5927624702453613, "lr": 1.1807479315470319e-05}
{"epoch": 5, "step": 5850, "loss": 0.4056906998157501, "lr": 1.1794325401523224e-05}
{"epoch": 5, "step": 5900, "loss": 0.511467456817627, "lr": 1.178117148757613e-05}
{"epoch": 5, "step": 5950, "loss": 0.461516410112381, "lr": 1.1768017573629033e-05}
{"epoch": 5, "step": 6000, "loss": 0.37179136276245117, "lr": 1.1754863659681938e-05}
{"epoch": 5, "step": 6050, "loss": 0.4283338189125061, "lr": 1.1741709745734843e-05}
{"epoch": 5, "step": 6100, "loss": 0.40867355465888977, "lr": 1.1728555831787748e-05}
{"epoch": 5, "step": 6150, "loss": 0.4701855778694153, "lr": 1.1715401917840654e-05}
{"epoch": 5, "step": 6200, "loss": 0.4512800872325897, "lr": 1.1702248003893559e-05}
{"epoch": 5, "step": 6250, "loss": 0.48475396633148193, "lr": 1.1689094089946464e-05}
{"epoch": 5, "step": 6300, "loss": 0.2727111577987671, "lr": 1.167594017599937e-05}
{"epoch": 5, "step": 6350, "loss": 0.3051912188529968, "lr": 1.1662786262052275e-05}
{"epoch": 5, "step": 6400, "loss": 0.5677881240844727, "lr": 1.164963234810518e-05}
{"epoch": 5, "step": 6450, "loss": 0.5458850264549255, "lr": 1.1636478434158085e-05}
{"epoch": 5, "step": 6500, "loss": 0.6373841166496277, "lr": 1.162332452021099e-05}
{"epoch": 5, "step": 6550, "loss": 0.3804975152015686, "lr": 1.1610170606263895e-05}
{"epoch": 5, "step": 6600, "loss": 0.5277631878852844, "lr": 1.15970166923168e-05}
{"epoch": 5, "step": 6650, "loss": 0.46013784408569336, "lr": 1.1583862778369706e-05}
{"epoch": 5, "step": 6700, "loss": 0.4372374415397644, "lr": 1.1570708864422611e-05}
{"epoch": 5, "step": 6750, "loss": 0.46543627977371216, "lr": 1.1557554950475516e-05}
{"epoch": 5, "step": 6800, "loss": 0.5176623463630676, "lr": 1.1544401036528421e-05}
{"epoch": 5, "step": 6850, "loss": 0.5131850242614746, "lr": 1.1531247122581327e-05}
{"epoch": 5, "step": 6900, "loss": 0.5050482153892517, "lr": 1.1518093208634228e-05}
{"epoch": 5, "step": 6950, "loss": 0.5730127692222595, "lr": 1.1504939294687134e-05}
{"epoch": 5, "step": 7000, "loss": 0.5684431195259094, "lr": 1.1491785380740039e-05}
{"epoch": 5, "step": 7050, "loss": 0.5679280757904053, "lr": 1.1478631466792944e-05}
{"epoch": 5, "step": 7100, "loss": 0.245432510972023, "lr": 1.146547755284585e-05}
{"epoch": 5, "step": 7150, "loss": 0.5054450035095215, "lr": 1.1452323638898754e-05}
{"epoch": 5, "step": 7200, "loss": 0.4185081422328949, "lr": 1.143916972495166e-05}
{"epoch": 5, "step": 7250, "loss": 0.326741099357605, "lr": 1.1426015811004565e-05}
{"epoch": 5, "step": 7300, "loss": 0.5412779450416565, "lr": 1.141286189705747e-05}
{"epoch": 5, "step": 7350, "loss": 0.3903236985206604, "lr": 1.1399707983110375e-05}
{"epoch": 5, "step": 7400, "loss": 0.30045759677886963, "lr": 1.138655406916328e-05}
{"epoch": 5, "step": 7450, "loss": 0.41199469566345215, "lr": 1.1373400155216186e-05}
{"epoch": 5, "step": 7500, "loss": 0.5779881477355957, "lr": 1.1360246241269091e-05}
{"epoch": 5, "step": 7550, "loss": 0.32534080743789673, "lr": 1.1347092327321996e-05}
{"epoch": 5, "step": 7600, "loss": 0.5844388604164124, "lr": 1.1333938413374901e-05}
{"epoch": 5, "step": 7650, "loss": 0.2533318102359772, "lr": 1.1320784499427807e-05}
{"epoch": 5, "step": 7700, "loss": 0.5143385529518127, "lr": 1.1307630585480712e-05}
{"epoch": 5, "step": 7750, "loss": 0.44621410965919495, "lr": 1.1294476671533617e-05}
{"epoch": 5, "step": 7800, "loss": 0.5443178415298462, "lr": 1.1281322757586522e-05}
{"epoch": 5, "step": 7850, "loss": 0.5106174945831299, "lr": 1.1268168843639426e-05}
{"epoch": 5, "step": 7900, "loss": 0.24226818978786469, "lr": 1.1255014929692331e-05}
{"epoch": 5, "step": 7950, "loss": 0.4772648215293884, "lr": 1.1241861015745236e-05}
{"epoch": 5, "step": 8000, "loss": 0.37092188000679016, "lr": 1.1228707101798141e-05}
{"epoch": 5, "step": 8050, "loss": 0.5485857725143433, "lr": 1.1215553187851047e-05}
{"epoch": 5, "step": 8100, "loss": 0.2158340960741043, "lr": 1.120239927390395e-05}
{"epoch": 5, "step": 8150, "loss": 0.36011049151420593, "lr": 1.1189245359956855e-05}
{"epoch": 5, "step": 8200, "loss": 0.6528173089027405, "lr": 1.117609144600976e-05}
{"epoch": 5, "step": 8250, "loss": 0.6721028685569763, "lr": 1.1162937532062666e-05}
{"epoch": 5, "step": 8300, "loss": 0.2734164893627167, "lr": 1.1149783618115571e-05}
{"epoch": 5, "step": 8350, "loss": 0.5832945704460144, "lr": 1.1136629704168476e-05}
{"epoch": 5, "step": 8400, "loss": 0.5265282988548279, "lr": 1.1123475790221381e-05}
{"epoch": 5, "weighted_f1": 0.5937109560482441, "checkpoint": "/home/rishank/Projects/major project/Test/results/checkpoints/dnabert2_splitb_seed2/epoch_05.pt"}
{"epoch": 6, "step": 1, "loss": 0.2944939434528351, "lr": 1.1110848032832171e-05}
{"epoch": 6, "step": 50, "loss": 0.3841165602207184, "lr": 1.1097957197164017e-05}
{"epoch": 6, "step": 100, "loss": 0.2540420889854431, "lr": 1.1084803283216922e-05}
{"epoch": 6, "step": 150, "loss": 0.3637771010398865, "lr": 1.1071649369269827e-05}
{"epoch": 6, "step": 200, "loss": 0.5112159252166748, "lr": 1.1058495455322732e-05}
{"epoch": 6, "step": 250, "loss": 0.5399924516677856, "lr": 1.1045341541375638e-05}
{"epoch": 6, "step": 300, "loss": 0.5070001482963562, "lr": 1.1032187627428543e-05}
{"epoch": 6, "step": 350, "loss": 0.3548154830932617, "lr": 1.1019033713481446e-05}
{"epoch": 6, "step": 400, "loss": 0.3015559911727905, "lr": 1.1005879799534352e-05}
{"epoch": 6, "step": 450, "loss": 0.692863941192627, "lr": 1.0992725885587257e-05}
{"epoch": 6, "step": 500, "loss": 0.5228796005249023, "lr": 1.0979571971640162e-05}
{"epoch": 6, "step": 550, "loss": 0.533684253692627, "lr": 1.0966418057693067e-05}
{"epoch": 6, "step": 600, "loss": 0.4017627239227295, "lr": 1.0953264143745972e-05}
{"epoch": 6, "step": 650, "loss": 0.31706514954566956, "lr": 1.0940110229798878e-05}
{"epoch": 6, "step": 700, "loss": 0.3197779357433319, "lr": 1.0926956315851783e-05}
{"epoch": 6, "step": 750, "loss": 0.27696332335472107, "lr": 1.0913802401904688e-05}
{"epoch": 6, "step": 800, "loss": 0.6832444667816162, "lr": 1.0900648487957593e-05}
{"epoch": 6, "step": 850, "loss": 0.4430257976055145, "lr": 1.0887494574010497e-05}
{"epoch": 6, "step": 900, "loss": 0.3909354507923126, "lr": 1.0874340660063402e-05}
{"epoch": 6, "step": 950, "loss": 0.5647658705711365, "lr": 1.0861186746116307e-05}
{"epoch": 6, "step": 1000, "loss": 0.5245621204376221, "lr": 1.0848032832169212e-05}
{"epoch": 6, "step": 1050, "loss": 0.47147640585899353, "lr": 1.0834878918222118e-05}
{"epoch": 6, "step": 1100, "loss": 0.5378161072731018, "lr": 1.0821725004275023e-05}
{"epoch": 6, "step": 1150, "loss": 0.37618938088417053, "lr": 1.0808571090327928e-05}
{"epoch": 6, "step": 1200, "loss": 0.2902745008468628, "lr": 1.0795417176380833e-05}
{"epoch": 6, "step": 1250, "loss": 0.14679764211177826, "lr": 1.0782263262433738e-05}
{"epoch": 6, "step": 1300, "loss": 0.6676697731018066, "lr": 1.0769109348486644e-05}
{"epoch": 6, "step": 1350, "loss": 0.3291519284248352, "lr": 1.0755955434539549e-05}
{"epoch": 6, "step": 1400, "loss": 0.10722853988409042, "lr": 1.0742801520592454e-05}
{"epoch": 6, "step": 1450, "loss": 0.40844637155532837, "lr": 1.072964760664536e-05}
{"epoch": 6, "step": 1500, "loss": 0.3775193691253662, "lr": 1.0716493692698265e-05}
{"epoch": 6, "step": 1550, "loss": 0.7176674008369446, "lr": 1.0703339778751168e-05}
{"epoch": 6, "step": 1600, "loss": 0.4454559087753296, "lr": 1.0690185864804072e-05}
{"epoch": 6, "step": 1650, "loss": 0.4784262180328369, "lr": 1.0677031950856977e-05}
{"epoch": 6, "step": 1700, "loss": 0.4630959928035736, "lr": 1.0663878036909882e-05}
{"epoch": 6, "step": 1750, "loss": 0.2919110059738159, "lr": 1.0650724122962787e-05}
{"epoch": 6, "step": 1800, "loss": 0.8637129068374634, "lr": 1.0637570209015692e-05}
{"epoch": 6, "step": 1850, "loss": 0.3864121735095978, "lr": 1.0624416295068598e-05}
{"epoch": 6, "step": 1900, "loss": 0.7180446982383728, "lr": 1.0611262381121503e-05}
{"epoch": 6, "step": 1950, "loss": 0.8062319755554199, "lr": 1.0598108467174408e-05}
{"epoch": 6, "step": 2000, "loss": 0.7410615682601929, "lr": 1.0584954553227313e-05}
{"epoch": 6, "step": 2050, "loss": 0.12834377586841583, "lr": 1.0571800639280218e-05}
{"epoch": 6, "step": 2100, "loss": 0.35438141226768494, "lr": 1.0558646725333124e-05}
{"epoch": 6, "step": 2150, "loss": 0.29035478830337524, "lr": 1.0545492811386029e-05}
{"epoch": 6, "step": 2200, "loss": 0.37005603313446045, "lr": 1.0532338897438934e-05}
{"epoch": 6, "step": 2250, "loss": 0.40242671966552734, "lr": 1.051918498349184e-05}
{"epoch": 6, "step": 2300, "loss": 0.6684781908988953, "lr": 1.0506031069544744e-05}
{"epoch": 6, "step": 2350, "loss": 0.2993680238723755, "lr": 1.049287715559765e-05}
{"epoch": 6, "step": 2400, "loss": 0.4162612557411194, "lr": 1.0479723241650555e-05}
{"epoch": 6, "step": 2450, "loss": 0.3744092583656311, "lr": 1.046656932770346e-05}
{"epoch": 6, "step": 2500, "loss": 0.4929608404636383, "lr": 1.0453415413756365e-05}
{"epoch": 6, "step": 2550, "loss": 0.6641119718551636, "lr": 1.044026149980927e-05}
{"epoch": 6, "step": 2600, "loss": 0.5313445329666138, "lr": 1.0427107585862176e-05}
{"epoch": 6, "step": 2650, "loss": 0.26312491297721863, "lr": 1.0413953671915081e-05}
{"epoch": 6, "step": 2700, "loss": 0.46700266003608704, "lr": 1.0400799757967983e-05}
{"epoch": 6, "step": 2750, "loss": 0.5946831107139587, "lr": 1.0387645844020888e-05}
{"epoch": 6, "step": 2800, "loss": 0.2657712697982788, "lr": 1.0374491930073793e-05}
{"epoch": 6, "step": 2850, "loss": 0.5131544470787048, "lr": 1.0361338016126698e-05}
{"epoch": 6, "step": 2900, "loss": 0.25036051869392395, "lr": 1.0348184102179604e-05}
{"epoch": 6, "step": 2950, "loss": 0.5138760209083557, "lr": 1.0335030188232509e-05}
{"epoch": 6, "step": 3000, "loss": 0.6965030431747437, "lr": 1.0321876274285414e-05}
{"epoch": 6, "step": 3050, "loss": 0.5300357341766357, "lr": 1.030872236033832e-05}
{"epoch": 6, "step": 3100, "loss": 0.2921350300312042, "lr": 1.0295568446391224e-05}
{"epoch": 6, "step": 3150, "loss": 0.6844576001167297, "lr": 1.028241453244413e-05}
{"epoch": 6, "step": 3200, "loss": 0.43929386138916016, "lr": 1.0269260618497035e-05}
{"epoch": 6, "step": 3250, "loss": 0.37275230884552, "lr": 1.025610670454994e-05}
{"epoch": 6, "step": 3300, "loss": 0.4434776306152344, "lr": 1.0242952790602845e-05}
{"epoch": 6, "step": 3350, "loss": 0.1940469741821289, "lr": 1.022979887665575e-05}
{"epoch": 6, "step": 3400, "loss": 0.228885680437088, "lr": 1.0216644962708656e-05}
{"epoch": 6, "step": 3450, "loss": 0.45078277587890625, "lr": 1.0203491048761561e-05}
{"epoch": 6, "step": 3500, "loss": 0.44730544090270996, "lr": 1.0190337134814466e-05}
{"epoch": 6, "step": 3550, "loss": 0.4140794277191162, "lr": 1.017718322086737e-05}
{"epoch": 6, "step": 3600, "loss": 0.634851336479187, "lr": 1.0164029306920275e-05}
{"epoch": 6, "step": 3650, "loss": 0.18243947625160217, "lr": 1.015087539297318e-05}
{"epoch": 6, "step": 3700, "loss": 0.2567419707775116, "lr": 1.0137721479026085e-05}
{"epoch": 6, "step": 3750, "loss": 0.1605626344680786, "lr": 1.012456756507899e-05}
{"epoch": 6, "step": 3800, "loss": 0.7029863595962524, "lr": 1.0111413651131896e-05}
{"epoch": 6, "step": 3850, "loss": 0.43085604906082153, "lr": 1.0098259737184801e-05}
{"epoch": 6, "step": 3900, "loss": 0.41863954067230225, "lr": 1.0085105823237704e-05}
{"epoch": 6, "step": 3950, "loss": 0.4430723488330841, "lr": 1.007195190929061e-05}
{"epoch": 6, "step": 4000, "loss": 0.6461133360862732, "lr": 1.0058797995343515e-05}
{"epoch": 6, "step": 4050, "loss": 0.5509414672851562, "lr": 1.004564408139642e-05}
{"epoch": 6, "step": 4100, "loss": 0.5050064325332642, "lr": 1.0032490167449325e-05}
{"epoch": 6, "step": 4150, "loss": 0.2223663479089737, "lr": 1.001933625350223e-05}
{"epoch": 6, "step": 4200, "loss": 0.4275067448616028, "lr": 1.0006182339555136e-05}
{"epoch": 6, "step": 4250, "loss": 0.4916011095046997, "lr": 9.993028425608041e-06}
{"epoch": 6, "step": 4300, "loss": 0.3666715919971466, "lr": 9.979874511660946e-06}
{"epoch": 6, "step": 4350, "loss": 0.41176140308380127, "lr": 9.96672059771385e-06}
{"epoch": 6, "step": 4400, "loss": 0.22302855551242828, "lr": 9.953566683766755e-06}
{"epoch": 6, "step": 4450, "loss": 0.37070176005363464, "lr": 9.94041276981966e-06}
{"epoch": 6, "step": 4500, "loss": 0.36474499106407166, "lr": 9.927258855872565e-06}
{"epoch": 6, "step": 4550, "loss": 0.4938832223415375, "lr": 9.91410494192547e-06}
{"epoch": 6, "step": 4600, "loss": 0.3670188784599304, "lr": 9.900951027978376e-06}
{"epoch": 6, "step": 4650, "loss": 0.4258759319782257, "lr": 9.88779711403128e-06}
{"epoch": 6, "step": 4700, "loss": 0.6608973145484924, "lr": 9.874643200084186e-06}
{"epoch": 6, "step": 4750, "loss": 0.3862648010253906, "lr": 9.861489286137091e-06}
{"epoch": 6, "step": 4800, "loss": 0.25922638177871704, "lr": 9.848335372189995e-06}
{"epoch": 6, "step": 4850, "loss": 0.5418521165847778, "lr": 9.8351814582429e-06}
{"epoch": 6, "step": 4900, "loss": 0.3036019206047058, "lr": 9.822027544295805e-06}
{"epoch": 6, "step": 4950, "loss": 0.36330485343933105, "lr": 9.80887363034871e-06}
{"epoch": 6, "step": 5000, "loss": 0.4883524477481842, "lr": 9.795719716401616e-06}
{"epoch": 6, "step": 5050, "loss": 0.4097401797771454, "lr": 9.78256580245452e-06}
{"epoch": 6, "step": 5100, "loss": 0.39538806676864624, "lr": 9.769411888507426e-06}
{"epoch": 6, "step": 5150, "loss": 0.27949196100234985, "lr": 9.756257974560331e-06}
{"epoch": 6, "step": 5200, "loss": 0.33926865458488464, "lr": 9.743104060613236e-06}
{"epoch": 6, "step": 5250, "loss": 0.4768402576446533, "lr": 9.729950146666142e-06}
{"epoch": 6, "step": 5300, "loss": 0.4258020222187042, "lr": 9.716796232719047e-06}
{"epoch": 6, "step": 5350, "loss": 0.16067123413085938, "lr": 9.70364231877195e-06}
{"epoch": 6, "step": 5400, "loss": 0.312130331993103, "lr": 9.690488404824856e-06}
{"epoch": 6, "step": 5450, "loss": 0.537297248840332, "lr": 9.67733449087776e-06}
{"epoch": 6, "step": 5500, "loss": 0.4447772800922394, "lr": 9.664180576930666e-06}
{"epoch": 6, "step": 5550, "loss": 0.3927188515663147, "lr": 9.651026662983571e-06}
{"epoch": 6, "step": 5600, "loss": 0.6346368789672852, "lr": 9.637872749036476e-06}
{"epoch": 6, "step": 5650, "loss": 0.4542619287967682, "lr": 9.624718835089382e-06}
{"epoch": 6, "step": 5700, "loss": 0.39090844988822937, "lr": 9.611564921142287e-06}
{"epoch": 6, "step": 5750, "loss": 0.3584637939929962, "lr": 9.598411007195192e-06}
{"epoch": 6, "step": 5800, "loss": 0.19632981717586517, "lr": 9.585257093248097e-06}
{"epoch": 6, "step": 5850, "loss": 0.2479669153690338, "lr": 9.572103179301002e-06}
{"epoch": 6, "step": 5900, "loss": 0.2807718813419342, "lr": 9.558949265353908e-06}
{"epoch": 6, "step": 5950, "loss": 0.12993404269218445, "lr": 9.545795351406811e-06}
{"epoch": 6, "step": 6000, "loss": 0.5347505211830139, "lr": 9.532641437459716e-06}
{"epoch": 6, "step": 6050, "loss": 0.6007960438728333, "lr": 9.519487523512622e-06}
{"epoch": 6, "step": 6100, "loss": 0.5386841893196106, "lr": 9.506333609565527e-06}
{"epoch": 6, "step": 6150, "loss": 0.4867798089981079, "lr": 9.493179695618432e-06}
{"epoch": 6, "step": 6200, "loss": 0.29914307594299316, "lr": 9.480025781671337e-06}
{"epoch": 6, "step": 6250, "loss": 0.366046667098999, "lr": 9.466871867724242e-06}
{"epoch": 6, "step": 6300, "loss": 0.4543236494064331, "lr": 9.453717953777148e-06}
{"epoch": 6, "step": 6350, "loss": 0.442949116230011, "lr": 9.440564039830053e-06}
{"epoch": 6, "step": 6400, "loss": 0.1906013786792755, "lr": 9.427410125882958e-06}
{"epoch": 6, "step": 6450, "loss": 0.3879404366016388, "lr": 9.414256211935863e-06}
{"epoch": 6, "step": 6500, "loss": 0.39187508821487427, "lr": 9.401102297988769e-06}
{"epoch": 6, "step": 6550, "loss": 0.4018787443637848, "lr": 9.387948384041672e-06}
{"epoch": 6, "step": 6600, "loss": 0.4822617173194885, "lr": 9.374794470094577e-06}
{"epoch": 6, "step": 6650, "loss": 0.5055686831474304, "lr": 9.361640556147482e-06}
{"epoch": 6, "step": 6700, "loss": 0.3885301649570465, "lr": 9.348486642200388e-06}
{"epoch": 6, "step": 6750, "loss": 0.40905049443244934, "lr": 9.335332728253293e-06}
{"epoch": 6, "step": 6800, "loss": 0.5827683210372925, "lr": 9.322178814306198e-06}
{"epoch": 6, "step": 6850, "loss": 0.31985294818878174, "lr": 9.309024900359103e-06}
{"epoch": 6, "step": 6900, "loss": 0.42671456933021545, "lr": 9.295870986412008e-06}
{"epoch": 6, "step": 6950, "loss": 0.17226341366767883, "lr": 9.282717072464914e-06}
{"epoch": 6, "step": 7000, "loss": 0.37631356716156006, "lr": 9.269563158517819e-06}
{"epoch": 6, "step": 7050, "loss": 0.2013220340013504, "lr": 9.256409244570722e-06}
{"epoch": 6, "step": 7100, "loss": 0.6346084475517273, "lr": 9.243255330623628e-06}
{"epoch": 6, "step": 7150, "loss": 0.5178438425064087, "lr": 9.230101416676533e-06}
{"epoch": 6, "step": 7200, "loss": 0.5622260570526123, "lr": 9.216947502729438e-06}
{"epoch": 6, "step": 7250, "loss": 0.36787012219429016, "lr": 9.203793588782343e-06}
{"epoch": 6, "step": 7300, "loss": 0.4412076771259308, "lr": 9.190639674835248e-06}
{"epoch": 6, "step": 7350, "loss": 0.5539122819900513, "lr": 9.177485760888154e-06}
{"epoch": 6, "step": 7400, "loss": 0.9634363651275635, "lr": 9.164331846941059e-06}
{"epoch": 6, "step": 7450, "loss": 0.17621834576129913, "lr": 9.151177932993962e-06}
{"epoch": 6, "step": 7500, "loss": 0.33365845680236816, "lr": 9.138024019046868e-06}
{"epoch": 6, "step": 7550, "loss": 0.3493148386478424, "lr": 9.124870105099773e-06}
{"epoch": 6, "step": 7600, "loss": 0.501345157623291, "lr": 9.111716191152678e-06}
{"epoch": 6, "step": 7650, "loss": 0.5223466157913208, "lr": 9.098562277205583e-06}
{"epoch": 6, "step": 7700, "loss": 0.40411609411239624, "lr": 9.085408363258488e-06}
{"epoch": 6, "step": 7750, "loss": 0.15544497966766357, "lr": 9.072254449311394e-06}
{"epoch": 6, "step": 7800, "loss": 0.5094417333602905, "lr": 9.059100535364299e-06}
{"epoch": 6, "step": 7850, "loss": 0.6276611685752869, "lr": 9.045946621417202e-06}
{"epoch": 6, "step": 7900, "loss": 0.8249998688697815, "lr": 9.032792707470108e-06}
{"epoch": 6, "step": 7950, "loss": 0.2899820804595947, "lr": 9.019638793523013e-06}
{"epoch": 6, "step": 8000, "loss": 0.45191723108291626, "lr": 9.006484879575918e-06}
{"epoch": 6, "step": 8050, "loss": 0.5027152299880981, "lr": 8.993330965628823e-06}
{"epoch": 6, "step": 8100, "loss": 0.34575992822647095, "lr": 8.980177051681728e-06}
{"epoch": 6, "step": 8150, "loss": 0.5283100605010986, "lr": 8.967023137734634e-06}
{"epoch": 6, "step": 8200, "loss": 0.5676390528678894, "lr": 8.953869223787539e-06}
{"epoch": 6, "step": 8250, "loss": 0.37656378746032715, "lr": 8.940715309840444e-06}
{"epoch": 6, "step": 8300, "loss": 0.6512505412101746, "lr": 8.927561395893348e-06}
{"epoch": 6, "step": 8350, "loss": 0.2522701621055603, "lr": 8.914407481946253e-06}
{"epoch": 6, "step": 8400, "loss": 0.2195134460926056, "lr": 8.901253567999158e-06}
{"epoch": 6, "weighted_f1": 0.6148396481009714, "checkpoint": "/home/rishank/Projects/major project/Test/results/checkpoints/dnabert2_splitb_seed2/epoch_06.pt"}
{"epoch": 7, "step": 1, "loss": 0.44642457365989685, "lr": 8.888625810609948e-06}
{"epoch": 7, "step": 50, "loss": 0.41191792488098145, "lr": 8.875734974941794e-06}
{"epoch": 7, "step": 100, "loss": 0.22753478586673737, "lr": 8.862581060994699e-06}
{"epoch": 7, "step": 150, "loss": 0.5043647885322571, "lr": 8.849427147047604e-06}
{"epoch": 7, "step": 200, "loss": 0.47353222966194153, "lr": 8.836273233100509e-06}
{"epoch": 7, "step": 250, "loss": 0.39514410495758057, "lr": 8.823119319153414e-06}
{"epoch": 7, "step": 300, "loss": 0.5368444919586182, "lr": 8.80996540520632e-06}
{"epoch": 7, "step": 350, "loss": 0.52227783203125, "lr": 8.796811491259225e-06}
{"epoch": 7, "step": 400, "loss": 0.3736339509487152, "lr": 8.78365757731213e-06}
{"epoch": 7, "step": 450, "loss": 0.3480626344680786, "lr": 8.770503663365035e-06}
{"epoch": 7, "step": 500, "loss": 0.47115227580070496, "lr": 8.75734974941794e-06}
{"epoch": 7, "step": 550, "loss": 0.38731515407562256, "lr": 8.744195835470846e-06}
{"epoch": 7, "step": 600, "loss": 0.13782382011413574, "lr": 8.731041921523749e-06}
{"epoch": 7, "step": 650, "loss": 0.2531815767288208, "lr": 8.717888007576654e-06}
{"epoch": 7, "step": 700, "loss": 0.4271128177642822, "lr": 8.70473409362956e-06}
{"epoch": 7, "step": 750, "loss": 0.3833903670310974, "lr": 8.691580179682465e-06}
{"epoch": 7, "step": 800, "loss": 0.3940841853618622, "lr": 8.67842626573537e-06}
{"epoch": 7, "step": 850, "loss": 0.16239093244075775, "lr": 8.665272351788275e-06}
{"epoch": 7, "step": 900, "loss": 0.15067613124847412, "lr": 8.65211843784118e-06}
{"epoch": 7, "step": 950, "loss": 0.18269245326519012, "lr": 8.638964523894086e-06}
{"epoch": 7, "step": 1000, "loss": 0.542072594165802, "lr": 8.62581060994699e-06}
{"epoch": 7, "step": 1050, "loss": 0.6385455131530762, "lr": 8.612656695999896e-06}
{"epoch": 7, "step": 1100, "loss": 0.3298646807670593, "lr": 8.599502782052801e-06}
{"epoch": 7, "step": 1150, "loss": 0.37789854407310486, "lr": 8.586348868105705e-06}
{"epoch": 7, "step": 1200, "loss": 0.3663528561592102, "lr": 8.57319495415861e-06}
{"epoch": 7, "step": 1250, "loss": 0.33807888627052307, "lr": 8.560041040211515e-06}
{"epoch": 7, "step": 1300, "loss": 0.22546735405921936, "lr": 8.54688712626442e-06}
{"epoch": 7, "step": 1350, "loss": 0.5764962434768677, "lr": 8.533733212317326e-06}
{"epoch": 7, "step": 1400, "loss": 0.546497642993927, "lr": 8.52057929837023e-06}
{"epoch": 7, "step": 1450, "loss": 0.37006819248199463, "lr": 8.507425384423136e-06}
{"epoch": 7, "step": 1500, "loss": 0.2882479727268219, "lr": 8.494271470476041e-06}
{"epoch": 7, "step": 1550, "loss": 0.26404869556427, "lr": 8.481117556528946e-06}
{"epoch": 7, "step": 1600, "loss": 0.430303692817688, "lr": 8.467963642581852e-06}
{"epoch": 7, "step": 1650, "loss": 0.35323381423950195, "lr": 8.454809728634757e-06}
{"epoch": 7, "step": 1700, "loss": 0.38048526644706726, "lr": 8.441655814687662e-06}
{"epoch": 7, "step": 1750, "loss": 0.20879971981048584, "lr": 8.428501900740566e-06}
{"epoch": 7, "step": 1800, "loss": 0.2690105438232422, "lr": 8.41534798679347e-06}
{"epoch": 7, "step": 1850, "loss": 0.21797451376914978, "lr": 8.402194072846376e-06}
{"epoch": 7, "step": 1900, "loss": 0.6112523674964905, "lr": 8.389040158899281e-06}
{"epoch": 7, "step": 1950, "loss": 0.21896332502365112, "lr": 8.375886244952186e-06}
{"epoch": 7, "step": 2000, "loss": 0.20341816544532776, "lr": 8.362732331005092e-06}
{"epoch": 7, "step": 2050, "loss": 0.14736191928386688, "lr": 8.349578417057997e-06}
{"epoch": 7, "step": 2100, "loss": 0.22108514606952667, "lr": 8.336424503110902e-06}
{"epoch": 7, "step": 2150, "loss": 0.21058379113674164, "lr": 8.323270589163807e-06}
{"epoch": 7, "step": 2200, "loss": 0.12334245443344116, "lr": 8.310116675216712e-06}
{"epoch": 7, "step": 2250, "loss": 0.3856549859046936, "lr": 8.296962761269618e-06}
{"epoch": 7, "step": 2300, "loss": 0.39328262209892273, "lr": 8.283808847322523e-06}
{"epoch": 7, "step": 2350, "loss": 0.24389418959617615, "lr": 8.270654933375426e-06}
{"epoch": 7, "step": 2400, "loss": 0.39794519543647766, "lr": 8.257501019428332e-06}
{"epoch": 7, "step": 2450, "loss": 0.3565555810928345, "lr": 8.244347105481237e-06}
{"epoch": 7, "step": 2500, "loss": 0.20474565029144287, "lr": 8.231193191534142e-06}
{"epoch": 7, "step": 2550, "loss": 0.14579099416732788, "lr": 8.218039277587047e-06}
{"epoch": 7, "step": 2600, "loss": 0.5816206932067871, "lr": 8.204885363639952e-06}
{"epoch": 7, "step": 2650, "loss": 0.6880064010620117, "lr": 8.191731449692858e-06}
{"epoch": 7, "step": 2700, "loss": 0.3683285415172577, "lr": 8.178577535745761e-06}
{"epoch": 7, "step": 2750, "loss": 0.7441886067390442, "lr": 8.165423621798666e-06}
{"epoch": 7, "step": 2800, "loss": 0.18016284704208374, "lr": 8.152269707851572e-06}
{"epoch": 7, "step": 2850, "loss": 0.31875693798065186, "lr": 8.139115793904477e-06}
{"epoch": 7, "step": 2900, "loss": 0.38435494899749756, "lr": 8.125961879957382e-06}
{"epoch": 7, "step": 2950, "loss": 0.261976420879364, "lr": 8.112807966010287e-06}
{"epoch": 7, "step": 3000, "loss": 0.15112455189228058, "lr": 8.099654052063192e-06}
{"epoch": 7, "step": 3050, "loss": 0.19461503624916077, "lr": 8.086500138116098e-06}
{"epoch": 7, "step": 3100, "loss": 0.2415185123682022, "lr": 8.073346224169001e-06}
{"epoch": 7, "step": 3150, "loss": 0.5917207598686218, "lr": 8.060192310221906e-06}
{"epoch": 7, "step": 3200, "loss": 0.5504573583602905, "lr": 8.047038396274812e-06}
{"epoch": 7, "step": 3250, "loss": 0.46904465556144714, "lr": 8.033884482327717e-06}
{"epoch": 7, "step": 3300, "loss": 0.3260652720928192, "lr": 8.020730568380622e-06}
{"epoch": 7, "step": 3350, "loss": 0.2314455807209015, "lr": 8.007576654433527e-06}
{"epoch": 7, "step": 3400, "loss": 0.3450011909008026, "lr": 7.994422740486432e-06}
{"epoch": 7, "step": 3450, "loss": 0.1555558741092682, "lr": 7.981268826539338e-06}
{"epoch": 7, "step": 3500, "loss": 0.6081323027610779, "lr": 7.968114912592243e-06}
{"epoch": 7, "step": 3550, "loss": 0.3330385982990265, "lr": 7.954960998645146e-06}
{"epoch": 7, "step": 3600, "loss": 0.49759751558303833, "lr": 7.941807084698051e-06}
{"epoch": 7, "step": 3650, "loss": 0.6683855056762695, "lr": 7.928653170750957e-06}
{"epoch": 7, "step": 3700, "loss": 0.45672139525413513, "lr": 7.915499256803862e-06}
{"epoch": 7, "step": 3750, "loss": 0.4100377857685089, "lr": 7.902345342856767e-06}
{"epoch": 7, "step": 3800, "loss": 0.4557529389858246, "lr": 7.889191428909672e-06}
{"epoch": 7, "step": 3850, "loss": 0.15663334727287292, "lr": 7.876037514962578e-06}
{"epoch": 7, "step": 3900, "loss": 0.3743288218975067, "lr": 7.862883601015483e-06}
{"epoch": 7, "step": 3950, "loss": 0.7574112415313721, "lr": 7.849729687068388e-06}
{"epoch": 7, "step": 4000, "loss": 0.39307984709739685, "lr": 7.836575773121293e-06}
{"epoch": 7, "step": 4050, "loss": 0.7589584589004517, "lr": 7.823421859174198e-06}
{"epoch": 7, "step": 4100, "loss": 0.5136904120445251, "lr": 7.810267945227102e-06}
{"epoch": 7, "step": 4150, "loss": 0.22991032898426056, "lr": 7.797114031280007e-06}
{"epoch": 7, "step": 4200, "loss": 0.1871482878923416, "lr": 7.783960117332912e-06}
{"epoch": 7, "step": 4250, "loss": 0.28263500332832336, "lr": 7.770806203385818e-06}
{"epoch": 7, "step": 4300, "loss": 0.1555517166852951, "lr": 7.757652289438723e-06}
{"epoch": 7, "step": 4350, "loss": 0.4540133774280548, "lr": 7.744498375491628e-06}
{"epoch": 7, "step": 4400, "loss": 0.46576133370399475, "lr": 7.731344461544533e-06}
{"epoch": 7, "step": 4450, "loss": 0.4410508871078491, "lr": 7.718190547597438e-06}
{"epoch": 7, "step": 4500, "loss": 0.30761852860450745, "lr": 7.705036633650344e-06}
{"epoch": 7, "step": 4550, "loss": 0.7520955801010132, "lr": 7.691882719703249e-06}
{"epoch": 7, "step": 4600, "loss": 0.33851534128189087, "lr": 7.678728805756154e-06}
{"epoch": 7, "step": 4650, "loss": 0.39621493220329285, "lr": 7.66557489180906e-06}
{"epoch": 7, "step": 4700, "loss": 0.3805622160434723, "lr": 7.652420977861963e-06}
{"epoch": 7, "step": 4750, "loss": 0.5860394835472107, "lr": 7.639267063914868e-06}
{"epoch": 7, "step": 4800, "loss": 0.2741713225841522, "lr": 7.626113149967773e-06}
{"epoch": 7, "step": 4850, "loss": 0.3958325684070587, "lr": 7.612959236020678e-06}
{"epoch": 7, "step": 4900, "loss": 0.47256582975387573, "lr": 7.5998053220735835e-06}
{"epoch": 7, "step": 4950, "loss": 0.24885791540145874, "lr": 7.586651408126489e-06}
{"epoch": 7, "step": 5000, "loss": 0.3488137722015381, "lr": 7.573497494179394e-06}
{"epoch": 7, "step": 5050, "loss": 0.41953781247138977, "lr": 7.560343580232299e-06}
{"epoch": 7, "step": 5100, "loss": 0.19425509870052338, "lr": 7.547189666285204e-06}
{"epoch": 7, "step": 5150, "loss": 0.4990832805633545, "lr": 7.534035752338109e-06}
{"epoch": 7, "step": 5200, "loss": 0.27699267864227295, "lr": 7.520881838391014e-06}
{"epoch": 7, "step": 5250, "loss": 0.22766253352165222, "lr": 7.507727924443919e-06}
{"epoch": 7, "step": 5300, "loss": 0.7671122550964355, "lr": 7.4945740104968235e-06}
{"epoch": 7, "step": 5350, "loss": 0.3242031931877136, "lr": 7.481420096549729e-06}
{"epoch": 7, "step": 5400, "loss": 0.14439509809017181, "lr": 7.468266182602634e-06}
{"epoch": 7, "step": 5450, "loss": 0.36354485154151917, "lr": 7.455112268655539e-06}
{"epoch": 7, "step": 5500, "loss": 0.26074036955833435, "lr": 7.441958354708444e-06}
{"epoch": 7, "step": 5550, "loss": 0.31895044445991516, "lr": 7.428804440761349e-06}
{"epoch": 7, "step": 5600, "loss": 0.194880411028862, "lr": 7.415650526814254e-06}
{"epoch": 7, "step": 5650, "loss": 0.3355943560600281, "lr": 7.402496612867159e-06}
{"epoch": 7, "step": 5700, "loss": 0.4133138954639435, "lr": 7.389342698920064e-06}
{"epoch": 7, "step": 5750, "loss": 0.23777323961257935, "lr": 7.3761887849729696e-06}
{"epoch": 7, "step": 5800, "loss": 0.2882361114025116, "lr": 7.363034871025875e-06}
{"epoch": 7, "step": 5850, "loss": 0.4110971689224243, "lr": 7.34988095707878e-06}
{"epoch": 7, "step": 5900, "loss": 0.46922674775123596, "lr": 7.336727043131684e-06}
{"epoch": 7, "step": 5950, "loss": 0.4738216698169708, "lr": 7.323573129184589e-06}
{"epoch": 7, "step": 6000, "loss": 0.7850944995880127, "lr": 7.310419215237494e-06}
{"epoch": 7, "step": 6050, "loss": 0.3616093397140503, "lr": 7.297265301290399e-06}
{"epoch": 7, "step": 6100, "loss": 0.30571019649505615, "lr": 7.284111387343304e-06}
{"epoch": 7, "step": 6150, "loss": 0.2675749957561493, "lr": 7.2709574733962095e-06}
{"epoch": 7, "step": 6200, "loss": 0.2983783185482025, "lr": 7.257803559449115e-06}
{"epoch": 7, "step": 6250, "loss": 0.22997654974460602, "lr": 7.24464964550202e-06}
{"epoch": 7, "step": 6300, "loss": 0.42529964447021484, "lr": 7.231495731554925e-06}
{"epoch": 7, "step": 6350, "loss": 0.25177398324012756, "lr": 7.21834181760783e-06}
{"epoch": 7, "step": 6400, "loss": 0.19029127061367035, "lr": 7.205187903660736e-06}
{"epoch": 7, "step": 6450, "loss": 0.8593243956565857, "lr": 7.192033989713641e-06}
{"epoch": 7, "step": 6500, "loss": 0.18984539806842804, "lr": 7.178880075766544e-06}
{"epoch": 7, "step": 6550, "loss": 0.32722583413124084, "lr": 7.1657261618194495e-06}
{"epoch": 7, "step": 6600, "loss": 0.22608397901058197, "lr": 7.152572247872355e-06}
{"epoch": 7, "step": 6650, "loss": 0.1785709410905838, "lr": 7.13941833392526e-06}
{"epoch": 7, "step": 6700, "loss": 0.24434728920459747, "lr": 7.126264419978165e-06}
{"epoch": 7, "step": 6750, "loss": 0.32320958375930786, "lr": 7.11311050603107e-06}
{"epoch": 7, "step": 6800, "loss": 0.34224972128868103, "lr": 7.0999565920839756e-06}
{"epoch": 7, "step": 6850, "loss": 0.3651009500026703, "lr": 7.086802678136881e-06}
{"epoch": 7, "step": 6900, "loss": 0.3569698631763458, "lr": 7.073648764189785e-06}
{"epoch": 7, "step": 6950, "loss": 0.470346063375473, "lr": 7.06049485024269e-06}
{"epoch": 7, "step": 7000, "loss": 0.43644067645072937, "lr": 7.0473409362955956e-06}
{"epoch": 7, "step": 7050, "loss": 0.4211386442184448, "lr": 7.034187022348501e-06}
{"epoch": 7, "step": 7100, "loss": 0.5807396769523621, "lr": 7.021033108401405e-06}
{"epoch": 7, "step": 7150, "loss": 0.23323629796504974, "lr": 7.00787919445431e-06}
{"epoch": 7, "step": 7200, "loss": 0.5387730598449707, "lr": 6.9947252805072155e-06}
{"epoch": 7, "step": 7250, "loss": 0.5219475626945496, "lr": 6.981571366560121e-06}
{"epoch": 7, "step": 7300, "loss": 0.5198225975036621, "lr": 6.968417452613025e-06}
{"epoch": 7, "step": 7350, "loss": 0.37444257736206055, "lr": 6.95526353866593e-06}
{"epoch": 7, "step": 7400, "loss": 0.09840348362922668, "lr": 6.9421096247188355e-06}
{"epoch": 7, "step": 7450, "loss": 0.6170096397399902, "lr": 6.928955710771741e-06}
{"epoch": 7, "step": 7500, "loss": 0.26840436458587646, "lr": 6.915801796824646e-06}
{"epoch": 7, "step": 7550, "loss": 0.41148707270622253, "lr": 6.902647882877551e-06}
{"epoch": 7, "step": 7600, "loss": 0.4011271595954895, "lr": 6.889493968930456e-06}
{"epoch": 7, "step": 7650, "loss": 0.29129543900489807, "lr": 6.876340054983361e-06}
{"epoch": 7, "step": 7700, "loss": 0.6500850915908813, "lr": 6.863186141036265e-06}
{"epoch": 7, "step": 7750, "loss": 0.2737952768802643, "lr": 6.85003222708917e-06}
{"epoch": 7, "step": 7800, "loss": 0.37175244092941284, "lr": 6.8368783131420755e-06}
{"epoch": 7, "step": 7850, "loss": 0.32231205701828003, "lr": 6.823724399194981e-06}
{"epoch": 7, "step": 7900, "loss": 0.4456515610218048, "lr": 6.810570485247886e-06}
{"epoch": 7, "step": 7950, "loss": 0.2719084620475769, "lr": 6.797416571300791e-06}
{"epoch": 7, "step": 8000, "loss": 0.27743270993232727, "lr": 6.784262657353696e-06}
{"epoch": 7, "step": 8050, "loss": 0.2464638501405716, "lr": 6.7711087434066016e-06}
{"epoch": 7, "step": 8100, "loss": 0.39035359025001526, "lr": 6.757954829459507e-06}
{"epoch": 7, "step": 8150, "loss": 0.11352099478244781, "lr": 6.744800915512412e-06}
{"epoch": 7, "step": 8200, "loss": 0.21901556849479675, "lr": 6.731647001565317e-06}
{"epoch": 7, "step": 8250, "loss": 0.2820533215999603, "lr": 6.718493087618221e-06}
{"epoch": 7, "step": 8300, "loss": 0.3398136496543884, "lr": 6.705339173671126e-06}
{"epoch": 7, "step": 8350, "loss": 0.3170414865016937, "lr": 6.692185259724031e-06}
{"epoch": 7, "step": 8400, "loss": 0.30228471755981445, "lr": 6.679031345776936e-06}
{"epoch": 7, "weighted_f1": 0.6064274159187457, "checkpoint": "/home/rishank/Projects/major project/Test/results/checkpoints/dnabert2_splitb_seed2/epoch_07.pt"}
{"epoch": 8, "step": 1, "loss": 0.3550945222377777, "lr": 6.666403588387725e-06}
{"epoch": 8, "step": 50, "loss": 0.1944194734096527, "lr": 6.653512752719572e-06}
{"epoch": 8, "step": 100, "loss": 0.2117854654788971, "lr": 6.640358838772477e-06}
{"epoch": 8, "step": 150, "loss": 0.24302168190479279, "lr": 6.627204924825382e-06}
{"epoch": 8, "step": 200, "loss": 0.5212599635124207, "lr": 6.6140510108782875e-06}
{"epoch": 8, "step": 250, "loss": 0.13827259838581085, "lr": 6.600897096931193e-06}
{"epoch": 8, "step": 300, "loss": 0.4536343812942505, "lr": 6.587743182984098e-06}
{"epoch": 8, "step": 350, "loss": 0.43094566464424133, "lr": 6.574589269037003e-06}
{"epoch": 8, "step": 400, "loss": 0.09720983356237411, "lr": 6.561435355089908e-06}
{"epoch": 8, "step": 450, "loss": 0.1984553337097168, "lr": 6.548281441142813e-06}
{"epoch": 8, "step": 500, "loss": 0.40215909481048584, "lr": 6.535127527195717e-06}
{"epoch": 8, "step": 550, "loss": 0.29383060336112976, "lr": 6.521973613248622e-06}
{"epoch": 8, "step": 600, "loss": 0.32114744186401367, "lr": 6.5088196993015275e-06}
{"epoch": 8, "step": 650, "loss": 0.7767724990844727, "lr": 6.495665785354433e-06}
{"epoch": 8, "step": 700, "loss": 0.5187628865242004, "lr": 6.482511871407338e-06}
{"epoch": 8, "step": 750, "loss": 0.12977340817451477, "lr": 6.469357957460243e-06}
{"epoch": 8, "step": 800, "loss": 0.35141831636428833, "lr": 6.456204043513148e-06}
{"epoch": 8, "step": 850, "loss": 0.28953248262405396, "lr": 6.443050129566053e-06}
{"epoch": 8, "step": 900, "loss": 0.5270704030990601, "lr": 6.429896215618958e-06}
{"epoch": 8, "step": 950, "loss": 0.19562162458896637, "lr": 6.416742301671863e-06}
{"epoch": 8, "step": 1000, "loss": 0.3317556381225586, "lr": 6.403588387724768e-06}
{"epoch": 8, "step": 1050, "loss": 0.3815646469593048, "lr": 6.3904344737776735e-06}
{"epoch": 8, "step": 1100, "loss": 0.572792649269104, "lr": 6.377280559830578e-06}
{"epoch": 8, "step": 1150, "loss": 0.46882471442222595, "lr": 6.364126645883483e-06}
{"epoch": 8, "step": 1200, "loss": 0.6424700021743774, "lr": 6.350972731936388e-06}
{"epoch": 8, "step": 1250, "loss": 0.46561044454574585, "lr": 6.337818817989293e-06}
{"epoch": 8, "step": 1300, "loss": 0.32420992851257324, "lr": 6.324664904042198e-06}
{"epoch": 8, "step": 1350, "loss": 0.7106950879096985, "lr": 6.311510990095103e-06}
{"epoch": 8, "step": 1400, "loss": 0.3856862783432007, "lr": 6.298357076148008e-06}
{"epoch": 8, "step": 1450, "loss": 0.36482465267181396, "lr": 6.2852031622009135e-06}
{"epoch": 8, "step": 1500, "loss": 0.1778373271226883, "lr": 6.272049248253819e-06}
{"epoch": 8, "step": 1550, "loss": 0.2946612536907196, "lr": 6.258895334306724e-06}
{"epoch": 8, "step": 1600, "loss": 0.24857795238494873, "lr": 6.245741420359629e-06}
{"epoch": 8, "step": 1650, "loss": 0.4797631800174713, "lr": 6.232587506412534e-06}
{"epoch": 8, "step": 1700, "loss": 0.12547054886817932, "lr": 6.219433592465438e-06}
{"epoch": 8, "step": 1750, "loss": 0.3093182146549225, "lr": 6.206279678518343e-06}
{"epoch": 8, "step": 1800, "loss": 0.3742655813694, "lr": 6.193125764571248e-06}
{"epoch": 8, "step": 1850, "loss": 0.29062139987945557, "lr": 6.1799718506241535e-06}
{"epoch": 8, "step": 1900, "loss": 0.2080685794353485, "lr": 6.166817936677059e-06}
{"epoch": 8, "step": 1950, "loss": 0.34933438897132874, "lr": 6.153664022729964e-06}
{"epoch": 8, "step": 2000, "loss": 0.1724407821893692, "lr": 6.140510108782869e-06}
{"epoch": 8, "step": 2050, "loss": 0.13499097526073456, "lr": 6.127356194835774e-06}
{"epoch": 8, "step": 2100, "loss": 0.29982706904411316, "lr": 6.1142022808886795e-06}
{"epoch": 8, "step": 2150, "loss": 0.684187650680542, "lr": 6.101048366941585e-06}
{"epoch": 8, "step": 2200, "loss": 0.14217719435691833, "lr": 6.087894452994489e-06}
{"epoch": 8, "step": 2250, "loss": 0.40509751439094543, "lr": 6.074740539047394e-06}
{"epoch": 8, "step": 2300, "loss": 0.5820697546005249, "lr": 6.061586625100299e-06}
{"epoch": 8, "step": 2350, "loss": 0.5926206707954407, "lr": 6.048432711153204e-06}
{"epoch": 8, "step": 2400, "loss": 0.26530003547668457, "lr": 6.035278797206109e-06}
{"epoch": 8, "step": 2450, "loss": 0.11320748180150986, "lr": 6.022124883259014e-06}
{"epoch": 8, "step": 2500, "loss": 0.08427834510803223, "lr": 6.0089709693119195e-06}
{"epoch": 8, "step": 2550, "loss": 0.2538205087184906, "lr": 5.995817055364825e-06}
{"epoch": 8, "step": 2600, "loss": 0.20418772101402283, "lr": 5.982663141417729e-06}
{"epoch": 8, "step": 2650, "loss": 0.141957089304924, "lr": 5.969509227470634e-06}
{"epoch": 8, "step": 2700, "loss": 0.11826483905315399, "lr": 5.9563553135235395e-06}
{"epoch": 8, "step": 2750, "loss": 0.3702785074710846, "lr": 5.943201399576445e-06}
{"epoch": 8, "step": 2800, "loss": 0.27807921171188354, "lr": 5.93004748562935e-06}
{"epoch": 8, "step": 2850, "loss": 0.34610000252723694, "lr": 5.916893571682255e-06}
{"epoch": 8, "step": 2900, "loss": 0.3839099109172821, "lr": 5.9037396577351595e-06}
{"epoch": 8, "step": 2950, "loss": 0.3362364172935486, "lr": 5.890585743788065e-06}
{"epoch": 8, "step": 3000, "loss": 0.22142161428928375, "lr": 5.877431829840969e-06}
{"epoch": 8, "step": 3050, "loss": 0.6094285249710083, "lr": 5.864277915893874e-06}
{"epoch": 8, "step": 3100, "loss": 0.5261021256446838, "lr": 5.8511240019467794e-06}
{"epoch": 8, "step": 3150, "loss": 0.32905927300453186, "lr": 5.837970087999685e-06}
{"epoch": 8, "step": 3200, "loss": 0.7252997159957886, "lr": 5.82481617405259e-06}
{"epoch": 8, "step": 3250, "loss": 0.3073080778121948, "lr": 5.811662260105495e-06}
{"epoch": 8, "step": 3300, "loss": 0.5728244781494141, "lr": 5.7985083461584e-06}
{"epoch": 8, "step": 3350, "loss": 0.6514851450920105, "lr": 5.7853544322113055e-06}
{"epoch": 8, "step": 3400, "loss": 0.1315358281135559, "lr": 5.772200518264211e-06}
{"epoch": 8, "step": 3450, "loss": 0.4536275863647461, "lr": 5.759046604317114e-06}
{"epoch": 8, "step": 3500, "loss": 0.8701717853546143, "lr": 5.7458926903700194e-06}
{"epoch": 8, "step": 3550, "loss": 0.2504447102546692, "lr": 5.732738776422925e-06}
{"epoch": 8, "step": 3600, "loss": 0.15135519206523895, "lr": 5.71958486247583e-06}
{"epoch": 8, "step": 3650, "loss": 0.2037147581577301, "lr": 5.706430948528735e-06}
{"epoch": 8, "step": 3700, "loss": 0.5563004016876221, "lr": 5.69327703458164e-06}
{"epoch": 8, "step": 3750, "loss": 0.22409750521183014, "lr": 5.6801231206345455e-06}
{"epoch": 8, "step": 3800, "loss": 0.39735692739486694, "lr": 5.666969206687451e-06}
{"epoch": 8, "step": 3850, "loss": 0.622374415397644, "lr": 5.653815292740356e-06}
{"epoch": 8, "step": 3900, "loss": 0.2891918122768402, "lr": 5.640661378793261e-06}
{"epoch": 8, "step": 3950, "loss": 0.12931956350803375, "lr": 5.6275074648461655e-06}
{"epoch": 8, "step": 4000, "loss": 0.4259532392024994, "lr": 5.614353550899071e-06}
{"epoch": 8, "step": 4050, "loss": 0.17654767632484436, "lr": 5.601199636951975e-06}
{"epoch": 8, "step": 4100, "loss": 0.3848821222782135, "lr": 5.58804572300488e-06}
{"epoch": 8, "step": 4150, "loss": 0.20832236111164093, "lr": 5.5748918090577855e-06}
{"epoch": 8, "step": 4200, "loss": 0.2897796034812927, "lr": 5.561737895110691e-06}
{"epoch": 8, "step": 4250, "loss": 0.18761038780212402, "lr": 5.548583981163596e-06}
{"epoch": 8, "step": 4300, "loss": 0.11668366938829422, "lr": 5.535430067216501e-06}
{"epoch": 8, "step": 4350, "loss": 0.22154007852077484, "lr": 5.5222761532694054e-06}
{"epoch": 8, "step": 4400, "loss": 0.5199238657951355, "lr": 5.509122239322311e-06}
{"epoch": 8, "step": 4450, "loss": 0.3253869116306305, "lr": 5.495968325375216e-06}
{"epoch": 8, "step": 4500, "loss": 0.2032424509525299, "lr": 5.482814411428121e-06}
{"epoch": 8, "step": 4550, "loss": 0.40010562539100647, "lr": 5.469660497481026e-06}
{"epoch": 8, "step": 4600, "loss": 0.3671729564666748, "lr": 5.4565065835339315e-06}
{"epoch": 8, "step": 4650, "loss": 0.2151729315519333, "lr": 5.443352669586836e-06}
{"epoch": 8, "step": 4700, "loss": 0.13755366206169128, "lr": 5.430198755639741e-06}
{"epoch": 8, "step": 4750, "loss": 0.4485155940055847, "lr": 5.417044841692645e-06}
{"epoch": 8, "step": 4800, "loss": 0.29850611090660095, "lr": 5.403890927745551e-06}
{"epoch": 8, "step": 4850, "loss": 0.29081788659095764, "lr": 5.390737013798456e-06}
{"epoch": 8, "step": 4900, "loss": 0.44978034496307373, "lr": 5.377583099851361e-06}
{"epoch": 8, "step": 4950, "loss": 0.40313953161239624, "lr": 5.364429185904266e-06}
{"epoch": 8, "step": 5000, "loss": 0.5282506346702576, "lr": 5.3512752719571715e-06}
{"epoch": 8, "step": 5050, "loss": 0.16327033936977386, "lr": 5.338121358010077e-06}
{"epoch": 8, "step": 5100, "loss": 0.4556823968887329, "lr": 5.324967444062982e-06}
{"epoch": 8, "step": 5150, "loss": 0.36693474650382996, "lr": 5.311813530115887e-06}
{"epoch": 8, "step": 5200, "loss": 0.5020388960838318, "lr": 5.298659616168792e-06}
{"epoch": 8, "step": 5250, "loss": 0.23951686918735504, "lr": 5.285505702221696e-06}
{"epoch": 8, "step": 5300, "loss": 0.1961422562599182, "lr": 5.272351788274601e-06}
{"epoch": 8, "step": 5350, "loss": 0.2221057116985321, "lr": 5.259197874327506e-06}
{"epoch": 8, "step": 5400, "loss": 0.31550413370132446, "lr": 5.2460439603804114e-06}
{"epoch": 8, "step": 5450, "loss": 0.47552281618118286, "lr": 5.232890046433317e-06}
{"epoch": 8, "step": 5500, "loss": 0.463421106338501, "lr": 5.219736132486222e-06}
{"epoch": 8, "step": 5550, "loss": 0.3279264569282532, "lr": 5.206582218539127e-06}
{"epoch": 8, "step": 5600, "loss": 0.40712210536003113, "lr": 5.193428304592032e-06}
{"epoch": 8, "step": 5650, "loss": 0.09999360889196396, "lr": 5.1802743906449375e-06}
{"epoch": 8, "step": 5700, "loss": 0.37152501940727234, "lr": 5.167120476697842e-06}
{"epoch": 8, "step": 5750, "loss": 0.3297378122806549, "lr": 5.153966562750747e-06}
{"epoch": 8, "step": 5800, "loss": 0.34585797786712646, "lr": 5.140812648803652e-06}
{"epoch": 8, "step": 5850, "loss": 0.04716731980443001, "lr": 5.127658734856557e-06}
{"epoch": 8, "step": 5900, "loss": 0.21675875782966614, "lr": 5.114504820909462e-06}
{"epoch": 8, "step": 5950, "loss": 0.14648465812206268, "lr": 5.101350906962367e-06}
{"epoch": 8, "step": 6000, "loss": 0.31754663586616516, "lr": 5.088196993015272e-06}
{"epoch": 8, "step": 6050, "loss": 0.3536423146724701, "lr": 5.0750430790681775e-06}
{"epoch": 8, "step": 6100, "loss": 0.354355126619339, "lr": 5.061889165121082e-06}
{"epoch": 8, "step": 6150, "loss": 0.16574077308177948, "lr": 5.048735251173987e-06}
{"epoch": 8, "step": 6200, "loss": 0.14959223568439484, "lr": 5.035581337226892e-06}
{"epoch": 8, "step": 6250, "loss": 0.24677477777004242, "lr": 5.0224274232797975e-06}
{"epoch": 8, "step": 6300, "loss": 0.19000256061553955, "lr": 5.009273509332703e-06}
{"epoch": 8, "step": 6350, "loss": 0.3348175585269928, "lr": 4.996119595385607e-06}
{"epoch": 8, "step": 6400, "loss": 0.23593799769878387, "lr": 4.982965681438512e-06}
{"epoch": 8, "step": 6450, "loss": 0.20645244419574738, "lr": 4.9698117674914174e-06}
{"epoch": 8, "step": 6500, "loss": 0.8510932922363281, "lr": 4.956657853544323e-06}
{"epoch": 8, "step": 6550, "loss": 0.17212530970573425, "lr": 4.943503939597227e-06}
{"epoch": 8, "step": 6600, "loss": 0.5223389267921448, "lr": 4.930350025650132e-06}
{"epoch": 8, "step": 6650, "loss": 0.06962084025144577, "lr": 4.9171961117030374e-06}
{"epoch": 8, "step": 6700, "loss": 0.5308384299278259, "lr": 4.904042197755943e-06}
{"epoch": 8, "step": 6750, "loss": 0.0918554961681366, "lr": 4.890888283808848e-06}
{"epoch": 8, "step": 6800, "loss": 0.34069445729255676, "lr": 4.877734369861753e-06}
{"epoch": 8, "step": 6850, "loss": 0.1746269017457962, "lr": 4.8645804559146574e-06}
{"epoch": 8, "step": 6900, "loss": 0.44896581768989563, "lr": 4.851426541967563e-06}
{"epoch": 8, "step": 6950, "loss": 0.20203596353530884, "lr": 4.838272628020468e-06}
{"epoch": 8, "step": 7000, "loss": 0.5550224781036377, "lr": 4.825118714073373e-06}
{"epoch": 8, "step": 7050, "loss": 0.45819178223609924, "lr": 4.811964800126278e-06}
{"epoch": 8, "step": 7100, "loss": 0.1290343552827835, "lr": 4.7988108861791835e-06}
{"epoch": 8, "step": 7150, "loss": 0.20806708931922913, "lr": 4.785656972232088e-06}
{"epoch": 8, "step": 7200, "loss": 0.30965304374694824, "lr": 4.772503058284993e-06}
{"epoch": 8, "step": 7250, "loss": 0.3971902132034302, "lr": 4.759349144337898e-06}
{"epoch": 8, "step": 7300, "loss": 0.2704157829284668, "lr": 4.7461952303908035e-06}
{"epoch": 8, "step": 7350, "loss": 0.17274057865142822, "lr": 4.733041316443709e-06}
{"epoch": 8, "step": 7400, "loss": 0.33049675822257996, "lr": 4.719887402496614e-06}
{"epoch": 8, "step": 7450, "loss": 0.3924712836742401, "lr": 4.706733488549518e-06}
{"epoch": 8, "step": 7500, "loss": 0.20343880355358124, "lr": 4.6935795746024235e-06}
{"epoch": 8, "step": 7550, "loss": 0.3454747796058655, "lr": 4.680425660655329e-06}
{"epoch": 8, "step": 7600, "loss": 0.5036916732788086, "lr": 4.667271746708234e-06}
{"epoch": 8, "step": 7650, "loss": 0.23371852934360504, "lr": 4.654117832761138e-06}
{"epoch": 8, "step": 7700, "loss": 0.5735354423522949, "lr": 4.6409639188140434e-06}
{"epoch": 8, "step": 7750, "loss": 0.08994226902723312, "lr": 4.627810004866949e-06}
{"epoch": 8, "step": 7800, "loss": 0.3008529841899872, "lr": 4.614656090919854e-06}
{"epoch": 8, "step": 7850, "loss": 0.33738061785697937, "lr": 4.601502176972758e-06}
{"epoch": 8, "step": 7900, "loss": 0.326822429895401, "lr": 4.5883482630256634e-06}
{"epoch": 8, "step": 7950, "loss": 0.2098214030265808, "lr": 4.575194349078569e-06}
{"epoch": 8, "step": 8000, "loss": 0.19951242208480835, "lr": 4.562040435131474e-06}
{"epoch": 8, "step": 8050, "loss": 0.2757493555545807, "lr": 4.548886521184378e-06}
{"epoch": 8, "step": 8100, "loss": 0.15514995157718658, "lr": 4.535732607237283e-06}
{"epoch": 8, "step": 8150, "loss": 0.45160111784935, "lr": 4.522578693290189e-06}
{"epoch": 8, "step": 8200, "loss": 0.28567373752593994, "lr": 4.509424779343094e-06}
{"epoch": 8, "step": 8250, "loss": 0.290326863527298, "lr": 4.496270865395999e-06}
{"epoch": 8, "step": 8300, "loss": 0.4985259473323822, "lr": 4.483116951448904e-06}
{"epoch": 8, "step": 8350, "loss": 0.2736387848854065, "lr": 4.469963037501809e-06}
{"epoch": 8, "step": 8400, "loss": 0.20555421710014343, "lr": 4.456809123554714e-06}
{"epoch": 8, "weighted_f1": 0.601676022467517, "checkpoint": "/home/rishank/Projects/major project/Test/results/checkpoints/dnabert2_splitb_seed2/epoch_08.pt"}
{"epoch": 9, "step": 1, "loss": 0.18034221231937408, "lr": 4.444181366165503e-06}
{"epoch": 9, "step": 50, "loss": 0.2091871052980423, "lr": 4.431290530497349e-06}
{"epoch": 9, "step": 100, "loss": 0.17796634137630463, "lr": 4.4181366165502546e-06}
{"epoch": 9, "step": 150, "loss": 0.18472889065742493, "lr": 4.40498270260316e-06}
{"epoch": 9, "step": 200, "loss": 0.2160041183233261, "lr": 4.391828788656065e-06}
{"epoch": 9, "step": 250, "loss": 0.27818045020103455, "lr": 4.37867487470897e-06}
{"epoch": 9, "step": 300, "loss": 0.3205397427082062, "lr": 4.3655209607618746e-06}
{"epoch": 9, "step": 350, "loss": 0.08598649501800537, "lr": 4.35236704681478e-06}
{"epoch": 9, "step": 400, "loss": 0.09641054272651672, "lr": 4.339213132867685e-06}
{"epoch": 9, "step": 450, "loss": 0.17934730648994446, "lr": 4.32605921892059e-06}
{"epoch": 9, "step": 500, "loss": 0.22868074476718903, "lr": 4.312905304973495e-06}
{"epoch": 9, "step": 550, "loss": 0.4398985803127289, "lr": 4.299751391026401e-06}
{"epoch": 9, "step": 600, "loss": 0.35472729802131653, "lr": 4.286597477079305e-06}
{"epoch": 9, "step": 650, "loss": 0.4177308678627014, "lr": 4.27344356313221e-06}
{"epoch": 9, "step": 700, "loss": 0.19675566256046295, "lr": 4.260289649185115e-06}
{"epoch": 9, "step": 750, "loss": 0.31359416246414185, "lr": 4.247135735238021e-06}
{"epoch": 9, "step": 800, "loss": 0.3456355333328247, "lr": 4.233981821290926e-06}
{"epoch": 9, "step": 850, "loss": 0.2740318775177002, "lr": 4.220827907343831e-06}
{"epoch": 9, "step": 900, "loss": 0.06771136075258255, "lr": 4.207673993396735e-06}
{"epoch": 9, "step": 950, "loss": 0.1231674998998642, "lr": 4.194520079449641e-06}
{"epoch": 9, "step": 1000, "loss": 0.2451704442501068, "lr": 4.181366165502546e-06}
{"epoch": 9, "step": 1050, "loss": 0.5688195824623108, "lr": 4.168212251555451e-06}
{"epoch": 9, "step": 1100, "loss": 0.3246856927871704, "lr": 4.155058337608356e-06}
{"epoch": 9, "step": 1150, "loss": 0.19324347376823425, "lr": 4.141904423661261e-06}
{"epoch": 9, "step": 1200, "loss": 0.05506757274270058, "lr": 4.128750509714166e-06}
{"epoch": 9, "step": 1250, "loss": 0.12951143085956573, "lr": 4.115596595767071e-06}
{"epoch": 9, "step": 1300, "loss": 0.08805610984563828, "lr": 4.102442681819976e-06}
{"epoch": 9, "step": 1350, "loss": 0.46399471163749695, "lr": 4.0892887678728806e-06}
{"epoch": 9, "step": 1400, "loss": 0.3753095269203186, "lr": 4.076134853925786e-06}
{"epoch": 9, "step": 1450, "loss": 0.18052199482917786, "lr": 4.062980939978691e-06}
{"epoch": 9, "step": 1500, "loss": 0.2941094934940338, "lr": 4.049827026031596e-06}
{"epoch": 9, "step": 1550, "loss": 0.1598816215991974, "lr": 4.0366731120845005e-06}
{"epoch": 9, "step": 1600, "loss": 0.1674065738916397, "lr": 4.023519198137406e-06}
{"epoch": 9, "step": 1650, "loss": 0.15649858117103577, "lr": 4.010365284190311e-06}
{"epoch": 9, "step": 1700, "loss": 0.6569193005561829, "lr": 3.997211370243216e-06}
{"epoch": 9, "step": 1750, "loss": 0.7874054908752441, "lr": 3.984057456296121e-06}
{"epoch": 9, "step": 1800, "loss": 0.478630006313324, "lr": 3.970903542349026e-06}
{"epoch": 9, "step": 1850, "loss": 0.274778813123703, "lr": 3.957749628401931e-06}
{"epoch": 9, "step": 1900, "loss": 0.22142265737056732, "lr": 3.944595714454836e-06}
{"epoch": 9, "step": 1950, "loss": 0.4200020730495453, "lr": 3.931441800507741e-06}
{"epoch": 9, "step": 2000, "loss": 0.3869301974773407, "lr": 3.918287886560647e-06}
{"epoch": 9, "step": 2050, "loss": 0.41409361362457275, "lr": 3.905133972613551e-06}
{"epoch": 9, "step": 2100, "loss": 0.19317156076431274, "lr": 3.891980058666456e-06}
{"epoch": 9, "step": 2150, "loss": 0.37412434816360474, "lr": 3.878826144719361e-06}
{"epoch": 9, "step": 2200, "loss": 0.3947382867336273, "lr": 3.8656722307722666e-06}
{"epoch": 9, "step": 2250, "loss": 0.24694666266441345, "lr": 3.852518316825172e-06}
{"epoch": 9, "step": 2300, "loss": 0.24913321435451508, "lr": 3.839364402878077e-06}
{"epoch": 9, "step": 2350, "loss": 0.397906631231308, "lr": 3.826210488930981e-06}
{"epoch": 9, "step": 2400, "loss": 0.3131326138973236, "lr": 3.8130565749838866e-06}
{"epoch": 9, "step": 2450, "loss": 0.24633590877056122, "lr": 3.7999026610367918e-06}
{"epoch": 9, "step": 2500, "loss": 0.17444510757923126, "lr": 3.786748747089697e-06}
{"epoch": 9, "step": 2550, "loss": 0.6953524351119995, "lr": 3.773594833142602e-06}
{"epoch": 9, "step": 2600, "loss": 0.5359392762184143, "lr": 3.760440919195507e-06}
{"epoch": 9, "step": 2650, "loss": 0.24319136142730713, "lr": 3.7472870052484118e-06}
{"epoch": 9, "step": 2700, "loss": 0.20966306328773499, "lr": 3.734133091301317e-06}
{"epoch": 9, "step": 2750, "loss": 0.2998986542224884, "lr": 3.720979177354222e-06}
{"epoch": 9, "step": 2800, "loss": 0.5405175685882568, "lr": 3.707825263407127e-06}
{"epoch": 9, "step": 2850, "loss": 0.10590426623821259, "lr": 3.694671349460032e-06}
{"epoch": 9, "step": 2900, "loss": 0.375798761844635, "lr": 3.6815174355129374e-06}
{"epoch": 9, "step": 2950, "loss": 0.19629830121994019, "lr": 3.668363521565842e-06}
{"epoch": 9, "step": 3000, "loss": 0.09506966173648834, "lr": 3.655209607618747e-06}
{"epoch": 9, "step": 3050, "loss": 0.43937212228775024, "lr": 3.642055693671652e-06}
{"epoch": 9, "step": 3100, "loss": 0.21569488942623138, "lr": 3.6289017797245574e-06}
{"epoch": 9, "step": 3150, "loss": 0.1650524139404297, "lr": 3.6157478657774626e-06}
{"epoch": 9, "step": 3200, "loss": 0.44786491990089417, "lr": 3.602593951830368e-06}
{"epoch": 9, "step": 3250, "loss": 0.2710798382759094, "lr": 3.589440037883272e-06}
{"epoch": 9, "step": 3300, "loss": 0.269634485244751, "lr": 3.5762861239361774e-06}
{"epoch": 9, "step": 3350, "loss": 0.06842700392007828, "lr": 3.5631322099890826e-06}
{"epoch": 9, "step": 3400, "loss": 0.4349447190761566, "lr": 3.5499782960419878e-06}
{"epoch": 9, "step": 3450, "loss": 0.3698289692401886, "lr": 3.5368243820948926e-06}
{"epoch": 9, "step": 3500, "loss": 0.2349848747253418, "lr": 3.5236704681477978e-06}
{"epoch": 9, "step": 3550, "loss": 0.344971626996994, "lr": 3.5105165542007026e-06}
{"epoch": 9, "step": 3600, "loss": 0.37257805466651917, "lr": 3.4973626402536078e-06}
{"epoch": 9, "step": 3650, "loss": 0.3977952003479004, "lr": 3.4842087263065126e-06}
{"epoch": 9, "step": 3700, "loss": 0.2243603616952896, "lr": 3.4710548123594178e-06}
{"epoch": 9, "step": 3750, "loss": 0.341383159160614, "lr": 3.457900898412323e-06}
{"epoch": 9, "step": 3800, "loss": 0.14227765798568726, "lr": 3.444746984465228e-06}
{"epoch": 9, "step": 3850, "loss": 0.3055148124694824, "lr": 3.4315930705181325e-06}
{"epoch": 9, "step": 3900, "loss": 0.16936762630939484, "lr": 3.4184391565710378e-06}
{"epoch": 9, "step": 3950, "loss": 0.09549879282712936, "lr": 3.405285242623943e-06}
{"epoch": 9, "step": 4000, "loss": 0.16280922293663025, "lr": 3.392131328676848e-06}
{"epoch": 9, "step": 4050, "loss": 0.16635093092918396, "lr": 3.3789774147297534e-06}
{"epoch": 9, "step": 4100, "loss": 0.5649922490119934, "lr": 3.3658235007826586e-06}
{"epoch": 9, "step": 4150, "loss": 0.4681909382343292, "lr": 3.352669586835563e-06}
{"epoch": 9, "step": 4200, "loss": 0.25656330585479736, "lr": 3.339515672888468e-06}
{"epoch": 9, "step": 4250, "loss": 0.4705795645713806, "lr": 3.3263617589413734e-06}
{"epoch": 9, "step": 4300, "loss": 0.1688551902770996, "lr": 3.3132078449942786e-06}
{"epoch": 9, "step": 4350, "loss": 0.3667902946472168, "lr": 3.3000539310471834e-06}
{"epoch": 9, "step": 4400, "loss": 0.387362003326416, "lr": 3.2869000171000886e-06}
{"epoch": 9, "step": 4450, "loss": 0.32564258575439453, "lr": 3.2737461031529934e-06}
{"epoch": 9, "step": 4500, "loss": 0.14614440500736237, "lr": 3.2605921892058986e-06}
{"epoch": 9, "step": 4550, "loss": 0.13816091418266296, "lr": 3.2474382752588034e-06}
{"epoch": 9, "step": 4600, "loss": 0.4159690737724304, "lr": 3.2342843613117086e-06}
{"epoch": 9, "step": 4650, "loss": 0.43601346015930176, "lr": 3.2211304473646138e-06}
{"epoch": 9, "step": 4700, "loss": 0.14764274656772614, "lr": 3.207976533417519e-06}
{"epoch": 9, "step": 4750, "loss": 0.16198796033859253, "lr": 3.1948226194704233e-06}
{"epoch": 9, "step": 4800, "loss": 0.15435540676116943, "lr": 3.1816687055233286e-06}
{"epoch": 9, "step": 4850, "loss": 0.4587203562259674, "lr": 3.1685147915762338e-06}
{"epoch": 9, "step": 4900, "loss": 0.32639312744140625, "lr": 3.155360877629139e-06}
{"epoch": 9, "step": 4950, "loss": 0.16756395995616913, "lr": 3.142206963682044e-06}
{"epoch": 9, "step": 5000, "loss": 0.46632853150367737, "lr": 3.129053049734949e-06}
{"epoch": 9, "step": 5050, "loss": 0.24902506172657013, "lr": 3.1158991357878538e-06}
{"epoch": 9, "step": 5100, "loss": 0.1785338819026947, "lr": 3.102745221840759e-06}
{"epoch": 9, "step": 5150, "loss": 0.19020341336727142, "lr": 3.089591307893664e-06}
{"epoch": 9, "step": 5200, "loss": 0.2964670956134796, "lr": 3.076437393946569e-06}
{"epoch": 9, "step": 5250, "loss": 0.1879694163799286, "lr": 3.063283479999474e-06}
{"epoch": 9, "step": 5300, "loss": 0.22611701488494873, "lr": 3.050129566052379e-06}
{"epoch": 9, "step": 5350, "loss": 0.33938124775886536, "lr": 3.036975652105284e-06}
{"epoch": 9, "step": 5400, "loss": 0.30128100514411926, "lr": 3.023821738158189e-06}
{"epoch": 9, "step": 5450, "loss": 0.22710569202899933, "lr": 3.010667824211094e-06}
{"epoch": 9, "step": 5500, "loss": 0.6013368368148804, "lr": 2.9975139102639994e-06}
{"epoch": 9, "step": 5550, "loss": 0.1411082148551941, "lr": 2.9843599963169046e-06}
{"epoch": 9, "step": 5600, "loss": 0.34581562876701355, "lr": 2.971206082369809e-06}
{"epoch": 9, "step": 5650, "loss": 0.38570451736450195, "lr": 2.958052168422714e-06}
{"epoch": 9, "step": 5700, "loss": 0.361381471157074, "lr": 2.9448982544756194e-06}
{"epoch": 9, "step": 5750, "loss": 0.10998614132404327, "lr": 2.9317443405285246e-06}
{"epoch": 9, "step": 5800, "loss": 0.6000303626060486, "lr": 2.9185904265814298e-06}
{"epoch": 9, "step": 5850, "loss": 0.17398416996002197, "lr": 2.905436512634335e-06}
{"epoch": 9, "step": 5900, "loss": 0.24417036771774292, "lr": 2.8922825986872393e-06}
{"epoch": 9, "step": 5950, "loss": 0.21044619381427765, "lr": 2.8791286847401446e-06}
{"epoch": 9, "step": 6000, "loss": 0.3447638750076294, "lr": 2.8659747707930498e-06}
{"epoch": 9, "step": 6050, "loss": 0.10183078050613403, "lr": 2.852820856845955e-06}
{"epoch": 9, "step": 6100, "loss": 0.3548862934112549, "lr": 2.8396669428988598e-06}
{"epoch": 9, "step": 6150, "loss": 0.23991799354553223, "lr": 2.826513028951765e-06}
{"epoch": 9, "step": 6200, "loss": 0.2975534200668335, "lr": 2.8133591150046698e-06}
{"epoch": 9, "step": 6250, "loss": 0.2793605923652649, "lr": 2.800205201057575e-06}
{"epoch": 9, "step": 6300, "loss": 0.1436111330986023, "lr": 2.7870512871104797e-06}
{"epoch": 9, "step": 6350, "loss": 0.1422271579504013, "lr": 2.773897373163385e-06}
{"epoch": 9, "step": 6400, "loss": 0.47387605905532837, "lr": 2.76074345921629e-06}
{"epoch": 9, "step": 6450, "loss": 0.17524594068527222, "lr": 2.7475895452691954e-06}
{"epoch": 9, "step": 6500, "loss": 0.18937741219997406, "lr": 2.7344356313220997e-06}
{"epoch": 9, "step": 6550, "loss": 0.17040914297103882, "lr": 2.721281717375005e-06}
{"epoch": 9, "step": 6600, "loss": 0.29741090536117554, "lr": 2.70812780342791e-06}
{"epoch": 9, "step": 6650, "loss": 0.21333257853984833, "lr": 2.6949738894808154e-06}
{"epoch": 9, "step": 6700, "loss": 0.7977721691131592, "lr": 2.6818199755337206e-06}
{"epoch": 9, "step": 6750, "loss": 0.33904606103897095, "lr": 2.6686660615866254e-06}
{"epoch": 9, "step": 6800, "loss": 0.5090851187705994, "lr": 2.65551214763953e-06}
{"epoch": 9, "step": 6850, "loss": 0.172780841588974, "lr": 2.6423582336924354e-06}
{"epoch": 9, "step": 6900, "loss": 0.44644486904144287, "lr": 2.6292043197453406e-06}
{"epoch": 9, "step": 6950, "loss": 0.5074642300605774, "lr": 2.6160504057982453e-06}
{"epoch": 9, "step": 7000, "loss": 0.22030067443847656, "lr": 2.6028964918511506e-06}
{"epoch": 9, "step": 7050, "loss": 0.2884543836116791, "lr": 2.5897425779040558e-06}
{"epoch": 9, "step": 7100, "loss": 0.10345081239938736, "lr": 2.5765886639569606e-06}
{"epoch": 9, "step": 7150, "loss": 0.4711557626724243, "lr": 2.5634347500098653e-06}
{"epoch": 9, "step": 7200, "loss": 0.8147724866867065, "lr": 2.5502808360627705e-06}
{"epoch": 9, "step": 7250, "loss": 0.5521735548973083, "lr": 2.5371269221156758e-06}
{"epoch": 9, "step": 7300, "loss": 0.2403506189584732, "lr": 2.523973008168581e-06}
{"epoch": 9, "step": 7350, "loss": 0.055467184633016586, "lr": 2.510819094221486e-06}
{"epoch": 9, "step": 7400, "loss": 0.4024237394332886, "lr": 2.497665180274391e-06}
{"epoch": 9, "step": 7450, "loss": 0.4484005272388458, "lr": 2.4845112663272957e-06}
{"epoch": 9, "step": 7500, "loss": 0.4542398750782013, "lr": 2.471357352380201e-06}
{"epoch": 9, "step": 7550, "loss": 0.2857932150363922, "lr": 2.458203438433106e-06}
{"epoch": 9, "step": 7600, "loss": 0.3820528984069824, "lr": 2.445049524486011e-06}
{"epoch": 9, "step": 7650, "loss": 0.36829161643981934, "lr": 2.431895610538916e-06}
{"epoch": 9, "step": 7700, "loss": 0.6759654879570007, "lr": 2.4187416965918214e-06}
{"epoch": 9, "step": 7750, "loss": 0.18842847645282745, "lr": 2.405587782644726e-06}
{"epoch": 9, "step": 7800, "loss": 0.08942990750074387, "lr": 2.3924338686976314e-06}
{"epoch": 9, "step": 7850, "loss": 0.2437063455581665, "lr": 2.379279954750536e-06}
{"epoch": 9, "step": 7900, "loss": 0.3751552999019623, "lr": 2.3661260408034414e-06}
{"epoch": 9, "step": 7950, "loss": 0.24215856194496155, "lr": 2.352972126856346e-06}
{"epoch": 9, "step": 8000, "loss": 0.5183541178703308, "lr": 2.3398182129092514e-06}
{"epoch": 9, "step": 8050, "loss": 0.14989277720451355, "lr": 2.326664298962156e-06}
{"epoch": 9, "step": 8100, "loss": 0.12023662775754929, "lr": 2.3135103850150613e-06}
{"epoch": 9, "step": 8150, "loss": 0.07348601520061493, "lr": 2.3003564710679666e-06}
{"epoch": 9, "step": 8200, "loss": 0.305798202753067, "lr": 2.2872025571208713e-06}
{"epoch": 9, "step": 8250, "loss": 0.14108026027679443, "lr": 2.2740486431737766e-06}
{"epoch": 9, "step": 8300, "loss": 0.11802564561367035, "lr": 2.2608947292266818e-06}
{"epoch": 9, "step": 8350, "loss": 0.36084750294685364, "lr": 2.2477408152795865e-06}
{"epoch": 9, "step": 8400, "loss": 0.05668247118592262, "lr": 2.2345869013324918e-06}
{"epoch": 9, "weighted_f1": 0.6105525498549899, "checkpoint": "/home/rishank/Projects/major project/Test/results/checkpoints/dnabert2_splitb_seed2/epoch_09.pt"}
{"epoch": 10, "step": 1, "loss": 0.22188733518123627, "lr": 2.2219591439432807e-06}
{"epoch": 10, "step": 50, "loss": 0.16743126511573792, "lr": 2.2090683082751273e-06}
{"epoch": 10, "step": 100, "loss": 0.2978391647338867, "lr": 2.1959143943280325e-06}
{"epoch": 10, "step": 150, "loss": 0.27204951643943787, "lr": 2.1827604803809373e-06}
{"epoch": 10, "step": 200, "loss": 0.15268342196941376, "lr": 2.1696065664338425e-06}
{"epoch": 10, "step": 250, "loss": 0.11653504520654678, "lr": 2.1564526524867477e-06}
{"epoch": 10, "step": 300, "loss": 0.5367444157600403, "lr": 2.1432987385396525e-06}
{"epoch": 10, "step": 350, "loss": 0.28384917974472046, "lr": 2.1301448245925577e-06}
{"epoch": 10, "step": 400, "loss": 0.14752458035945892, "lr": 2.116990910645463e-06}
{"epoch": 10, "step": 450, "loss": 0.31946003437042236, "lr": 2.1038369966983677e-06}
{"epoch": 10, "step": 500, "loss": 0.5541897416114807, "lr": 2.090683082751273e-06}
{"epoch": 10, "step": 550, "loss": 0.2061731070280075, "lr": 2.077529168804178e-06}
{"epoch": 10, "step": 600, "loss": 0.3220367729663849, "lr": 2.064375254857083e-06}
{"epoch": 10, "step": 650, "loss": 0.1139993965625763, "lr": 2.051221340909988e-06}
{"epoch": 10, "step": 700, "loss": 0.05202799662947655, "lr": 2.038067426962893e-06}
{"epoch": 10, "step": 750, "loss": 0.07294911891222, "lr": 2.024913513015798e-06}
{"epoch": 10, "step": 800, "loss": 0.23962529003620148, "lr": 2.011759599068703e-06}
{"epoch": 10, "step": 850, "loss": 0.039448823779821396, "lr": 1.998605685121608e-06}
{"epoch": 10, "step": 900, "loss": 0.6729444861412048, "lr": 1.985451771174513e-06}
{"epoch": 10, "step": 950, "loss": 0.07796245068311691, "lr": 1.972297857227418e-06}
{"epoch": 10, "step": 1000, "loss": 0.1389521211385727, "lr": 1.9591439432803233e-06}
{"epoch": 10, "step": 1050, "loss": 0.35851046442985535, "lr": 1.945990029333228e-06}
{"epoch": 10, "step": 1100, "loss": 0.2954917550086975, "lr": 1.9328361153861333e-06}
{"epoch": 10, "step": 1150, "loss": 0.14322009682655334, "lr": 1.9196822014390385e-06}
{"epoch": 10, "step": 1200, "loss": 0.36118119955062866, "lr": 1.9065282874919433e-06}
{"epoch": 10, "step": 1250, "loss": 0.13559433817863464, "lr": 1.8933743735448485e-06}
{"epoch": 10, "step": 1300, "loss": 0.16166631877422333, "lr": 1.8802204595977535e-06}
{"epoch": 10, "step": 1350, "loss": 0.41058164834976196, "lr": 1.8670665456506585e-06}
{"epoch": 10, "step": 1400, "loss": 0.11243505030870438, "lr": 1.8539126317035635e-06}
{"epoch": 10, "step": 1450, "loss": 0.03129914030432701, "lr": 1.8407587177564687e-06}
{"epoch": 10, "step": 1500, "loss": 0.3141203224658966, "lr": 1.8276048038093735e-06}
{"epoch": 10, "step": 1550, "loss": 0.2272794395685196, "lr": 1.8144508898622787e-06}
{"epoch": 10, "step": 1600, "loss": 0.1129884421825409, "lr": 1.801296975915184e-06}
{"epoch": 10, "step": 1650, "loss": 0.22660823166370392, "lr": 1.7881430619680887e-06}
{"epoch": 10, "step": 1700, "loss": 0.6288905143737793, "lr": 1.7749891480209939e-06}
{"epoch": 10, "step": 1750, "loss": 0.17771537601947784, "lr": 1.7618352340738989e-06}
{"epoch": 10, "step": 1800, "loss": 0.045901473611593246, "lr": 1.7486813201268039e-06}
{"epoch": 10, "step": 1850, "loss": 0.4391203224658966, "lr": 1.7355274061797089e-06}
{"epoch": 10, "step": 1900, "loss": 0.1970169097185135, "lr": 1.722373492232614e-06}
{"epoch": 10, "step": 1950, "loss": 0.16099047660827637, "lr": 1.7092195782855189e-06}
{"epoch": 10, "step": 2000, "loss": 0.1952817142009735, "lr": 1.696065664338424e-06}
{"epoch": 10, "step": 2050, "loss": 0.429172158241272, "lr": 1.6829117503913293e-06}
{"epoch": 10, "step": 2100, "loss": 0.28391867876052856, "lr": 1.669757836444234e-06}
{"epoch": 10, "step": 2150, "loss": 0.07819249480962753, "lr": 1.6566039224971393e-06}
{"epoch": 10, "step": 2200, "loss": 0.3019181787967682, "lr": 1.6434500085500443e-06}
{"epoch": 10, "step": 2250, "loss": 0.2188534289598465, "lr": 1.6302960946029493e-06}
{"epoch": 10, "step": 2300, "loss": 0.5978386998176575, "lr": 1.6171421806558543e-06}
{"epoch": 10, "step": 2350, "loss": 0.2312661111354828, "lr": 1.6039882667087595e-06}
{"epoch": 10, "step": 2400, "loss": 0.21363262832164764, "lr": 1.5908343527616643e-06}
{"epoch": 10, "step": 2450, "loss": 0.182327538728714, "lr": 1.5776804388145695e-06}
{"epoch": 10, "step": 2500, "loss": 0.15743878483772278, "lr": 1.5645265248674745e-06}
{"epoch": 10, "step": 2550, "loss": 0.5197643637657166, "lr": 1.5513726109203795e-06}
{"epoch": 10, "step": 2600, "loss": 0.27159231901168823, "lr": 1.5382186969732845e-06}
{"epoch": 10, "step": 2650, "loss": 0.18368905782699585, "lr": 1.5250647830261895e-06}
{"epoch": 10, "step": 2700, "loss": 0.19742538034915924, "lr": 1.5119108690790945e-06}
{"epoch": 10, "step": 2750, "loss": 0.07837118953466415, "lr": 1.4987569551319997e-06}
{"epoch": 10, "step": 2800, "loss": 0.09187918901443481, "lr": 1.4856030411849045e-06}
{"epoch": 10, "step": 2850, "loss": 0.16690336167812347, "lr": 1.4724491272378097e-06}
{"epoch": 10, "step": 2900, "loss": 0.2640206515789032, "lr": 1.4592952132907149e-06}
{"epoch": 10, "step": 2950, "loss": 0.1263667643070221, "lr": 1.4461412993436197e-06}
{"epoch": 10, "step": 3000, "loss": 0.2534920573234558, "lr": 1.4329873853965249e-06}
{"epoch": 10, "step": 3050, "loss": 0.3062005341053009, "lr": 1.4198334714494299e-06}
{"epoch": 10, "step": 3100, "loss": 0.25052088499069214, "lr": 1.4066795575023349e-06}
{"epoch": 10, "step": 3150, "loss": 0.13321487605571747, "lr": 1.3935256435552399e-06}
{"epoch": 10, "step": 3200, "loss": 0.07204841822385788, "lr": 1.380371729608145e-06}
{"epoch": 10, "step": 3250, "loss": 0.18151545524597168, "lr": 1.3672178156610499e-06}
{"epoch": 10, "step": 3300, "loss": 0.29105445742607117, "lr": 1.354063901713955e-06}
{"epoch": 10, "step": 3350, "loss": 0.3569205701351166, "lr": 1.3409099877668603e-06}
{"epoch": 10, "step": 3400, "loss": 0.17967163026332855, "lr": 1.327756073819765e-06}
{"epoch": 10, "step": 3450, "loss": 0.221878781914711, "lr": 1.3146021598726703e-06}
{"epoch": 10, "step": 3500, "loss": 0.1521628499031067, "lr": 1.3014482459255753e-06}
{"epoch": 10, "step": 3550, "loss": 0.56294846534729, "lr": 1.2882943319784803e-06}
{"epoch": 10, "step": 3600, "loss": 0.7185438871383667, "lr": 1.2751404180313853e-06}
{"epoch": 10, "step": 3650, "loss": 0.047557830810546875, "lr": 1.2619865040842905e-06}
{"epoch": 10, "step": 3700, "loss": 0.42152661085128784, "lr": 1.2488325901371955e-06}
{"epoch": 10, "step": 3750, "loss": 0.5677139759063721, "lr": 1.2356786761901005e-06}
{"epoch": 10, "step": 3800, "loss": 0.03756100311875343, "lr": 1.2225247622430055e-06}
{"epoch": 10, "step": 3850, "loss": 0.2143254280090332, "lr": 1.2093708482959107e-06}
{"epoch": 10, "step": 3900, "loss": 0.37515726685523987, "lr": 1.1962169343488157e-06}
{"epoch": 10, "step": 3950, "loss": 0.2964082360267639, "lr": 1.1830630204017207e-06}
{"epoch": 10, "step": 4000, "loss": 0.24860194325447083, "lr": 1.1699091064546257e-06}
{"epoch": 10, "step": 4050, "loss": 0.14707981050014496, "lr": 1.1567551925075307e-06}
{"epoch": 10, "step": 4100, "loss": 0.3370356857776642, "lr": 1.1436012785604357e-06}
{"epoch": 10, "step": 4150, "loss": 0.19658078253269196, "lr": 1.1304473646133409e-06}
{"epoch": 10, "step": 4200, "loss": 0.3387759029865265, "lr": 1.1172934506662459e-06}
{"epoch": 10, "step": 4250, "loss": 0.38386523723602295, "lr": 1.1041395367191509e-06}
{"epoch": 10, "step": 4300, "loss": 0.1500231772661209, "lr": 1.0909856227720559e-06}
{"epoch": 10, "step": 4350, "loss": 0.1962091624736786, "lr": 1.0778317088249609e-06}
{"epoch": 10, "step": 4400, "loss": 0.13959790766239166, "lr": 1.0646777948778659e-06}
{"epoch": 10, "step": 4450, "loss": 0.1646665334701538, "lr": 1.051523880930771e-06}
{"epoch": 10, "step": 4500, "loss": 0.40171077847480774, "lr": 1.038369966983676e-06}
{"epoch": 10, "step": 4550, "loss": 0.2590709328651428, "lr": 1.025216053036581e-06}
{"epoch": 10, "step": 4600, "loss": 0.4966476559638977, "lr": 1.0120621390894863e-06}
{"epoch": 10, "step": 4650, "loss": 0.11658502370119095, "lr": 9.989082251423913e-07}
{"epoch": 10, "step": 4700, "loss": 0.24628569185733795, "lr": 9.857543111952963e-07}
{"epoch": 10, "step": 4750, "loss": 0.34477630257606506, "lr": 9.726003972482013e-07}
{"epoch": 10, "step": 4800, "loss": 0.1964060664176941, "lr": 9.594464833011063e-07}
{"epoch": 10, "step": 4850, "loss": 0.19843235611915588, "lr": 9.462925693540114e-07}
{"epoch": 10, "step": 4900, "loss": 0.2517746388912201, "lr": 9.331386554069164e-07}
{"epoch": 10, "step": 4950, "loss": 0.2909182012081146, "lr": 9.199847414598215e-07}
{"epoch": 10, "step": 5000, "loss": 0.30354437232017517, "lr": 9.068308275127265e-07}
{"epoch": 10, "step": 5050, "loss": 0.4341839551925659, "lr": 8.936769135656315e-07}
{"epoch": 10, "step": 5100, "loss": 0.16145740449428558, "lr": 8.805229996185366e-07}
{"epoch": 10, "step": 5150, "loss": 0.3994150459766388, "lr": 8.673690856714416e-07}
{"epoch": 10, "step": 5200, "loss": 0.15963447093963623, "lr": 8.542151717243466e-07}
{"epoch": 10, "step": 5250, "loss": 0.09149814397096634, "lr": 8.410612577772518e-07}
{"epoch": 10, "step": 5300, "loss": 0.1713343858718872, "lr": 8.279073438301568e-07}
{"epoch": 10, "step": 5350, "loss": 0.5189345479011536, "lr": 8.147534298830618e-07}
{"epoch": 10, "step": 5400, "loss": 0.21659347414970398, "lr": 8.015995159359669e-07}
{"epoch": 10, "step": 5450, "loss": 0.1254613697528839, "lr": 7.884456019888719e-07}
{"epoch": 10, "step": 5500, "loss": 0.263129323720932, "lr": 7.752916880417769e-07}
{"epoch": 10, "step": 5550, "loss": 0.5232786536216736, "lr": 7.62137774094682e-07}
{"epoch": 10, "step": 5600, "loss": 0.2388155162334442, "lr": 7.48983860147587e-07}
{"epoch": 10, "step": 5650, "loss": 0.16932813823223114, "lr": 7.35829946200492e-07}
{"epoch": 10, "step": 5700, "loss": 0.10047221183776855, "lr": 7.226760322533971e-07}
{"epoch": 10, "step": 5750, "loss": 0.204902783036232, "lr": 7.095221183063021e-07}
{"epoch": 10, "step": 5800, "loss": 0.5768587589263916, "lr": 6.963682043592071e-07}
{"epoch": 10, "step": 5850, "loss": 0.22711873054504395, "lr": 6.832142904121123e-07}
{"epoch": 10, "step": 5900, "loss": 0.16053684055805206, "lr": 6.700603764650173e-07}
{"epoch": 10, "step": 5950, "loss": 0.2089635282754898, "lr": 6.569064625179223e-07}
{"epoch": 10, "step": 6000, "loss": 0.31872299313545227, "lr": 6.437525485708274e-07}
{"epoch": 10, "step": 6050, "loss": 0.0792945995926857, "lr": 6.305986346237324e-07}
{"epoch": 10, "step": 6100, "loss": 0.45855334401130676, "lr": 6.174447206766374e-07}
{"epoch": 10, "step": 6150, "loss": 0.3576805591583252, "lr": 6.042908067295425e-07}
{"epoch": 10, "step": 6200, "loss": 0.4859860837459564, "lr": 5.911368927824475e-07}
{"epoch": 10, "step": 6250, "loss": 0.3327907919883728, "lr": 5.779829788353525e-07}
{"epoch": 10, "step": 6300, "loss": 0.46323317289352417, "lr": 5.648290648882576e-07}
{"epoch": 10, "step": 6350, "loss": 0.4547133147716522, "lr": 5.516751509411626e-07}
{"epoch": 10, "step": 6400, "loss": 0.20965909957885742, "lr": 5.385212369940676e-07}
{"epoch": 10, "step": 6450, "loss": 0.536497175693512, "lr": 5.253673230469727e-07}
{"epoch": 10, "step": 6500, "loss": 0.5822569727897644, "lr": 5.122134090998778e-07}
{"epoch": 10, "step": 6550, "loss": 0.19696426391601562, "lr": 4.990594951527828e-07}
{"epoch": 10, "step": 6600, "loss": 0.1346949189901352, "lr": 4.859055812056878e-07}
{"epoch": 10, "step": 6650, "loss": 0.31746530532836914, "lr": 4.7275166725859287e-07}
{"epoch": 10, "step": 6700, "loss": 0.1910388171672821, "lr": 4.5959775331149786e-07}
{"epoch": 10, "step": 6750, "loss": 0.5887191295623779, "lr": 4.464438393644029e-07}
{"epoch": 10, "step": 6800, "loss": 0.26425206661224365, "lr": 4.332899254173079e-07}
{"epoch": 10, "step": 6850, "loss": 0.09487097710371017, "lr": 4.20136011470213e-07}
{"epoch": 10, "step": 6900, "loss": 0.20315027236938477, "lr": 4.0698209752311806e-07}
{"epoch": 10, "step": 6950, "loss": 0.1465579867362976, "lr": 3.9382818357602306e-07}
{"epoch": 10, "step": 7000, "loss": 0.8937184810638428, "lr": 3.806742696289281e-07}
{"epoch": 10, "step": 7050, "loss": 0.42187172174453735, "lr": 3.6752035568183316e-07}
{"epoch": 10, "step": 7100, "loss": 0.18759526312351227, "lr": 3.5436644173473816e-07}
{"epoch": 10, "step": 7150, "loss": 0.08772280067205429, "lr": 3.4121252778764326e-07}
{"epoch": 10, "step": 7200, "loss": 0.23221655189990997, "lr": 3.280586138405483e-07}
{"epoch": 10, "step": 7250, "loss": 0.1463366597890854, "lr": 3.149046998934533e-07}
{"epoch": 10, "step": 7300, "loss": 0.03838048875331879, "lr": 3.0175078594635836e-07}
{"epoch": 10, "step": 7350, "loss": 0.12705937027931213, "lr": 2.885968719992634e-07}
{"epoch": 10, "step": 7400, "loss": 0.23628489673137665, "lr": 2.754429580521684e-07}
{"epoch": 10, "step": 7450, "loss": 0.5953264832496643, "lr": 2.622890441050735e-07}
{"epoch": 10, "step": 7500, "loss": 0.388774037361145, "lr": 2.491351301579785e-07}
{"epoch": 10, "step": 7550, "loss": 0.22069251537322998, "lr": 2.3598121621088356e-07}
{"epoch": 10, "step": 7600, "loss": 0.3600994348526001, "lr": 2.2282730226378864e-07}
{"epoch": 10, "step": 7650, "loss": 0.27607178688049316, "lr": 2.0967338831669366e-07}
{"epoch": 10, "step": 7700, "loss": 0.17404402792453766, "lr": 1.9651947436959868e-07}
{"epoch": 10, "step": 7750, "loss": 0.30999961495399475, "lr": 1.833655604225037e-07}
{"epoch": 10, "step": 7800, "loss": 0.2515668570995331, "lr": 1.7021164647540878e-07}
{"epoch": 10, "step": 7850, "loss": 0.28011152148246765, "lr": 1.570577325283138e-07}
{"epoch": 10, "step": 7900, "loss": 0.27506935596466064, "lr": 1.4390381858121886e-07}
{"epoch": 10, "step": 7950, "loss": 0.21813207864761353, "lr": 1.3074990463412388e-07}
{"epoch": 10, "step": 8000, "loss": 0.24818749725818634, "lr": 1.1759599068702895e-07}
{"epoch": 10, "step": 8050, "loss": 0.1435859203338623, "lr": 1.0444207673993397e-07}
{"epoch": 10, "step": 8100, "loss": 0.3310122489929199, "lr": 9.128816279283902e-08}
{"epoch": 10, "step": 8150, "loss": 0.27012205123901367, "lr": 7.813424884574404e-08}
{"epoch": 10, "step": 8200, "loss": 0.2900579869747162, "lr": 6.49803348986491e-08}
{"epoch": 10, "step": 8250, "loss": 0.3623301386833191, "lr": 5.182642095155414e-08}
{"epoch": 10, "step": 8300, "loss": 0.3590524196624756, "lr": 3.867250700445918e-08}
{"epoch": 10, "step": 8350, "loss": 0.04000559821724892, "lr": 2.5518593057364222e-08}
{"epoch": 10, "step": 8400, "loss": 0.29503074288368225, "lr": 1.2364679110269261e-08}
{"epoch": 10, "weighted_f1": 0.6066830975787595, "checkpoint": "/home/rishank/Projects/major project/Test/results/checkpoints/dnabert2_splitb_seed2/epoch_10.pt"}
{"final_result": {"accuracy": 0.62797513321492, "roc_auc": 0.6784897539432393, "weighted_precision": 0.6314912602128104, "weighted_recall": 0.62797513321492, "weighted_f1": 0.6148396481009714, "benign_precision": 0.620599008834303, "benign_recall": 0.7928319753358292, "benign_f1": 0.696221808600643, "pathogenic_precision": 0.644160756501182, "pathogenic_recall": 0.43621926229508196, "pathogenic_f1": 0.5201786873353442, "tn": 14401, "fp": 3763, "fn": 8804, "tp": 6812}}
