Some weights of BertModel were not initialized from the model checkpoint at zhihan1996/DNABERT-2-117M and are newly initialized: ['pooler.dense.bias', 'pooler.dense.weight']
You should probably TRAIN this model on a down-stream task to be able to use it for predictions and inference.
max_length used: 200
device: cuda train: 135147 val: 33780 batch_size: 16
{"epoch": 1, "step": 1, "loss": 0.6918920278549194, "lr": 2e-05}
{"epoch": 1, "step": 50, "loss": 0.6934282779693604, "lr": 2e-05}
{"epoch": 1, "step": 100, "loss": 0.7714901566505432, "lr": 2e-05}
{"epoch": 1, "step": 150, "loss": 0.6972032189369202, "lr": 2e-05}
{"epoch": 1, "step": 200, "loss": 0.7269365191459656, "lr": 2e-05}
{"epoch": 1, "step": 250, "loss": 0.7266532182693481, "lr": 2e-05}
{"epoch": 1, "step": 300, "loss": 0.7277120351791382, "lr": 2e-05}
{"epoch": 1, "step": 350, "loss": 0.6911371946334839, "lr": 2e-05}
{"epoch": 1, "step": 400, "loss": 0.6903201937675476, "lr": 2e-05}
{"epoch": 1, "step": 450, "loss": 0.6977742910385132, "lr": 2e-05}
{"epoch": 1, "step": 500, "loss": 0.6987454891204834, "lr": 2e-05}
{"epoch": 1, "step": 550, "loss": 0.6914719939231873, "lr": 2e-05}
{"epoch": 1, "step": 600, "loss": 0.6651865243911743, "lr": 2e-05}
{"epoch": 1, "step": 650, "loss": 0.6953778862953186, "lr": 2e-05}
{"epoch": 1, "step": 700, "loss": 0.7263662815093994, "lr": 2e-05}
{"epoch": 1, "step": 750, "loss": 0.6791834831237793, "lr": 2e-05}
{"epoch": 1, "step": 800, "loss": 0.6752356290817261, "lr": 2e-05}
{"epoch": 1, "step": 850, "loss": 0.6756086945533752, "lr": 2e-05}
{"epoch": 1, "step": 900, "loss": 0.6933738589286804, "lr": 2e-05}
{"epoch": 1, "step": 950, "loss": 0.699413001537323, "lr": 2e-05}
{"epoch": 1, "step": 1000, "loss": 0.6959509253501892, "lr": 2e-05}
{"epoch": 1, "step": 1050, "loss": 0.6839714050292969, "lr": 2e-05}
{"epoch": 1, "step": 1100, "loss": 0.6883128881454468, "lr": 2e-05}
{"epoch": 1, "step": 1150, "loss": 0.7022427916526794, "lr": 2e-05}
{"epoch": 1, "step": 1200, "loss": 0.688718318939209, "lr": 2e-05}
{"epoch": 1, "step": 1250, "loss": 0.6911259889602661, "lr": 2e-05}
{"epoch": 1, "step": 1300, "loss": 0.6921108961105347, "lr": 2e-05}
{"epoch": 1, "step": 1350, "loss": 0.6939853429794312, "lr": 2e-05}
{"epoch": 1, "step": 1400, "loss": 0.6971738338470459, "lr": 2e-05}
{"epoch": 1, "step": 1450, "loss": 0.7014237642288208, "lr": 2e-05}
{"epoch": 1, "step": 1500, "loss": 0.6957715749740601, "lr": 2e-05}
{"epoch": 1, "step": 1550, "loss": 0.6955976486206055, "lr": 2e-05}
{"epoch": 1, "step": 1600, "loss": 0.6996447443962097, "lr": 2e-05}
{"epoch": 1, "step": 1650, "loss": 0.678776204586029, "lr": 2e-05}
{"epoch": 1, "step": 1700, "loss": 0.6914045214653015, "lr": 2e-05}
{"epoch": 1, "step": 1750, "loss": 0.6874463558197021, "lr": 2e-05}
{"epoch": 1, "step": 1800, "loss": 0.6785237789154053, "lr": 2e-05}
{"epoch": 1, "step": 1850, "loss": 0.6893017888069153, "lr": 2e-05}
{"epoch": 1, "step": 1900, "loss": 0.6826786994934082, "lr": 2e-05}
{"epoch": 1, "step": 1950, "loss": 0.684563398361206, "lr": 2e-05}
{"epoch": 1, "step": 2000, "loss": 0.6993002891540527, "lr": 2e-05}
{"epoch": 1, "step": 2050, "loss": 0.7017094492912292, "lr": 2e-05}
{"epoch": 1, "step": 2100, "loss": 0.7039151787757874, "lr": 2e-05}
{"epoch": 1, "step": 2150, "loss": 0.692557692527771, "lr": 2e-05}
{"epoch": 1, "step": 2200, "loss": 0.697600781917572, "lr": 2e-05}
{"epoch": 1, "step": 2250, "loss": 0.6895805597305298, "lr": 2e-05}
{"epoch": 1, "step": 2300, "loss": 0.6958847045898438, "lr": 2e-05}
{"epoch": 1, "step": 2350, "loss": 0.6943973302841187, "lr": 2e-05}
{"epoch": 1, "step": 2400, "loss": 0.6860517263412476, "lr": 2e-05}
{"epoch": 1, "step": 2450, "loss": 0.694908618927002, "lr": 2e-05}
{"epoch": 1, "step": 2500, "loss": 0.6908225417137146, "lr": 2e-05}
{"epoch": 1, "step": 2550, "loss": 0.7269575595855713, "lr": 2e-05}
{"epoch": 1, "step": 2600, "loss": 0.6876693367958069, "lr": 2e-05}
{"epoch": 1, "step": 2650, "loss": 0.6939590573310852, "lr": 2e-05}
{"epoch": 1, "step": 2700, "loss": 0.6909033060073853, "lr": 2e-05}
{"epoch": 1, "step": 2750, "loss": 0.6920502185821533, "lr": 2e-05}
{"epoch": 1, "step": 2800, "loss": 0.6787374019622803, "lr": 2e-05}
{"epoch": 1, "step": 2850, "loss": 0.687833845615387, "lr": 2e-05}
{"epoch": 1, "step": 2900, "loss": 0.6998028755187988, "lr": 2e-05}
{"epoch": 1, "step": 2950, "loss": 0.6881260275840759, "lr": 2e-05}
{"epoch": 1, "step": 3000, "loss": 0.6921324133872986, "lr": 2e-05}
{"epoch": 1, "step": 3050, "loss": 0.6962735652923584, "lr": 2e-05}
{"epoch": 1, "step": 3100, "loss": 0.6944207549095154, "lr": 2e-05}
{"epoch": 1, "step": 3150, "loss": 0.6999435424804688, "lr": 2e-05}
{"epoch": 1, "step": 3200, "loss": 0.6951918601989746, "lr": 2e-05}
{"epoch": 1, "step": 3250, "loss": 0.69105064868927, "lr": 2e-05}
{"epoch": 1, "step": 3300, "loss": 0.691419780254364, "lr": 2e-05}
{"epoch": 1, "step": 3350, "loss": 0.7043485045433044, "lr": 2e-05}
{"epoch": 1, "step": 3400, "loss": 0.6921795606613159, "lr": 2e-05}
{"epoch": 1, "step": 3450, "loss": 0.689124584197998, "lr": 2e-05}
{"epoch": 1, "step": 3500, "loss": 0.6949350833892822, "lr": 2e-05}
{"epoch": 1, "step": 3550, "loss": 0.7003206610679626, "lr": 2e-05}
{"epoch": 1, "step": 3600, "loss": 0.6918045878410339, "lr": 2e-05}
{"epoch": 1, "step": 3650, "loss": 0.6957804560661316, "lr": 2e-05}
{"epoch": 1, "step": 3700, "loss": 0.6902962923049927, "lr": 2e-05}
{"epoch": 1, "step": 3750, "loss": 0.6955955624580383, "lr": 2e-05}
{"epoch": 1, "step": 3800, "loss": 0.7034175992012024, "lr": 2e-05}
{"epoch": 1, "step": 3850, "loss": 0.690992534160614, "lr": 2e-05}
{"epoch": 1, "step": 3900, "loss": 0.6931809186935425, "lr": 2e-05}
{"epoch": 1, "step": 3950, "loss": 0.6905903816223145, "lr": 2e-05}
{"epoch": 1, "step": 4000, "loss": 0.6984719038009644, "lr": 2e-05}
{"epoch": 1, "step": 4050, "loss": 0.6867959499359131, "lr": 2e-05}
{"epoch": 1, "step": 4100, "loss": 0.6945473551750183, "lr": 2e-05}
{"epoch": 1, "step": 4150, "loss": 0.6947767734527588, "lr": 2e-05}
{"epoch": 1, "step": 4200, "loss": 0.6940356492996216, "lr": 2e-05}
{"epoch": 1, "step": 4250, "loss": 0.7143416404724121, "lr": 2e-05}
{"epoch": 1, "step": 4300, "loss": 0.6862038373947144, "lr": 2e-05}
{"epoch": 1, "step": 4350, "loss": 0.7040706276893616, "lr": 2e-05}
{"epoch": 1, "step": 4400, "loss": 0.6921988129615784, "lr": 2e-05}
{"epoch": 1, "step": 4450, "loss": 0.6922398805618286, "lr": 2e-05}
{"epoch": 1, "step": 4500, "loss": 0.6996455788612366, "lr": 2e-05}
{"epoch": 1, "step": 4550, "loss": 0.6950814127922058, "lr": 2e-05}
{"epoch": 1, "step": 4600, "loss": 0.7000887989997864, "lr": 2e-05}
{"epoch": 1, "step": 4650, "loss": 0.6929055452346802, "lr": 2e-05}
{"epoch": 1, "step": 4700, "loss": 0.6925827264785767, "lr": 2e-05}
{"epoch": 1, "step": 4750, "loss": 0.6953524947166443, "lr": 2e-05}
{"epoch": 1, "step": 4800, "loss": 0.6975564956665039, "lr": 2e-05}
{"epoch": 1, "step": 4850, "loss": 0.6875727772712708, "lr": 2e-05}
{"epoch": 1, "step": 4900, "loss": 0.7053032517433167, "lr": 2e-05}
{"epoch": 1, "step": 4950, "loss": 0.6899483799934387, "lr": 2e-05}
{"epoch": 1, "step": 5000, "loss": 0.6937344670295715, "lr": 2e-05}
{"epoch": 1, "step": 5050, "loss": 0.6938573122024536, "lr": 2e-05}
{"epoch": 1, "step": 5100, "loss": 0.6969779133796692, "lr": 2e-05}
{"epoch": 1, "step": 5150, "loss": 0.691974937915802, "lr": 2e-05}
{"epoch": 1, "step": 5200, "loss": 0.6954386234283447, "lr": 2e-05}
{"epoch": 1, "step": 5250, "loss": 0.68764328956604, "lr": 2e-05}
{"epoch": 1, "step": 5300, "loss": 0.6930181384086609, "lr": 2e-05}
{"epoch": 1, "step": 5350, "loss": 0.6898140907287598, "lr": 2e-05}
{"epoch": 1, "step": 5400, "loss": 0.7007016539573669, "lr": 2e-05}
{"epoch": 1, "step": 5450, "loss": 0.6996013522148132, "lr": 2e-05}
{"epoch": 1, "step": 5500, "loss": 0.6859414577484131, "lr": 2e-05}
{"epoch": 1, "step": 5550, "loss": 0.6932700872421265, "lr": 2e-05}
{"epoch": 1, "step": 5600, "loss": 0.6957345604896545, "lr": 2e-05}
{"epoch": 1, "step": 5650, "loss": 0.6961444020271301, "lr": 2e-05}
{"epoch": 1, "step": 5700, "loss": 0.6942240595817566, "lr": 2e-05}
{"epoch": 1, "step": 5750, "loss": 0.7028566598892212, "lr": 2e-05}
{"epoch": 1, "step": 5800, "loss": 0.6905452013015747, "lr": 2e-05}
{"epoch": 1, "step": 5850, "loss": 0.7085241675376892, "lr": 2e-05}
{"epoch": 1, "step": 5900, "loss": 0.7152180075645447, "lr": 2e-05}
{"epoch": 1, "step": 5950, "loss": 0.6937006711959839, "lr": 2e-05}
{"epoch": 1, "step": 6000, "loss": 0.6936020851135254, "lr": 2e-05}
{"epoch": 1, "step": 6050, "loss": 0.6963618397712708, "lr": 2e-05}
{"epoch": 1, "step": 6100, "loss": 0.6791243553161621, "lr": 2e-05}
{"epoch": 1, "step": 6150, "loss": 0.6953217387199402, "lr": 2e-05}
{"epoch": 1, "step": 6200, "loss": 0.691095769405365, "lr": 2e-05}
{"epoch": 1, "step": 6250, "loss": 0.6943226456642151, "lr": 2e-05}
{"epoch": 1, "step": 6300, "loss": 0.6885365843772888, "lr": 2e-05}
{"epoch": 1, "step": 6350, "loss": 0.6909313797950745, "lr": 2e-05}
{"epoch": 1, "step": 6400, "loss": 0.6945805549621582, "lr": 2e-05}
{"epoch": 1, "step": 6450, "loss": 0.6931812167167664, "lr": 2e-05}
{"epoch": 1, "step": 6500, "loss": 0.6949759721755981, "lr": 2e-05}
{"epoch": 1, "step": 6550, "loss": 0.6936156153678894, "lr": 2e-05}
{"epoch": 1, "step": 6600, "loss": 0.6904693841934204, "lr": 2e-05}
{"epoch": 1, "step": 6650, "loss": 0.6920809149742126, "lr": 2e-05}
{"epoch": 1, "step": 6700, "loss": 0.6967812776565552, "lr": 2e-05}
{"epoch": 1, "step": 6750, "loss": 0.6893318891525269, "lr": 2e-05}
{"epoch": 1, "step": 6800, "loss": 0.6895631551742554, "lr": 2e-05}
{"epoch": 1, "step": 6850, "loss": 0.6924666166305542, "lr": 2e-05}
{"epoch": 1, "step": 6900, "loss": 0.7052139043807983, "lr": 2e-05}
{"epoch": 1, "step": 6950, "loss": 0.6971177458763123, "lr": 2e-05}
{"epoch": 1, "step": 7000, "loss": 0.7291838526725769, "lr": 2e-05}
{"epoch": 1, "step": 7050, "loss": 0.692022442817688, "lr": 2e-05}
{"epoch": 1, "step": 7100, "loss": 0.6904290914535522, "lr": 2e-05}
{"epoch": 1, "step": 7150, "loss": 0.6913722157478333, "lr": 2e-05}
{"epoch": 1, "step": 7200, "loss": 0.6907528042793274, "lr": 2e-05}
{"epoch": 1, "step": 7250, "loss": 0.6959829926490784, "lr": 2e-05}
{"epoch": 1, "step": 7300, "loss": 0.7001715898513794, "lr": 2e-05}
{"epoch": 1, "step": 7350, "loss": 0.6945873498916626, "lr": 2e-05}
{"epoch": 1, "step": 7400, "loss": 0.69410240650177, "lr": 2e-05}
{"epoch": 1, "step": 7450, "loss": 0.6911953091621399, "lr": 2e-05}
{"epoch": 1, "step": 7500, "loss": 0.6931225061416626, "lr": 2e-05}
{"epoch": 1, "step": 7550, "loss": 0.696057915687561, "lr": 2e-05}
{"epoch": 1, "step": 7600, "loss": 0.6973370313644409, "lr": 2e-05}
{"epoch": 1, "step": 7650, "loss": 0.6928761005401611, "lr": 2e-05}
{"epoch": 1, "step": 7700, "loss": 0.6948912739753723, "lr": 2e-05}
{"epoch": 1, "step": 7750, "loss": 0.6913306713104248, "lr": 2e-05}
{"epoch": 1, "step": 7800, "loss": 0.6965016722679138, "lr": 2e-05}
{"epoch": 1, "step": 7850, "loss": 0.695433497428894, "lr": 2e-05}
{"epoch": 1, "step": 7900, "loss": 0.6850614547729492, "lr": 2e-05}
{"epoch": 1, "step": 7950, "loss": 0.6887428760528564, "lr": 2e-05}
{"epoch": 1, "step": 8000, "loss": 0.6904667019844055, "lr": 2e-05}
{"epoch": 1, "step": 8050, "loss": 0.6971873044967651, "lr": 2e-05}
{"epoch": 1, "step": 8100, "loss": 0.6928005218505859, "lr": 2e-05}
{"epoch": 1, "step": 8150, "loss": 0.6918429732322693, "lr": 2e-05}
{"epoch": 1, "step": 8200, "loss": 0.6949943900108337, "lr": 2e-05}
{"epoch": 1, "step": 8250, "loss": 0.6937849521636963, "lr": 2e-05}
{"epoch": 1, "step": 8300, "loss": 0.6956095695495605, "lr": 2e-05}
{"epoch": 1, "step": 8350, "loss": 0.6909559369087219, "lr": 2e-05}
{"epoch": 1, "step": 8400, "loss": 0.6900086402893066, "lr": 2e-05}
{"epoch": 1, "weighted_f1": 0.2922928346839532, "checkpoint": "/home/rishank/Projects/major project/Test/results/checkpoints/dnabert2_splitb_seed1_warmup0/epoch_01.pt"}
{"epoch": 2, "step": 1, "loss": 0.69374018907547, "lr": 2e-05}
{"epoch": 2, "step": 50, "loss": 0.6978380084037781, "lr": 2e-05}
{"epoch": 2, "step": 100, "loss": 0.6911771297454834, "lr": 2e-05}
{"epoch": 2, "step": 150, "loss": 0.6921519041061401, "lr": 2e-05}
{"epoch": 2, "step": 200, "loss": 0.704597532749176, "lr": 2e-05}
{"epoch": 2, "step": 250, "loss": 0.6909381151199341, "lr": 2e-05}
{"epoch": 2, "step": 300, "loss": 0.6914110779762268, "lr": 2e-05}
{"epoch": 2, "step": 350, "loss": 0.7002901434898376, "lr": 2e-05}
{"epoch": 2, "step": 400, "loss": 0.6931844353675842, "lr": 2e-05}
{"epoch": 2, "step": 450, "loss": 0.702989399433136, "lr": 2e-05}
{"epoch": 2, "step": 500, "loss": 0.6903223395347595, "lr": 2e-05}
{"epoch": 2, "step": 550, "loss": 0.7004534602165222, "lr": 2e-05}
{"epoch": 2, "step": 600, "loss": 0.6925293207168579, "lr": 2e-05}
{"epoch": 2, "step": 650, "loss": 0.6965090036392212, "lr": 2e-05}
{"epoch": 2, "step": 700, "loss": 0.6943792700767517, "lr": 2e-05}
{"epoch": 2, "step": 750, "loss": 0.6898521184921265, "lr": 2e-05}
{"epoch": 2, "step": 800, "loss": 0.691288948059082, "lr": 2e-05}
{"epoch": 2, "step": 850, "loss": 0.6873855590820312, "lr": 2e-05}
{"epoch": 2, "step": 900, "loss": 0.6927366852760315, "lr": 2e-05}
{"epoch": 2, "step": 950, "loss": 0.6865560412406921, "lr": 2e-05}
{"epoch": 2, "step": 1000, "loss": 0.6934106349945068, "lr": 2e-05}
{"epoch": 2, "step": 1050, "loss": 0.6928825974464417, "lr": 2e-05}
{"epoch": 2, "step": 1100, "loss": 0.6930966377258301, "lr": 2e-05}
{"epoch": 2, "step": 1150, "loss": 0.6853614449501038, "lr": 2e-05}
{"epoch": 2, "step": 1200, "loss": 0.7023220062255859, "lr": 2e-05}
{"epoch": 2, "step": 1250, "loss": 0.697078287601471, "lr": 2e-05}
{"epoch": 2, "step": 1300, "loss": 0.6896907687187195, "lr": 2e-05}
{"epoch": 2, "step": 1350, "loss": 0.6913908123970032, "lr": 2e-05}
{"epoch": 2, "step": 1400, "loss": 0.6899420022964478, "lr": 2e-05}
{"epoch": 2, "step": 1450, "loss": 0.6915081143379211, "lr": 2e-05}
{"epoch": 2, "step": 1500, "loss": 0.6944164037704468, "lr": 2e-05}
{"epoch": 2, "step": 1550, "loss": 0.6948444247245789, "lr": 2e-05}
{"epoch": 2, "step": 1600, "loss": 0.6808136701583862, "lr": 2e-05}
{"epoch": 2, "step": 1650, "loss": 0.7151569724082947, "lr": 2e-05}
{"epoch": 2, "step": 1700, "loss": 0.7467474341392517, "lr": 2e-05}
{"epoch": 2, "step": 1750, "loss": 0.686991274356842, "lr": 2e-05}
{"epoch": 2, "step": 1800, "loss": 0.6876574754714966, "lr": 2e-05}
{"epoch": 2, "step": 1850, "loss": 0.7017576694488525, "lr": 2e-05}
{"epoch": 2, "step": 1900, "loss": 0.7058968544006348, "lr": 2e-05}
{"epoch": 2, "step": 1950, "loss": 0.7122979164123535, "lr": 2e-05}
{"epoch": 2, "step": 2000, "loss": 0.6915536522865295, "lr": 2e-05}
{"epoch": 2, "step": 2050, "loss": 0.6921760439872742, "lr": 2e-05}
{"epoch": 2, "step": 2100, "loss": 0.7009242177009583, "lr": 2e-05}
{"epoch": 2, "step": 2150, "loss": 0.7080360651016235, "lr": 2e-05}
{"epoch": 2, "step": 2200, "loss": 0.690314769744873, "lr": 2e-05}
{"epoch": 2, "step": 2250, "loss": 0.6973782181739807, "lr": 2e-05}
{"epoch": 2, "step": 2300, "loss": 0.7040866613388062, "lr": 2e-05}
{"epoch": 2, "step": 2350, "loss": 0.6957159042358398, "lr": 2e-05}
{"epoch": 2, "step": 2400, "loss": 0.6917455792427063, "lr": 2e-05}
{"epoch": 2, "step": 2450, "loss": 0.6950346827507019, "lr": 2e-05}
{"epoch": 2, "step": 2500, "loss": 0.6922567486763, "lr": 2e-05}
{"epoch": 2, "step": 2550, "loss": 0.6900347471237183, "lr": 2e-05}
{"epoch": 2, "step": 2600, "loss": 0.6932773590087891, "lr": 2e-05}
{"epoch": 2, "step": 2650, "loss": 0.6929831504821777, "lr": 2e-05}
{"epoch": 2, "step": 2700, "loss": 0.6967805624008179, "lr": 2e-05}
{"epoch": 2, "step": 2750, "loss": 0.6938456892967224, "lr": 2e-05}
{"epoch": 2, "step": 2800, "loss": 0.695549726486206, "lr": 2e-05}
{"epoch": 2, "step": 2850, "loss": 0.7069125771522522, "lr": 2e-05}
{"epoch": 2, "step": 2900, "loss": 0.6925594806671143, "lr": 2e-05}
{"epoch": 2, "step": 2950, "loss": 0.689690113067627, "lr": 2e-05}
{"epoch": 2, "step": 3000, "loss": 0.6906661987304688, "lr": 2e-05}
{"epoch": 2, "step": 3050, "loss": 0.6930396556854248, "lr": 2e-05}
{"epoch": 2, "step": 3100, "loss": 0.6930137872695923, "lr": 2e-05}
{"epoch": 2, "step": 3150, "loss": 0.6928433179855347, "lr": 2e-05}
{"epoch": 2, "step": 3200, "loss": 0.691525399684906, "lr": 2e-05}
{"epoch": 2, "step": 3250, "loss": 0.6934064030647278, "lr": 2e-05}
{"epoch": 2, "step": 3300, "loss": 0.6920399069786072, "lr": 2e-05}
{"epoch": 2, "step": 3350, "loss": 0.7042892575263977, "lr": 2e-05}
{"epoch": 2, "step": 3400, "loss": 0.6992305517196655, "lr": 2e-05}
{"epoch": 2, "step": 3450, "loss": 0.6950040459632874, "lr": 2e-05}
{"epoch": 2, "step": 3500, "loss": 0.691065788269043, "lr": 2e-05}
{"epoch": 2, "step": 3550, "loss": 0.6905794143676758, "lr": 2e-05}
{"epoch": 2, "step": 3600, "loss": 0.693839967250824, "lr": 2e-05}
{"epoch": 2, "step": 3650, "loss": 0.6915330290794373, "lr": 2e-05}
{"epoch": 2, "step": 3700, "loss": 0.6898927092552185, "lr": 2e-05}
{"epoch": 2, "step": 3750, "loss": 0.6896392703056335, "lr": 2e-05}
{"epoch": 2, "step": 3800, "loss": 0.6921619772911072, "lr": 2e-05}
{"epoch": 2, "step": 3850, "loss": 0.6855307221412659, "lr": 2e-05}
{"epoch": 2, "step": 3900, "loss": 0.6894140839576721, "lr": 2e-05}
{"epoch": 2, "step": 3950, "loss": 0.6971575617790222, "lr": 2e-05}
{"epoch": 2, "step": 4000, "loss": 0.6906424164772034, "lr": 2e-05}
{"epoch": 2, "step": 4050, "loss": 0.6965634226799011, "lr": 2e-05}
{"epoch": 2, "step": 4100, "loss": 0.6915517449378967, "lr": 2e-05}
{"epoch": 2, "step": 4150, "loss": 0.6959975957870483, "lr": 2e-05}
{"epoch": 2, "step": 4200, "loss": 0.6946725845336914, "lr": 2e-05}
{"epoch": 2, "step": 4250, "loss": 0.6925279498100281, "lr": 2e-05}
{"epoch": 2, "step": 4300, "loss": 0.6910735964775085, "lr": 2e-05}
{"epoch": 2, "step": 4350, "loss": 0.6925352811813354, "lr": 2e-05}
{"epoch": 2, "step": 4400, "loss": 0.6922224164009094, "lr": 2e-05}
{"epoch": 2, "step": 4450, "loss": 0.6921129822731018, "lr": 2e-05}
{"epoch": 2, "step": 4500, "loss": 0.6905567646026611, "lr": 2e-05}
{"epoch": 2, "step": 4550, "loss": 0.6939465999603271, "lr": 2e-05}
{"epoch": 2, "step": 4600, "loss": 0.6907389163970947, "lr": 2e-05}
{"epoch": 2, "step": 4650, "loss": 0.6945823431015015, "lr": 2e-05}
{"epoch": 2, "step": 4700, "loss": 0.6969583034515381, "lr": 2e-05}
{"epoch": 2, "step": 4750, "loss": 0.6947941184043884, "lr": 2e-05}
{"epoch": 2, "step": 4800, "loss": 0.6924000382423401, "lr": 2e-05}
{"epoch": 2, "step": 4850, "loss": 0.6887648701667786, "lr": 2e-05}
{"epoch": 2, "step": 4900, "loss": 0.6834787726402283, "lr": 2e-05}
{"epoch": 2, "step": 4950, "loss": 0.6932181119918823, "lr": 2e-05}
{"epoch": 2, "step": 5000, "loss": 0.6922652125358582, "lr": 2e-05}
{"epoch": 2, "step": 5050, "loss": 0.6949679255485535, "lr": 2e-05}
{"epoch": 2, "step": 5100, "loss": 0.6930316686630249, "lr": 2e-05}
{"epoch": 2, "step": 5150, "loss": 0.7011244893074036, "lr": 2e-05}
{"epoch": 2, "step": 5200, "loss": 0.7075020670890808, "lr": 2e-05}
{"epoch": 2, "step": 5250, "loss": 0.694684624671936, "lr": 2e-05}
{"epoch": 2, "step": 5300, "loss": 0.6942521333694458, "lr": 2e-05}
{"epoch": 2, "step": 5350, "loss": 0.6898080110549927, "lr": 2e-05}
{"epoch": 2, "step": 5400, "loss": 0.695362389087677, "lr": 2e-05}
{"epoch": 2, "step": 5450, "loss": 0.6938624978065491, "lr": 2e-05}
{"epoch": 2, "step": 5500, "loss": 0.6946771144866943, "lr": 2e-05}
{"epoch": 2, "step": 5550, "loss": 0.6921104788780212, "lr": 2e-05}
{"epoch": 2, "step": 5600, "loss": 0.6925108432769775, "lr": 2e-05}
{"epoch": 2, "step": 5650, "loss": 0.6965671181678772, "lr": 2e-05}
{"epoch": 2, "step": 5700, "loss": 0.698462724685669, "lr": 2e-05}
{"epoch": 2, "step": 5750, "loss": 0.6957278847694397, "lr": 2e-05}
{"epoch": 2, "step": 5800, "loss": 0.6923255920410156, "lr": 2e-05}
{"epoch": 2, "step": 5850, "loss": 0.6973812580108643, "lr": 2e-05}
{"epoch": 2, "step": 5900, "loss": 0.6980152130126953, "lr": 2e-05}
{"epoch": 2, "step": 5950, "loss": 0.6975473165512085, "lr": 2e-05}
{"epoch": 2, "step": 6000, "loss": 0.6913782358169556, "lr": 2e-05}
{"epoch": 2, "step": 6050, "loss": 0.6921245455741882, "lr": 2e-05}
{"epoch": 2, "step": 6100, "loss": 0.6961455345153809, "lr": 2e-05}
{"epoch": 2, "step": 6150, "loss": 0.6873677372932434, "lr": 2e-05}
{"epoch": 2, "step": 6200, "loss": 0.6930729746818542, "lr": 2e-05}
{"epoch": 2, "step": 6250, "loss": 0.7020275592803955, "lr": 2e-05}
{"epoch": 2, "step": 6300, "loss": 0.6885160803794861, "lr": 2e-05}
{"epoch": 2, "step": 6350, "loss": 0.6964765787124634, "lr": 2e-05}
{"epoch": 2, "step": 6400, "loss": 0.6945319771766663, "lr": 2e-05}
{"epoch": 2, "step": 6450, "loss": 0.6935625076293945, "lr": 2e-05}
{"epoch": 2, "step": 6500, "loss": 0.6885417103767395, "lr": 2e-05}
{"epoch": 2, "step": 6550, "loss": 0.6943414807319641, "lr": 2e-05}
{"epoch": 2, "step": 6600, "loss": 0.6958173513412476, "lr": 2e-05}
{"epoch": 2, "step": 6650, "loss": 0.6968170404434204, "lr": 2e-05}
{"epoch": 2, "step": 6700, "loss": 0.6927741765975952, "lr": 2e-05}
{"epoch": 2, "step": 6750, "loss": 0.6926140189170837, "lr": 2e-05}
{"epoch": 2, "step": 6800, "loss": 0.6953667402267456, "lr": 2e-05}
{"epoch": 2, "step": 6850, "loss": 0.6928577423095703, "lr": 2e-05}
{"epoch": 2, "step": 6900, "loss": 0.6951380372047424, "lr": 2e-05}
{"epoch": 2, "step": 6950, "loss": 0.6746146082878113, "lr": 2e-05}
{"epoch": 2, "step": 7000, "loss": 0.710913896560669, "lr": 2e-05}
{"epoch": 2, "step": 7050, "loss": 0.6907936334609985, "lr": 2e-05}
{"epoch": 2, "step": 7100, "loss": 0.6749206185340881, "lr": 2e-05}
{"epoch": 2, "step": 7150, "loss": 0.6888246536254883, "lr": 2e-05}
{"epoch": 2, "step": 7200, "loss": 0.6809462904930115, "lr": 2e-05}
{"epoch": 2, "step": 7250, "loss": 0.6899303793907166, "lr": 2e-05}
{"epoch": 2, "step": 7300, "loss": 0.679621696472168, "lr": 2e-05}
{"epoch": 2, "step": 7350, "loss": 0.7031156420707703, "lr": 2e-05}
{"epoch": 2, "step": 7400, "loss": 0.6918153166770935, "lr": 2e-05}
{"epoch": 2, "step": 7450, "loss": 0.7018665075302124, "lr": 2e-05}
{"epoch": 2, "step": 7500, "loss": 0.6828129887580872, "lr": 2e-05}
{"epoch": 2, "step": 7550, "loss": 0.6844420433044434, "lr": 2e-05}
{"epoch": 2, "step": 7600, "loss": 0.6853856444358826, "lr": 2e-05}
{"epoch": 2, "step": 7650, "loss": 0.7006334066390991, "lr": 2e-05}
{"epoch": 2, "step": 7700, "loss": 0.6925915479660034, "lr": 2e-05}
{"epoch": 2, "step": 7750, "loss": 0.6954848170280457, "lr": 2e-05}
{"epoch": 2, "step": 7800, "loss": 0.6899126172065735, "lr": 2e-05}
{"epoch": 2, "step": 7850, "loss": 0.6921355724334717, "lr": 2e-05}
{"epoch": 2, "step": 7900, "loss": 0.6927651762962341, "lr": 2e-05}
{"epoch": 2, "step": 7950, "loss": 0.7036803364753723, "lr": 2e-05}
{"epoch": 2, "step": 8000, "loss": 0.6656123399734497, "lr": 2e-05}
{"epoch": 2, "step": 8050, "loss": 0.6867513656616211, "lr": 2e-05}
{"epoch": 2, "step": 8100, "loss": 0.6953020095825195, "lr": 2e-05}
{"epoch": 2, "step": 8150, "loss": 0.7138565182685852, "lr": 2e-05}
{"epoch": 2, "step": 8200, "loss": 0.6735374927520752, "lr": 2e-05}
{"epoch": 2, "step": 8250, "loss": 0.6983652710914612, "lr": 2e-05}
{"epoch": 2, "step": 8300, "loss": 0.6943722367286682, "lr": 2e-05}
{"epoch": 2, "step": 8350, "loss": 0.6978275775909424, "lr": 2e-05}
{"epoch": 2, "step": 8400, "loss": 0.6957054734230042, "lr": 2e-05}
{"epoch": 2, "weighted_f1": 0.2922928346839532, "checkpoint": "/home/rishank/Projects/major project/Test/results/checkpoints/dnabert2_splitb_seed1_warmup0/epoch_02.pt"}
{"epoch": 3, "step": 1, "loss": 0.6919219493865967, "lr": 2e-05}
{"epoch": 3, "step": 50, "loss": 0.7026511430740356, "lr": 2e-05}
{"epoch": 3, "step": 100, "loss": 0.6920748353004456, "lr": 2e-05}
{"epoch": 3, "step": 150, "loss": 0.6891042590141296, "lr": 2e-05}
{"epoch": 3, "step": 200, "loss": 0.6868988871574402, "lr": 2e-05}
{"epoch": 3, "step": 250, "loss": 0.6921098828315735, "lr": 2e-05}
{"epoch": 3, "step": 300, "loss": 0.6955004334449768, "lr": 2e-05}
{"epoch": 3, "step": 350, "loss": 0.689881443977356, "lr": 2e-05}
{"epoch": 3, "step": 400, "loss": 0.6949653029441833, "lr": 2e-05}
{"epoch": 3, "step": 450, "loss": 0.6917168498039246, "lr": 2e-05}
{"epoch": 3, "step": 500, "loss": 0.692729115486145, "lr": 2e-05}
{"epoch": 3, "step": 550, "loss": 0.6903475522994995, "lr": 2e-05}
{"epoch": 3, "step": 600, "loss": 0.6900556087493896, "lr": 2e-05}
{"epoch": 3, "step": 650, "loss": 0.692081868648529, "lr": 2e-05}
{"epoch": 3, "step": 700, "loss": 0.69001704454422, "lr": 2e-05}
{"epoch": 3, "step": 750, "loss": 0.6964458227157593, "lr": 2e-05}
{"epoch": 3, "step": 800, "loss": 0.6959540843963623, "lr": 2e-05}
{"epoch": 3, "step": 850, "loss": 0.6902689933776855, "lr": 2e-05}
{"epoch": 3, "step": 900, "loss": 0.6932945847511292, "lr": 2e-05}
{"epoch": 3, "step": 950, "loss": 0.6953645944595337, "lr": 2e-05}
{"epoch": 3, "step": 1000, "loss": 0.6931546926498413, "lr": 2e-05}
{"epoch": 3, "step": 1050, "loss": 0.6756694316864014, "lr": 2e-05}
{"epoch": 3, "step": 1100, "loss": 0.7076161503791809, "lr": 2e-05}
{"epoch": 3, "step": 1150, "loss": 0.6880159378051758, "lr": 2e-05}
{"epoch": 3, "step": 1200, "loss": 0.6988592147827148, "lr": 2e-05}
{"epoch": 3, "step": 1250, "loss": 0.7125781774520874, "lr": 2e-05}
{"epoch": 3, "step": 1300, "loss": 0.6891143321990967, "lr": 2e-05}
{"epoch": 3, "step": 1350, "loss": 0.6953149437904358, "lr": 2e-05}
{"epoch": 3, "step": 1400, "loss": 0.6910349726676941, "lr": 2e-05}
{"epoch": 3, "step": 1450, "loss": 0.6898489594459534, "lr": 2e-05}
{"epoch": 3, "step": 1500, "loss": 0.695328950881958, "lr": 2e-05}
{"epoch": 3, "step": 1550, "loss": 0.6921178102493286, "lr": 2e-05}
{"epoch": 3, "step": 1600, "loss": 0.6926375031471252, "lr": 2e-05}
{"epoch": 3, "step": 1650, "loss": 0.7022035121917725, "lr": 2e-05}
{"epoch": 3, "step": 1700, "loss": 0.6927274465560913, "lr": 2e-05}
{"epoch": 3, "step": 1750, "loss": 0.6936579942703247, "lr": 2e-05}
{"epoch": 3, "step": 1800, "loss": 0.6895493268966675, "lr": 2e-05}
{"epoch": 3, "step": 1850, "loss": 0.6931295990943909, "lr": 2e-05}
{"epoch": 3, "step": 1900, "loss": 0.6824213862419128, "lr": 2e-05}
{"epoch": 3, "step": 1950, "loss": 0.6898217797279358, "lr": 2e-05}
{"epoch": 3, "step": 2000, "loss": 0.6910754442214966, "lr": 2e-05}
{"epoch": 3, "step": 2050, "loss": 0.6969956755638123, "lr": 2e-05}
{"epoch": 3, "step": 2100, "loss": 0.6972979307174683, "lr": 2e-05}
{"epoch": 3, "step": 2150, "loss": 0.6957097053527832, "lr": 2e-05}
{"epoch": 3, "step": 2200, "loss": 0.6919833421707153, "lr": 2e-05}
{"epoch": 3, "step": 2250, "loss": 0.695237934589386, "lr": 2e-05}
{"epoch": 3, "step": 2300, "loss": 0.699400782585144, "lr": 2e-05}
{"epoch": 3, "step": 2350, "loss": 0.691921591758728, "lr": 2e-05}
{"epoch": 3, "step": 2400, "loss": 0.6754757761955261, "lr": 2e-05}
{"epoch": 3, "step": 2450, "loss": 0.691307008266449, "lr": 2e-05}
{"epoch": 3, "step": 2500, "loss": 0.6941601634025574, "lr": 2e-05}
{"epoch": 3, "step": 2550, "loss": 0.6942283511161804, "lr": 2e-05}
{"epoch": 3, "step": 2600, "loss": 0.6949077248573303, "lr": 2e-05}
{"epoch": 3, "step": 2650, "loss": 0.6917575001716614, "lr": 2e-05}
{"epoch": 3, "step": 2700, "loss": 0.6926992535591125, "lr": 2e-05}
{"epoch": 3, "step": 2750, "loss": 0.6945657134056091, "lr": 2e-05}
{"epoch": 3, "step": 2800, "loss": 0.6929795145988464, "lr": 2e-05}
{"epoch": 3, "step": 2850, "loss": 0.6924832463264465, "lr": 2e-05}
{"epoch": 3, "step": 2900, "loss": 0.692352831363678, "lr": 2e-05}
{"epoch": 3, "step": 2950, "loss": 0.692797839641571, "lr": 2e-05}
{"epoch": 3, "step": 3000, "loss": 0.7063233852386475, "lr": 2e-05}
{"epoch": 3, "step": 3050, "loss": 0.6936051249504089, "lr": 2e-05}
{"epoch": 3, "step": 3100, "loss": 0.6919755339622498, "lr": 2e-05}
{"epoch": 3, "step": 3150, "loss": 0.6874704360961914, "lr": 2e-05}
{"epoch": 3, "step": 3200, "loss": 0.693734347820282, "lr": 2e-05}
{"epoch": 3, "step": 3250, "loss": 0.6916584372520447, "lr": 2e-05}
{"epoch": 3, "step": 3300, "loss": 0.697591245174408, "lr": 2e-05}
{"epoch": 3, "step": 3350, "loss": 0.6702662110328674, "lr": 2e-05}
{"epoch": 3, "step": 3400, "loss": 0.6899003982543945, "lr": 2e-05}
{"epoch": 3, "step": 3450, "loss": 0.6941673755645752, "lr": 2e-05}
{"epoch": 3, "step": 3500, "loss": 0.6958264708518982, "lr": 2e-05}
{"epoch": 3, "step": 3550, "loss": 0.6929344534873962, "lr": 2e-05}
{"epoch": 3, "step": 3600, "loss": 0.692969560623169, "lr": 2e-05}
{"epoch": 3, "step": 3650, "loss": 0.6946294903755188, "lr": 2e-05}
{"epoch": 3, "step": 3700, "loss": 0.6932185888290405, "lr": 2e-05}
{"epoch": 3, "step": 3750, "loss": 0.6889610886573792, "lr": 2e-05}
{"epoch": 3, "step": 3800, "loss": 0.6931406855583191, "lr": 2e-05}
{"epoch": 3, "step": 3850, "loss": 0.6932753920555115, "lr": 2e-05}
{"epoch": 3, "step": 3900, "loss": 0.6985069513320923, "lr": 2e-05}
{"epoch": 3, "step": 3950, "loss": 0.6927601099014282, "lr": 2e-05}
{"epoch": 3, "step": 4000, "loss": 0.6928400993347168, "lr": 2e-05}
{"epoch": 3, "step": 4050, "loss": 0.6957167387008667, "lr": 2e-05}
{"epoch": 3, "step": 4100, "loss": 0.6928271651268005, "lr": 2e-05}
{"epoch": 3, "step": 4150, "loss": 0.6939136385917664, "lr": 2e-05}
{"epoch": 3, "step": 4200, "loss": 0.692904531955719, "lr": 2e-05}
{"epoch": 3, "step": 4250, "loss": 0.6971766352653503, "lr": 2e-05}
{"epoch": 3, "step": 4300, "loss": 0.692353367805481, "lr": 2e-05}
{"epoch": 3, "step": 4350, "loss": 0.6965102553367615, "lr": 2e-05}
{"epoch": 3, "step": 4400, "loss": 0.6841344237327576, "lr": 2e-05}
{"epoch": 3, "step": 4450, "loss": 0.6916907429695129, "lr": 2e-05}
{"epoch": 3, "step": 4500, "loss": 0.693393349647522, "lr": 2e-05}
{"epoch": 3, "step": 4550, "loss": 0.6916944980621338, "lr": 2e-05}
{"epoch": 3, "step": 4600, "loss": 0.6944218873977661, "lr": 2e-05}
{"epoch": 3, "step": 4650, "loss": 0.6979237794876099, "lr": 2e-05}
{"epoch": 3, "step": 4700, "loss": 0.6927820444107056, "lr": 2e-05}
{"epoch": 3, "step": 4750, "loss": 0.6869131326675415, "lr": 2e-05}
{"epoch": 3, "step": 4800, "loss": 0.694705605506897, "lr": 2e-05}
{"epoch": 3, "step": 4850, "loss": 0.6874407529830933, "lr": 2e-05}
{"epoch": 3, "step": 4900, "loss": 0.6897416710853577, "lr": 2e-05}
{"epoch": 3, "step": 4950, "loss": 0.6929292678833008, "lr": 2e-05}
{"epoch": 3, "step": 5000, "loss": 0.7123609185218811, "lr": 2e-05}
{"epoch": 3, "step": 5050, "loss": 0.6941996216773987, "lr": 2e-05}
{"epoch": 3, "step": 5100, "loss": 0.694908082485199, "lr": 2e-05}
{"epoch": 3, "step": 5150, "loss": 0.694031834602356, "lr": 2e-05}
{"epoch": 3, "step": 5200, "loss": 0.6922597885131836, "lr": 2e-05}
{"epoch": 3, "step": 5250, "loss": 0.6947829127311707, "lr": 2e-05}
{"epoch": 3, "step": 5300, "loss": 0.6920493841171265, "lr": 2e-05}
{"epoch": 3, "step": 5350, "loss": 0.6969373822212219, "lr": 2e-05}
{"epoch": 3, "step": 5400, "loss": 0.6946381330490112, "lr": 2e-05}
{"epoch": 3, "step": 5450, "loss": 0.6916698813438416, "lr": 2e-05}
{"epoch": 3, "step": 5500, "loss": 0.6896722912788391, "lr": 2e-05}
{"epoch": 3, "step": 5550, "loss": 0.6941105723381042, "lr": 2e-05}
{"epoch": 3, "step": 5600, "loss": 0.7046428918838501, "lr": 2e-05}
{"epoch": 3, "step": 5650, "loss": 0.6924798488616943, "lr": 2e-05}
{"epoch": 3, "step": 5700, "loss": 0.6920773386955261, "lr": 2e-05}
{"epoch": 3, "step": 5750, "loss": 0.6928009390830994, "lr": 2e-05}
{"epoch": 3, "step": 5800, "loss": 0.6940493583679199, "lr": 2e-05}
{"epoch": 3, "step": 5850, "loss": 0.6946346759796143, "lr": 2e-05}
{"epoch": 3, "step": 5900, "loss": 0.6899291276931763, "lr": 2e-05}
{"epoch": 3, "step": 5950, "loss": 0.703926146030426, "lr": 2e-05}
{"epoch": 3, "step": 6000, "loss": 0.6903679966926575, "lr": 2e-05}
{"epoch": 3, "step": 6050, "loss": 0.697293758392334, "lr": 2e-05}
{"epoch": 3, "step": 6100, "loss": 0.6929318308830261, "lr": 2e-05}
{"epoch": 3, "step": 6150, "loss": 0.688309907913208, "lr": 2e-05}
{"epoch": 3, "step": 6200, "loss": 0.6967978477478027, "lr": 2e-05}
{"epoch": 3, "step": 6250, "loss": 0.6935580372810364, "lr": 2e-05}
{"epoch": 3, "step": 6300, "loss": 0.6918396353721619, "lr": 2e-05}
{"epoch": 3, "step": 6350, "loss": 0.6883652210235596, "lr": 2e-05}
{"epoch": 3, "step": 6400, "loss": 0.6895220875740051, "lr": 2e-05}
{"epoch": 3, "step": 6450, "loss": 0.6944506764411926, "lr": 2e-05}
{"epoch": 3, "step": 6500, "loss": 0.6976084113121033, "lr": 2e-05}
{"epoch": 3, "step": 6550, "loss": 0.6933116316795349, "lr": 2e-05}
{"epoch": 3, "step": 6600, "loss": 0.6982487440109253, "lr": 2e-05}
{"epoch": 3, "step": 6650, "loss": 0.6874078512191772, "lr": 2e-05}
{"epoch": 3, "step": 6700, "loss": 0.7017031311988831, "lr": 2e-05}
{"epoch": 3, "step": 6750, "loss": 0.6922498345375061, "lr": 2e-05}
{"epoch": 3, "step": 6800, "loss": 0.69441157579422, "lr": 2e-05}
{"epoch": 3, "step": 6850, "loss": 0.6992270946502686, "lr": 2e-05}
{"epoch": 3, "step": 6900, "loss": 0.6943099498748779, "lr": 2e-05}
{"epoch": 3, "step": 6950, "loss": 0.6914542317390442, "lr": 2e-05}
{"epoch": 3, "step": 7000, "loss": 0.6872068643569946, "lr": 2e-05}
{"epoch": 3, "step": 7050, "loss": 0.6916183233261108, "lr": 2e-05}
{"epoch": 3, "step": 7100, "loss": 0.6881389617919922, "lr": 2e-05}
{"epoch": 3, "step": 7150, "loss": 0.6932191848754883, "lr": 2e-05}
{"epoch": 3, "step": 7200, "loss": 0.6926299333572388, "lr": 2e-05}
{"epoch": 3, "step": 7250, "loss": 0.681422233581543, "lr": 2e-05}
{"epoch": 3, "step": 7300, "loss": 0.6825016140937805, "lr": 2e-05}
{"epoch": 3, "step": 7350, "loss": 0.6901348233222961, "lr": 2e-05}
{"epoch": 3, "step": 7400, "loss": 0.701728343963623, "lr": 2e-05}
{"epoch": 3, "step": 7450, "loss": 0.6990769505500793, "lr": 2e-05}
{"epoch": 3, "step": 7500, "loss": 0.6935105323791504, "lr": 2e-05}
{"epoch": 3, "step": 7550, "loss": 0.6862043142318726, "lr": 2e-05}
{"epoch": 3, "step": 7600, "loss": 0.6942602396011353, "lr": 2e-05}
{"epoch": 3, "step": 7650, "loss": 0.6937201619148254, "lr": 2e-05}
{"epoch": 3, "step": 7700, "loss": 0.6941924691200256, "lr": 2e-05}
{"epoch": 3, "step": 7750, "loss": 0.6940438151359558, "lr": 2e-05}
{"epoch": 3, "step": 7800, "loss": 0.6959867477416992, "lr": 2e-05}
{"epoch": 3, "step": 7850, "loss": 0.6939490437507629, "lr": 2e-05}
{"epoch": 3, "step": 7900, "loss": 0.6963980197906494, "lr": 2e-05}
{"epoch": 3, "step": 7950, "loss": 0.6955564618110657, "lr": 2e-05}
{"epoch": 3, "step": 8000, "loss": 0.6954794526100159, "lr": 2e-05}
{"epoch": 3, "step": 8050, "loss": 0.6961595416069031, "lr": 2e-05}
{"epoch": 3, "step": 8100, "loss": 0.701710045337677, "lr": 2e-05}
{"epoch": 3, "step": 8150, "loss": 0.6932919025421143, "lr": 2e-05}
{"epoch": 3, "step": 8200, "loss": 0.693219006061554, "lr": 2e-05}
{"epoch": 3, "step": 8250, "loss": 0.6934338808059692, "lr": 2e-05}
{"epoch": 3, "step": 8300, "loss": 0.6904535889625549, "lr": 2e-05}
{"epoch": 3, "step": 8350, "loss": 0.6983941197395325, "lr": 2e-05}
{"epoch": 3, "step": 8400, "loss": 0.6937761306762695, "lr": 2e-05}
{"epoch": 3, "weighted_f1": 0.37606069732882624, "checkpoint": "/home/rishank/Projects/major project/Test/results/checkpoints/dnabert2_splitb_seed1_warmup0/epoch_03.pt"}
{"epoch": 4, "step": 1, "loss": 0.6929787397384644, "lr": 2e-05}
{"epoch": 4, "step": 50, "loss": 0.7003955841064453, "lr": 2e-05}
{"epoch": 4, "step": 100, "loss": 0.6958519816398621, "lr": 2e-05}
{"epoch": 4, "step": 150, "loss": 0.6918870210647583, "lr": 2e-05}
{"epoch": 4, "step": 200, "loss": 0.6960796117782593, "lr": 2e-05}
{"epoch": 4, "step": 250, "loss": 0.6874021291732788, "lr": 2e-05}
{"epoch": 4, "step": 300, "loss": 0.6886815428733826, "lr": 2e-05}
{"epoch": 4, "step": 350, "loss": 0.6897836923599243, "lr": 2e-05}
{"epoch": 4, "step": 400, "loss": 0.6853213310241699, "lr": 2e-05}
{"epoch": 4, "step": 450, "loss": 0.6810604333877563, "lr": 2e-05}
{"epoch": 4, "step": 500, "loss": 0.7021344900131226, "lr": 2e-05}
{"epoch": 4, "step": 550, "loss": 0.6927974224090576, "lr": 2e-05}
{"epoch": 4, "step": 600, "loss": 0.7084295749664307, "lr": 2e-05}
{"epoch": 4, "step": 650, "loss": 0.6952589154243469, "lr": 2e-05}
{"epoch": 4, "step": 700, "loss": 0.6891447305679321, "lr": 2e-05}
{"epoch": 4, "step": 750, "loss": 0.6918253302574158, "lr": 2e-05}
{"epoch": 4, "step": 800, "loss": 0.6936483383178711, "lr": 2e-05}
{"epoch": 4, "step": 850, "loss": 0.6893332600593567, "lr": 2e-05}
{"epoch": 4, "step": 900, "loss": 0.6911938786506653, "lr": 2e-05}
{"epoch": 4, "step": 950, "loss": 0.6982741951942444, "lr": 2e-05}
{"epoch": 4, "step": 1000, "loss": 0.6964355111122131, "lr": 2e-05}
{"epoch": 4, "step": 1050, "loss": 0.6915590763092041, "lr": 2e-05}
{"epoch": 4, "step": 1100, "loss": 0.6913900971412659, "lr": 2e-05}
{"epoch": 4, "step": 1150, "loss": 0.6922500133514404, "lr": 2e-05}
{"epoch": 4, "step": 1200, "loss": 0.6970053315162659, "lr": 2e-05}
{"epoch": 4, "step": 1250, "loss": 0.693837583065033, "lr": 2e-05}
{"epoch": 4, "step": 1300, "loss": 0.6909365057945251, "lr": 2e-05}
{"epoch": 4, "step": 1350, "loss": 0.6919858455657959, "lr": 2e-05}
{"epoch": 4, "step": 1400, "loss": 0.6925057768821716, "lr": 2e-05}
{"epoch": 4, "step": 1450, "loss": 0.6919240355491638, "lr": 2e-05}
{"epoch": 4, "step": 1500, "loss": 0.6908988952636719, "lr": 2e-05}
{"epoch": 4, "step": 1550, "loss": 0.6933636665344238, "lr": 2e-05}
{"epoch": 4, "step": 1600, "loss": 0.6895410418510437, "lr": 2e-05}
{"epoch": 4, "step": 1650, "loss": 0.6886456608772278, "lr": 2e-05}
{"epoch": 4, "step": 1700, "loss": 0.6889548301696777, "lr": 2e-05}
{"epoch": 4, "step": 1750, "loss": 0.6999967694282532, "lr": 2e-05}
{"epoch": 4, "step": 1800, "loss": 0.6936236619949341, "lr": 2e-05}
{"epoch": 4, "step": 1850, "loss": 0.7002249956130981, "lr": 2e-05}
{"epoch": 4, "step": 1900, "loss": 0.6923277378082275, "lr": 2e-05}
{"epoch": 4, "step": 1950, "loss": 0.6923829913139343, "lr": 2e-05}
{"epoch": 4, "step": 2000, "loss": 0.6932839155197144, "lr": 2e-05}
{"epoch": 4, "step": 2050, "loss": 0.6932018995285034, "lr": 2e-05}
{"epoch": 4, "step": 2100, "loss": 0.6896394491195679, "lr": 2e-05}
{"epoch": 4, "step": 2150, "loss": 0.6950763463973999, "lr": 2e-05}
{"epoch": 4, "step": 2200, "loss": 0.6925748586654663, "lr": 2e-05}
{"epoch": 4, "step": 2250, "loss": 0.6927704811096191, "lr": 2e-05}
{"epoch": 4, "step": 2300, "loss": 0.6946045160293579, "lr": 2e-05}
{"epoch": 4, "step": 2350, "loss": 0.6937178373336792, "lr": 2e-05}
{"epoch": 4, "step": 2400, "loss": 0.696083664894104, "lr": 2e-05}
{"epoch": 4, "step": 2450, "loss": 0.6871230602264404, "lr": 2e-05}
{"epoch": 4, "step": 2500, "loss": 0.6921429634094238, "lr": 2e-05}
{"epoch": 4, "step": 2550, "loss": 0.6927412748336792, "lr": 2e-05}
{"epoch": 4, "step": 2600, "loss": 0.6928836703300476, "lr": 2e-05}
{"epoch": 4, "step": 2650, "loss": 0.6993473172187805, "lr": 2e-05}
{"epoch": 4, "step": 2700, "loss": 0.6954528093338013, "lr": 2e-05}
{"epoch": 4, "step": 2750, "loss": 0.6944032907485962, "lr": 2e-05}
{"epoch": 4, "step": 2800, "loss": 0.69245445728302, "lr": 2e-05}
{"epoch": 4, "step": 2850, "loss": 0.696325421333313, "lr": 2e-05}
{"epoch": 4, "step": 2900, "loss": 0.6935235261917114, "lr": 2e-05}
{"epoch": 4, "step": 2950, "loss": 0.6886836886405945, "lr": 2e-05}
{"epoch": 4, "step": 3000, "loss": 0.6958532929420471, "lr": 2e-05}
{"epoch": 4, "step": 3050, "loss": 0.6922112703323364, "lr": 2e-05}
{"epoch": 4, "step": 3100, "loss": 0.6922944188117981, "lr": 2e-05}
{"epoch": 4, "step": 3150, "loss": 0.6937896013259888, "lr": 2e-05}
{"epoch": 4, "step": 3200, "loss": 0.6877259016036987, "lr": 2e-05}
{"epoch": 4, "step": 3250, "loss": 0.7025562524795532, "lr": 2e-05}
{"epoch": 4, "step": 3300, "loss": 0.6927652359008789, "lr": 2e-05}
{"epoch": 4, "step": 3350, "loss": 0.6926718950271606, "lr": 2e-05}
{"epoch": 4, "step": 3400, "loss": 0.701107382774353, "lr": 2e-05}
{"epoch": 4, "step": 3450, "loss": 0.6919729113578796, "lr": 2e-05}
{"epoch": 4, "step": 3500, "loss": 0.6951505541801453, "lr": 2e-05}
{"epoch": 4, "step": 3550, "loss": 0.6978068947792053, "lr": 2e-05}
{"epoch": 4, "step": 3600, "loss": 0.694797158241272, "lr": 2e-05}
{"epoch": 4, "step": 3650, "loss": 0.7079991698265076, "lr": 2e-05}
{"epoch": 4, "step": 3700, "loss": 0.6903669834136963, "lr": 2e-05}
{"epoch": 4, "step": 3750, "loss": 0.6976974606513977, "lr": 2e-05}
{"epoch": 4, "step": 3800, "loss": 0.6931223273277283, "lr": 2e-05}
{"epoch": 4, "step": 3850, "loss": 0.6945123672485352, "lr": 2e-05}
{"epoch": 4, "step": 3900, "loss": 0.6978932619094849, "lr": 2e-05}
{"epoch": 4, "step": 3950, "loss": 0.6933923363685608, "lr": 2e-05}
{"epoch": 4, "step": 4000, "loss": 0.6920389533042908, "lr": 2e-05}
{"epoch": 4, "step": 4050, "loss": 0.6961368918418884, "lr": 2e-05}
{"epoch": 4, "step": 4100, "loss": 0.695124626159668, "lr": 2e-05}
{"epoch": 4, "step": 4150, "loss": 0.6891494989395142, "lr": 2e-05}
{"epoch": 4, "step": 4200, "loss": 0.6867543458938599, "lr": 2e-05}
{"epoch": 4, "step": 4250, "loss": 0.6890905499458313, "lr": 2e-05}
{"epoch": 4, "step": 4300, "loss": 0.6859276294708252, "lr": 2e-05}
{"epoch": 4, "step": 4350, "loss": 0.7005318999290466, "lr": 2e-05}
{"epoch": 4, "step": 4400, "loss": 0.696347177028656, "lr": 2e-05}
{"epoch": 4, "step": 4450, "loss": 0.7051335573196411, "lr": 2e-05}
{"epoch": 4, "step": 4500, "loss": 0.693530797958374, "lr": 2e-05}
{"epoch": 4, "step": 4550, "loss": 0.6889455914497375, "lr": 2e-05}
{"epoch": 4, "step": 4600, "loss": 0.6973509788513184, "lr": 2e-05}
{"epoch": 4, "step": 4650, "loss": 0.6928961277008057, "lr": 2e-05}
{"epoch": 4, "step": 4700, "loss": 0.6951228380203247, "lr": 2e-05}
{"epoch": 4, "step": 4750, "loss": 0.6920341849327087, "lr": 2e-05}
{"epoch": 4, "step": 4800, "loss": 0.6902082562446594, "lr": 2e-05}
{"epoch": 4, "step": 4850, "loss": 0.6922358274459839, "lr": 2e-05}
{"epoch": 4, "step": 4900, "loss": 0.6922966837882996, "lr": 2e-05}
{"epoch": 4, "step": 4950, "loss": 0.6935977339744568, "lr": 2e-05}
{"epoch": 4, "step": 5000, "loss": 0.6929057836532593, "lr": 2e-05}
{"epoch": 4, "step": 5050, "loss": 0.6971796154975891, "lr": 2e-05}
{"epoch": 4, "step": 5100, "loss": 0.6923034191131592, "lr": 2e-05}
{"epoch": 4, "step": 5150, "loss": 0.693100094795227, "lr": 2e-05}
{"epoch": 4, "step": 5200, "loss": 0.6883181929588318, "lr": 2e-05}
{"epoch": 4, "step": 5250, "loss": 0.6939517259597778, "lr": 2e-05}
{"epoch": 4, "step": 5300, "loss": 0.6911333203315735, "lr": 2e-05}
{"epoch": 4, "step": 5350, "loss": 0.6884647011756897, "lr": 2e-05}
{"epoch": 4, "step": 5400, "loss": 0.6940198540687561, "lr": 2e-05}
{"epoch": 4, "step": 5450, "loss": 0.6911709904670715, "lr": 2e-05}
{"epoch": 4, "step": 5500, "loss": 0.6937302350997925, "lr": 2e-05}
{"epoch": 4, "step": 5550, "loss": 0.6952457427978516, "lr": 2e-05}
{"epoch": 4, "step": 5600, "loss": 0.6896977424621582, "lr": 2e-05}
{"epoch": 4, "step": 5650, "loss": 0.695330023765564, "lr": 2e-05}
{"epoch": 4, "step": 5700, "loss": 0.7013744115829468, "lr": 2e-05}
{"epoch": 4, "step": 5750, "loss": 0.686102569103241, "lr": 2e-05}
{"epoch": 4, "step": 5800, "loss": 0.6891810297966003, "lr": 2e-05}
{"epoch": 4, "step": 5850, "loss": 0.6933746933937073, "lr": 2e-05}
{"epoch": 4, "step": 5900, "loss": 0.69404137134552, "lr": 2e-05}
{"epoch": 4, "step": 5950, "loss": 0.6924586296081543, "lr": 2e-05}
{"epoch": 4, "step": 6000, "loss": 0.677371084690094, "lr": 2e-05}
{"epoch": 4, "step": 6050, "loss": 0.6950559616088867, "lr": 2e-05}
{"epoch": 4, "step": 6100, "loss": 0.6854283809661865, "lr": 2e-05}
{"epoch": 4, "step": 6150, "loss": 0.6965733170509338, "lr": 2e-05}
{"epoch": 4, "step": 6200, "loss": 0.692728579044342, "lr": 2e-05}
{"epoch": 4, "step": 6250, "loss": 0.7043527364730835, "lr": 2e-05}
{"epoch": 4, "step": 6300, "loss": 0.6898357272148132, "lr": 2e-05}
{"epoch": 4, "step": 6350, "loss": 0.6986506581306458, "lr": 2e-05}
{"epoch": 4, "step": 6400, "loss": 0.6922513842582703, "lr": 2e-05}
{"epoch": 4, "step": 6450, "loss": 0.6973137259483337, "lr": 2e-05}
{"epoch": 4, "step": 6500, "loss": 0.6931086182594299, "lr": 2e-05}
{"epoch": 4, "step": 6550, "loss": 0.6973304748535156, "lr": 2e-05}
{"epoch": 4, "step": 6600, "loss": 0.6925836205482483, "lr": 2e-05}
{"epoch": 4, "step": 6650, "loss": 0.6925757527351379, "lr": 2e-05}
{"epoch": 4, "step": 6700, "loss": 0.7067632079124451, "lr": 2e-05}
{"epoch": 4, "step": 6750, "loss": 0.6928476691246033, "lr": 2e-05}
{"epoch": 4, "step": 6800, "loss": 0.692234218120575, "lr": 2e-05}
{"epoch": 4, "step": 6850, "loss": 0.6946283578872681, "lr": 2e-05}
{"epoch": 4, "step": 6900, "loss": 0.6907719373703003, "lr": 2e-05}
{"epoch": 4, "step": 6950, "loss": 0.6913194060325623, "lr": 2e-05}
{"epoch": 4, "step": 7000, "loss": 0.6934415102005005, "lr": 2e-05}
{"epoch": 4, "step": 7050, "loss": 0.6914879083633423, "lr": 2e-05}
{"epoch": 4, "step": 7100, "loss": 0.6918037533760071, "lr": 2e-05}
{"epoch": 4, "step": 7150, "loss": 0.6942310333251953, "lr": 2e-05}
{"epoch": 4, "step": 7200, "loss": 0.69915372133255, "lr": 2e-05}
{"epoch": 4, "step": 7250, "loss": 0.6940816044807434, "lr": 2e-05}
{"epoch": 4, "step": 7300, "loss": 0.7031991481781006, "lr": 2e-05}
{"epoch": 4, "step": 7350, "loss": 0.6921108365058899, "lr": 2e-05}
{"epoch": 4, "step": 7400, "loss": 0.698695182800293, "lr": 2e-05}
{"epoch": 4, "step": 7450, "loss": 0.6923978328704834, "lr": 2e-05}
{"epoch": 4, "step": 7500, "loss": 0.685664176940918, "lr": 2e-05}
{"epoch": 4, "step": 7550, "loss": 0.6910675168037415, "lr": 2e-05}
{"epoch": 4, "step": 7600, "loss": 0.6887732148170471, "lr": 2e-05}
{"epoch": 4, "step": 7650, "loss": 0.6951207518577576, "lr": 2e-05}
{"epoch": 4, "step": 7700, "loss": 0.6935260891914368, "lr": 2e-05}
{"epoch": 4, "step": 7750, "loss": 0.6971480846405029, "lr": 2e-05}
{"epoch": 4, "step": 7800, "loss": 0.6946201920509338, "lr": 2e-05}
{"epoch": 4, "step": 7850, "loss": 0.6947165131568909, "lr": 2e-05}
{"epoch": 4, "step": 7900, "loss": 0.6887248754501343, "lr": 2e-05}
{"epoch": 4, "step": 7950, "loss": 0.7131088376045227, "lr": 2e-05}
{"epoch": 4, "step": 8000, "loss": 0.6936584115028381, "lr": 2e-05}
{"epoch": 4, "step": 8050, "loss": 0.6977147459983826, "lr": 2e-05}
{"epoch": 4, "step": 8100, "loss": 0.6914152503013611, "lr": 2e-05}
{"epoch": 4, "step": 8150, "loss": 0.6934289336204529, "lr": 2e-05}
{"epoch": 4, "step": 8200, "loss": 0.690817654132843, "lr": 2e-05}
{"epoch": 4, "step": 8250, "loss": 0.6934105157852173, "lr": 2e-05}
{"epoch": 4, "step": 8300, "loss": 0.690406084060669, "lr": 2e-05}
{"epoch": 4, "step": 8350, "loss": 0.6948644518852234, "lr": 2e-05}
{"epoch": 4, "step": 8400, "loss": 0.6928367614746094, "lr": 2e-05}
{"epoch": 4, "weighted_f1": 0.2922928346839532, "checkpoint": "/home/rishank/Projects/major project/Test/results/checkpoints/dnabert2_splitb_seed1_warmup0/epoch_04.pt"}
{"epoch": 5, "step": 1, "loss": 0.6976996660232544, "lr": 2e-05}
{"epoch": 5, "step": 50, "loss": 0.6998095512390137, "lr": 2e-05}
{"epoch": 5, "step": 100, "loss": 0.6966457962989807, "lr": 2e-05}
{"epoch": 5, "step": 150, "loss": 0.6882516741752625, "lr": 2e-05}
{"epoch": 5, "step": 200, "loss": 0.6930736899375916, "lr": 2e-05}
{"epoch": 5, "step": 250, "loss": 0.6977660655975342, "lr": 2e-05}
{"epoch": 5, "step": 300, "loss": 0.6951698660850525, "lr": 2e-05}
{"epoch": 5, "step": 350, "loss": 0.6936774849891663, "lr": 2e-05}
{"epoch": 5, "step": 400, "loss": 0.6927882432937622, "lr": 2e-05}
{"epoch": 5, "step": 450, "loss": 0.6949644684791565, "lr": 2e-05}
{"epoch": 5, "step": 500, "loss": 0.694001317024231, "lr": 2e-05}
{"epoch": 5, "step": 550, "loss": 0.6947034001350403, "lr": 2e-05}
{"epoch": 5, "step": 600, "loss": 0.6907351613044739, "lr": 2e-05}
{"epoch": 5, "step": 650, "loss": 0.6950762867927551, "lr": 2e-05}
{"epoch": 5, "step": 700, "loss": 0.6937078237533569, "lr": 2e-05}
{"epoch": 5, "step": 750, "loss": 0.6946335434913635, "lr": 2e-05}
{"epoch": 5, "step": 800, "loss": 0.6904872059822083, "lr": 2e-05}
{"epoch": 5, "step": 850, "loss": 0.6896531581878662, "lr": 2e-05}
{"epoch": 5, "step": 900, "loss": 0.6996247172355652, "lr": 2e-05}
{"epoch": 5, "step": 950, "loss": 0.6925790905952454, "lr": 2e-05}
{"epoch": 5, "step": 1000, "loss": 0.6930732727050781, "lr": 2e-05}
{"epoch": 5, "step": 1050, "loss": 0.6959649920463562, "lr": 2e-05}
{"epoch": 5, "step": 1100, "loss": 0.6947173476219177, "lr": 2e-05}
{"epoch": 5, "step": 1150, "loss": 0.6931552290916443, "lr": 2e-05}
{"epoch": 5, "step": 1200, "loss": 0.6962496042251587, "lr": 2e-05}
{"epoch": 5, "step": 1250, "loss": 0.6967483758926392, "lr": 2e-05}
{"epoch": 5, "step": 1300, "loss": 0.690322756767273, "lr": 2e-05}
{"epoch": 5, "step": 1350, "loss": 0.6991947889328003, "lr": 2e-05}
{"epoch": 5, "step": 1400, "loss": 0.692745566368103, "lr": 2e-05}
{"epoch": 5, "step": 1450, "loss": 0.6861228346824646, "lr": 2e-05}
{"epoch": 5, "step": 1500, "loss": 0.7029350399971008, "lr": 2e-05}
{"epoch": 5, "step": 1550, "loss": 0.6859467029571533, "lr": 2e-05}
{"epoch": 5, "step": 1600, "loss": 0.6894651055335999, "lr": 2e-05}
{"epoch": 5, "step": 1650, "loss": 0.6845357418060303, "lr": 2e-05}
{"epoch": 5, "step": 1700, "loss": 0.6881026029586792, "lr": 2e-05}
{"epoch": 5, "step": 1750, "loss": 0.6825010180473328, "lr": 2e-05}
{"epoch": 5, "step": 1800, "loss": 0.6895951628684998, "lr": 2e-05}
{"epoch": 5, "step": 1850, "loss": 0.6935706734657288, "lr": 2e-05}
{"epoch": 5, "step": 1900, "loss": 0.6938201189041138, "lr": 2e-05}
{"epoch": 5, "step": 1950, "loss": 0.6921083927154541, "lr": 2e-05}
{"epoch": 5, "step": 2000, "loss": 0.6874394416809082, "lr": 2e-05}
{"epoch": 5, "step": 2050, "loss": 0.6941394209861755, "lr": 2e-05}
{"epoch": 5, "step": 2100, "loss": 0.6938559412956238, "lr": 2e-05}
{"epoch": 5, "step": 2150, "loss": 0.6981465816497803, "lr": 2e-05}
{"epoch": 5, "step": 2200, "loss": 0.6923088431358337, "lr": 2e-05}
{"epoch": 5, "step": 2250, "loss": 0.699164867401123, "lr": 2e-05}
{"epoch": 5, "step": 2300, "loss": 0.6914200186729431, "lr": 2e-05}
{"epoch": 5, "step": 2350, "loss": 0.6867613792419434, "lr": 2e-05}
{"epoch": 5, "step": 2400, "loss": 0.6925704479217529, "lr": 2e-05}
{"epoch": 5, "step": 2450, "loss": 0.6899897456169128, "lr": 2e-05}
{"epoch": 5, "step": 2500, "loss": 0.6930617094039917, "lr": 2e-05}
{"epoch": 5, "step": 2550, "loss": 0.6878028512001038, "lr": 2e-05}
{"epoch": 5, "step": 2600, "loss": 0.6853950619697571, "lr": 2e-05}
{"epoch": 5, "step": 2650, "loss": 0.6915106177330017, "lr": 2e-05}
{"epoch": 5, "step": 2700, "loss": 0.7048770189285278, "lr": 2e-05}
{"epoch": 5, "step": 2750, "loss": 0.7010236382484436, "lr": 2e-05}
{"epoch": 5, "step": 2800, "loss": 0.6889212131500244, "lr": 2e-05}
{"epoch": 5, "step": 2850, "loss": 0.690767765045166, "lr": 2e-05}
{"epoch": 5, "step": 2900, "loss": 0.6954859495162964, "lr": 2e-05}
{"epoch": 5, "step": 2950, "loss": 0.6951828598976135, "lr": 2e-05}
{"epoch": 5, "step": 3000, "loss": 0.6943329572677612, "lr": 2e-05}
{"epoch": 5, "step": 3050, "loss": 0.6890690326690674, "lr": 2e-05}
{"epoch": 5, "step": 3100, "loss": 0.6922434568405151, "lr": 2e-05}
{"epoch": 5, "step": 3150, "loss": 0.6872263550758362, "lr": 2e-05}
{"epoch": 5, "step": 3200, "loss": 0.6783636212348938, "lr": 2e-05}
{"epoch": 5, "step": 3250, "loss": 0.694851815700531, "lr": 2e-05}
{"epoch": 5, "step": 3300, "loss": 0.6999549865722656, "lr": 2e-05}
{"epoch": 5, "step": 3350, "loss": 0.694137692451477, "lr": 2e-05}
{"epoch": 5, "step": 3400, "loss": 0.69134521484375, "lr": 2e-05}
{"epoch": 5, "step": 3450, "loss": 0.6948381066322327, "lr": 2e-05}
{"epoch": 5, "step": 3500, "loss": 0.6986754536628723, "lr": 2e-05}
{"epoch": 5, "step": 3550, "loss": 0.6913946866989136, "lr": 2e-05}
{"epoch": 5, "step": 3600, "loss": 0.6910213232040405, "lr": 2e-05}
{"epoch": 5, "step": 3650, "loss": 0.7014103531837463, "lr": 2e-05}
{"epoch": 5, "step": 3700, "loss": 0.6928545236587524, "lr": 2e-05}
{"epoch": 5, "step": 3750, "loss": 0.6928679347038269, "lr": 2e-05}
{"epoch": 5, "step": 3800, "loss": 0.6938632726669312, "lr": 2e-05}
{"epoch": 5, "step": 3850, "loss": 0.6925415992736816, "lr": 2e-05}
{"epoch": 5, "step": 3900, "loss": 0.6957464218139648, "lr": 2e-05}
{"epoch": 5, "step": 3950, "loss": 0.6931419968605042, "lr": 2e-05}
{"epoch": 5, "step": 4000, "loss": 0.6986889243125916, "lr": 2e-05}
{"epoch": 5, "step": 4050, "loss": 0.6936010122299194, "lr": 2e-05}
{"epoch": 5, "step": 4100, "loss": 0.6935918927192688, "lr": 2e-05}
{"epoch": 5, "step": 4150, "loss": 0.6939247846603394, "lr": 2e-05}
{"epoch": 5, "step": 4200, "loss": 0.6896056532859802, "lr": 2e-05}
{"epoch": 5, "step": 4250, "loss": 0.6881833672523499, "lr": 2e-05}
{"epoch": 5, "step": 4300, "loss": 0.692528247833252, "lr": 2e-05}
{"epoch": 5, "step": 4350, "loss": 0.6876160502433777, "lr": 2e-05}
{"epoch": 5, "step": 4400, "loss": 0.7061561942100525, "lr": 2e-05}
{"epoch": 5, "step": 4450, "loss": 0.6914913654327393, "lr": 2e-05}
{"epoch": 5, "step": 4500, "loss": 0.6922342777252197, "lr": 2e-05}
{"epoch": 5, "step": 4550, "loss": 0.6972768902778625, "lr": 2e-05}
{"epoch": 5, "step": 4600, "loss": 0.6903084516525269, "lr": 2e-05}
{"epoch": 5, "step": 4650, "loss": 0.6922814249992371, "lr": 2e-05}
{"epoch": 5, "step": 4700, "loss": 0.6865658760070801, "lr": 2e-05}
{"epoch": 5, "step": 4750, "loss": 0.6866774559020996, "lr": 2e-05}
{"epoch": 5, "step": 4800, "loss": 0.6914559602737427, "lr": 2e-05}
{"epoch": 5, "step": 4850, "loss": 0.6907860040664673, "lr": 2e-05}
{"epoch": 5, "step": 4900, "loss": 0.6904195547103882, "lr": 2e-05}
{"epoch": 5, "step": 4950, "loss": 0.7007011771202087, "lr": 2e-05}
{"epoch": 5, "step": 5000, "loss": 0.6972418427467346, "lr": 2e-05}
{"epoch": 5, "step": 5050, "loss": 0.6937832236289978, "lr": 2e-05}
{"epoch": 5, "step": 5100, "loss": 0.6926697492599487, "lr": 2e-05}
{"epoch": 5, "step": 5150, "loss": 0.6932710409164429, "lr": 2e-05}
{"epoch": 5, "step": 5200, "loss": 0.6922770738601685, "lr": 2e-05}
{"epoch": 5, "step": 5250, "loss": 0.6957868337631226, "lr": 2e-05}
{"epoch": 5, "step": 5300, "loss": 0.6943159103393555, "lr": 2e-05}
{"epoch": 5, "step": 5350, "loss": 0.7005206346511841, "lr": 2e-05}
{"epoch": 5, "step": 5400, "loss": 0.701768696308136, "lr": 2e-05}
{"epoch": 5, "step": 5450, "loss": 0.702591598033905, "lr": 2e-05}
{"epoch": 5, "step": 5500, "loss": 0.6943237781524658, "lr": 2e-05}
{"epoch": 5, "step": 5550, "loss": 0.6964768171310425, "lr": 2e-05}
{"epoch": 5, "step": 5600, "loss": 0.6881396174430847, "lr": 2e-05}
{"epoch": 5, "step": 5650, "loss": 0.6920585632324219, "lr": 2e-05}
{"epoch": 5, "step": 5700, "loss": 0.6909734010696411, "lr": 2e-05}
{"epoch": 5, "step": 5750, "loss": 0.6951674818992615, "lr": 2e-05}
{"epoch": 5, "step": 5800, "loss": 0.6887762546539307, "lr": 2e-05}
{"epoch": 5, "step": 5850, "loss": 0.6885830163955688, "lr": 2e-05}
{"epoch": 5, "step": 5900, "loss": 0.6950434446334839, "lr": 2e-05}
{"epoch": 5, "step": 5950, "loss": 0.691127359867096, "lr": 2e-05}
{"epoch": 5, "step": 6000, "loss": 0.6931731104850769, "lr": 2e-05}
{"epoch": 5, "step": 6050, "loss": 0.6933792233467102, "lr": 2e-05}
{"epoch": 5, "step": 6100, "loss": 0.6960568428039551, "lr": 2e-05}
{"epoch": 5, "step": 6150, "loss": 0.6967307329177856, "lr": 2e-05}
{"epoch": 5, "step": 6200, "loss": 0.6923863291740417, "lr": 2e-05}
{"epoch": 5, "step": 6250, "loss": 0.6923415660858154, "lr": 2e-05}
{"epoch": 5, "step": 6300, "loss": 0.6941828727722168, "lr": 2e-05}
{"epoch": 5, "step": 6350, "loss": 0.699795663356781, "lr": 2e-05}
{"epoch": 5, "step": 6400, "loss": 0.691624104976654, "lr": 2e-05}
{"epoch": 5, "step": 6450, "loss": 0.6957789659500122, "lr": 2e-05}
{"epoch": 5, "step": 6500, "loss": 0.691457986831665, "lr": 2e-05}
{"epoch": 5, "step": 6550, "loss": 0.6934294700622559, "lr": 2e-05}
{"epoch": 5, "step": 6600, "loss": 0.6943836808204651, "lr": 2e-05}
{"epoch": 5, "step": 6650, "loss": 0.7073954939842224, "lr": 2e-05}
{"epoch": 5, "step": 6700, "loss": 0.70042884349823, "lr": 2e-05}
{"epoch": 5, "step": 6750, "loss": 0.6920254230499268, "lr": 2e-05}
{"epoch": 5, "step": 6800, "loss": 0.6907135844230652, "lr": 2e-05}
{"epoch": 5, "step": 6850, "loss": 0.6933619379997253, "lr": 2e-05}
{"epoch": 5, "step": 6900, "loss": 0.6940539479255676, "lr": 2e-05}
{"epoch": 5, "step": 6950, "loss": 0.6955605149269104, "lr": 2e-05}
{"epoch": 5, "step": 7000, "loss": 0.6908013820648193, "lr": 2e-05}
{"epoch": 5, "step": 7050, "loss": 0.6940450668334961, "lr": 2e-05}
{"epoch": 5, "step": 7100, "loss": 0.6910228729248047, "lr": 2e-05}
{"epoch": 5, "step": 7150, "loss": 0.6974249482154846, "lr": 2e-05}
{"epoch": 5, "step": 7200, "loss": 0.7085080742835999, "lr": 2e-05}
{"epoch": 5, "step": 7250, "loss": 0.6852087378501892, "lr": 2e-05}
{"epoch": 5, "step": 7300, "loss": 0.6957591772079468, "lr": 2e-05}
{"epoch": 5, "step": 7350, "loss": 0.6902713179588318, "lr": 2e-05}
{"epoch": 5, "step": 7400, "loss": 0.6870107650756836, "lr": 2e-05}
{"epoch": 5, "step": 7450, "loss": 0.6801588535308838, "lr": 2e-05}
{"epoch": 5, "step": 7500, "loss": 0.6978803277015686, "lr": 2e-05}
{"epoch": 5, "step": 7550, "loss": 0.6938356161117554, "lr": 2e-05}
{"epoch": 5, "step": 7600, "loss": 0.694633424282074, "lr": 2e-05}
{"epoch": 5, "step": 7650, "loss": 0.6926857829093933, "lr": 2e-05}
{"epoch": 5, "step": 7700, "loss": 0.6887815594673157, "lr": 2e-05}
{"epoch": 5, "step": 7750, "loss": 0.6981106400489807, "lr": 2e-05}
{"epoch": 5, "step": 7800, "loss": 0.6972880363464355, "lr": 2e-05}
{"epoch": 5, "step": 7850, "loss": 0.6932083368301392, "lr": 2e-05}
{"epoch": 5, "step": 7900, "loss": 0.6923863291740417, "lr": 2e-05}
{"epoch": 5, "step": 7950, "loss": 0.698782205581665, "lr": 2e-05}
{"epoch": 5, "step": 8000, "loss": 0.6907124519348145, "lr": 2e-05}
{"epoch": 5, "step": 8050, "loss": 0.7006064653396606, "lr": 2e-05}
{"epoch": 5, "step": 8100, "loss": 0.680925190448761, "lr": 2e-05}
{"epoch": 5, "step": 8150, "loss": 0.6772593259811401, "lr": 2e-05}
{"epoch": 5, "step": 8200, "loss": 0.6989530324935913, "lr": 2e-05}
{"epoch": 5, "step": 8250, "loss": 0.6788850426673889, "lr": 2e-05}
{"epoch": 5, "step": 8300, "loss": 0.6943356394767761, "lr": 2e-05}
{"epoch": 5, "step": 8350, "loss": 0.7065619230270386, "lr": 2e-05}
{"epoch": 5, "step": 8400, "loss": 0.706146240234375, "lr": 2e-05}
{"epoch": 5, "weighted_f1": 0.2922928346839532, "checkpoint": "/home/rishank/Projects/major project/Test/results/checkpoints/dnabert2_splitb_seed1_warmup0/epoch_05.pt"}
{"epoch": 6, "step": 1, "loss": 0.6927525401115417, "lr": 2e-05}
{"epoch": 6, "step": 50, "loss": 0.6928247809410095, "lr": 2e-05}
{"epoch": 6, "step": 100, "loss": 0.6930521726608276, "lr": 2e-05}
{"epoch": 6, "step": 150, "loss": 0.6915241479873657, "lr": 2e-05}
{"epoch": 6, "step": 200, "loss": 0.6934298276901245, "lr": 2e-05}
{"epoch": 6, "step": 250, "loss": 0.6938905715942383, "lr": 2e-05}
{"epoch": 6, "step": 300, "loss": 0.7058049440383911, "lr": 2e-05}
{"epoch": 6, "step": 350, "loss": 0.6952423453330994, "lr": 2e-05}
{"epoch": 6, "step": 400, "loss": 0.6918059587478638, "lr": 2e-05}
{"epoch": 6, "step": 450, "loss": 0.694948136806488, "lr": 2e-05}
{"epoch": 6, "step": 500, "loss": 0.6929884552955627, "lr": 2e-05}
{"epoch": 6, "step": 550, "loss": 0.6918672323226929, "lr": 2e-05}
{"epoch": 6, "step": 600, "loss": 0.7018848061561584, "lr": 2e-05}
{"epoch": 6, "step": 650, "loss": 0.6918463706970215, "lr": 2e-05}
{"epoch": 6, "step": 700, "loss": 0.6961451768875122, "lr": 2e-05}
{"epoch": 6, "step": 750, "loss": 0.6932956576347351, "lr": 2e-05}
{"epoch": 6, "step": 800, "loss": 0.6909686923027039, "lr": 2e-05}
{"epoch": 6, "step": 850, "loss": 0.6886950135231018, "lr": 2e-05}
{"epoch": 6, "step": 900, "loss": 0.6961683034896851, "lr": 2e-05}
{"epoch": 6, "step": 950, "loss": 0.6930032968521118, "lr": 2e-05}
{"epoch": 6, "step": 1000, "loss": 0.6993642449378967, "lr": 2e-05}
{"epoch": 6, "step": 1050, "loss": 0.695475161075592, "lr": 2e-05}
{"epoch": 6, "step": 1100, "loss": 0.6908722519874573, "lr": 2e-05}
{"epoch": 6, "step": 1150, "loss": 0.6933509707450867, "lr": 2e-05}
{"epoch": 6, "step": 1200, "loss": 0.6931048631668091, "lr": 2e-05}
{"epoch": 6, "step": 1250, "loss": 0.6939220428466797, "lr": 2e-05}
{"epoch": 6, "step": 1300, "loss": 0.6898455619812012, "lr": 2e-05}
{"epoch": 6, "step": 1350, "loss": 0.6978353261947632, "lr": 2e-05}
{"epoch": 6, "step": 1400, "loss": 0.6932103037834167, "lr": 2e-05}
{"epoch": 6, "step": 1450, "loss": 0.6946872472763062, "lr": 2e-05}
{"epoch": 6, "step": 1500, "loss": 0.6942020058631897, "lr": 2e-05}
{"epoch": 6, "step": 1550, "loss": 0.691458523273468, "lr": 2e-05}
{"epoch": 6, "step": 1600, "loss": 0.6931596398353577, "lr": 2e-05}
{"epoch": 6, "step": 1650, "loss": 0.6933125853538513, "lr": 2e-05}
{"epoch": 6, "step": 1700, "loss": 0.6901870965957642, "lr": 2e-05}
{"epoch": 6, "step": 1750, "loss": 0.6894592046737671, "lr": 2e-05}
{"epoch": 6, "step": 1800, "loss": 0.6968852877616882, "lr": 2e-05}
{"epoch": 6, "step": 1850, "loss": 0.6949387192726135, "lr": 2e-05}
{"epoch": 6, "step": 1900, "loss": 0.6945900917053223, "lr": 2e-05}
{"epoch": 6, "step": 1950, "loss": 0.6967934370040894, "lr": 2e-05}
{"epoch": 6, "step": 2000, "loss": 0.7004814743995667, "lr": 2e-05}
{"epoch": 6, "step": 2050, "loss": 0.6938230395317078, "lr": 2e-05}
{"epoch": 6, "step": 2100, "loss": 0.6948224902153015, "lr": 2e-05}
{"epoch": 6, "step": 2150, "loss": 0.6917838454246521, "lr": 2e-05}
{"epoch": 6, "step": 2200, "loss": 0.6925116777420044, "lr": 2e-05}
{"epoch": 6, "step": 2250, "loss": 0.6966443061828613, "lr": 2e-05}
{"epoch": 6, "step": 2300, "loss": 0.6966784000396729, "lr": 2e-05}
{"epoch": 6, "step": 2350, "loss": 0.6963383555412292, "lr": 2e-05}
{"epoch": 6, "step": 2400, "loss": 0.6967830657958984, "lr": 2e-05}
{"epoch": 6, "step": 2450, "loss": 0.6950514912605286, "lr": 2e-05}
{"epoch": 6, "step": 2500, "loss": 0.6942808628082275, "lr": 2e-05}
{"epoch": 6, "step": 2550, "loss": 0.6962520480155945, "lr": 2e-05}
{"epoch": 6, "step": 2600, "loss": 0.6923357844352722, "lr": 2e-05}
{"epoch": 6, "step": 2650, "loss": 0.6915742754936218, "lr": 2e-05}
{"epoch": 6, "step": 2700, "loss": 0.692879855632782, "lr": 2e-05}
{"epoch": 6, "step": 2750, "loss": 0.6914576888084412, "lr": 2e-05}
{"epoch": 6, "step": 2800, "loss": 0.6845433712005615, "lr": 2e-05}
{"epoch": 6, "step": 2850, "loss": 0.6918652057647705, "lr": 2e-05}
{"epoch": 6, "step": 2900, "loss": 0.6899148225784302, "lr": 2e-05}
{"epoch": 6, "step": 2950, "loss": 0.6935093402862549, "lr": 2e-05}
{"epoch": 6, "step": 3000, "loss": 0.6913192868232727, "lr": 2e-05}
{"epoch": 6, "step": 3050, "loss": 0.6915298700332642, "lr": 2e-05}
{"epoch": 6, "step": 3100, "loss": 0.6867237091064453, "lr": 2e-05}
{"epoch": 6, "step": 3150, "loss": 0.6881744861602783, "lr": 2e-05}
{"epoch": 6, "step": 3200, "loss": 0.6956759095191956, "lr": 2e-05}
{"epoch": 6, "step": 3250, "loss": 0.69082111120224, "lr": 2e-05}
{"epoch": 6, "step": 3300, "loss": 0.6929818987846375, "lr": 2e-05}
{"epoch": 6, "step": 3350, "loss": 0.6941630244255066, "lr": 2e-05}
{"epoch": 6, "step": 3400, "loss": 0.6883023977279663, "lr": 2e-05}
{"epoch": 6, "step": 3450, "loss": 0.6925552487373352, "lr": 2e-05}
{"epoch": 6, "step": 3500, "loss": 0.6877394318580627, "lr": 2e-05}
{"epoch": 6, "step": 3550, "loss": 0.6873950362205505, "lr": 2e-05}
{"epoch": 6, "step": 3600, "loss": 0.6945900321006775, "lr": 2e-05}
{"epoch": 6, "step": 3650, "loss": 0.6944512128829956, "lr": 2e-05}
{"epoch": 6, "step": 3700, "loss": 0.6955389976501465, "lr": 2e-05}
{"epoch": 6, "step": 3750, "loss": 0.6920104622840881, "lr": 2e-05}
{"epoch": 6, "step": 3800, "loss": 0.6919450759887695, "lr": 2e-05}
{"epoch": 6, "step": 3850, "loss": 0.692581832408905, "lr": 2e-05}
{"epoch": 6, "step": 3900, "loss": 0.6920414566993713, "lr": 2e-05}
{"epoch": 6, "step": 3950, "loss": 0.69419926404953, "lr": 2e-05}
{"epoch": 6, "step": 4000, "loss": 0.6973639726638794, "lr": 2e-05}
{"epoch": 6, "step": 4050, "loss": 0.695124089717865, "lr": 2e-05}
{"epoch": 6, "step": 4100, "loss": 0.6960787177085876, "lr": 2e-05}
{"epoch": 6, "step": 4150, "loss": 0.6951341032981873, "lr": 2e-05}
{"epoch": 6, "step": 4200, "loss": 0.6929823160171509, "lr": 2e-05}
{"epoch": 6, "step": 4250, "loss": 0.6923885345458984, "lr": 2e-05}
{"epoch": 6, "step": 4300, "loss": 0.6939532160758972, "lr": 2e-05}
{"epoch": 6, "step": 4350, "loss": 0.6920256018638611, "lr": 2e-05}
{"epoch": 6, "step": 4400, "loss": 0.6966140866279602, "lr": 2e-05}
{"epoch": 6, "step": 4450, "loss": 0.690631628036499, "lr": 2e-05}
{"epoch": 6, "step": 4500, "loss": 0.6891751289367676, "lr": 2e-05}
{"epoch": 6, "step": 4550, "loss": 0.693431556224823, "lr": 2e-05}
{"epoch": 6, "step": 4600, "loss": 0.700948178768158, "lr": 2e-05}
{"epoch": 6, "step": 4650, "loss": 0.6931619048118591, "lr": 2e-05}
{"epoch": 6, "step": 4700, "loss": 0.6899912357330322, "lr": 2e-05}
{"epoch": 6, "step": 4750, "loss": 0.6961420178413391, "lr": 2e-05}
{"epoch": 6, "step": 4800, "loss": 0.6937929391860962, "lr": 2e-05}
{"epoch": 6, "step": 4850, "loss": 0.694726824760437, "lr": 2e-05}
{"epoch": 6, "step": 4900, "loss": 0.6926503777503967, "lr": 2e-05}
{"epoch": 6, "step": 4950, "loss": 0.6919184327125549, "lr": 2e-05}
{"epoch": 6, "step": 5000, "loss": 0.6909178495407104, "lr": 2e-05}
{"epoch": 6, "step": 5050, "loss": 0.6916612982749939, "lr": 2e-05}
{"epoch": 6, "step": 5100, "loss": 0.6928695440292358, "lr": 2e-05}
{"epoch": 6, "step": 5150, "loss": 0.6931269764900208, "lr": 2e-05}
{"epoch": 6, "step": 5200, "loss": 0.6935996413230896, "lr": 2e-05}
{"epoch": 6, "step": 5250, "loss": 0.6945447325706482, "lr": 2e-05}
{"epoch": 6, "step": 5300, "loss": 0.6948878765106201, "lr": 2e-05}
{"epoch": 6, "step": 5350, "loss": 0.6915578246116638, "lr": 2e-05}
{"epoch": 6, "step": 5400, "loss": 0.697224497795105, "lr": 2e-05}
{"epoch": 6, "step": 5450, "loss": 0.6948211789131165, "lr": 2e-05}
{"epoch": 6, "step": 5500, "loss": 0.6955710053443909, "lr": 2e-05}
{"epoch": 6, "step": 5550, "loss": 0.6891143321990967, "lr": 2e-05}
{"epoch": 6, "step": 5600, "loss": 0.6801444888114929, "lr": 2e-05}
{"epoch": 6, "step": 5650, "loss": 0.6950263977050781, "lr": 2e-05}
{"epoch": 6, "step": 5700, "loss": 0.6908061504364014, "lr": 2e-05}
{"epoch": 6, "step": 5750, "loss": 0.6909040808677673, "lr": 2e-05}
{"epoch": 6, "step": 5800, "loss": 0.6870729327201843, "lr": 2e-05}
{"epoch": 6, "step": 5850, "loss": 0.6926045417785645, "lr": 2e-05}
{"epoch": 6, "step": 5900, "loss": 0.6923426389694214, "lr": 2e-05}
{"epoch": 6, "step": 5950, "loss": 0.6922958493232727, "lr": 2e-05}
{"epoch": 6, "step": 6000, "loss": 0.6931015253067017, "lr": 2e-05}
{"epoch": 6, "step": 6050, "loss": 0.6935914158821106, "lr": 2e-05}
{"epoch": 6, "step": 6100, "loss": 0.6936599016189575, "lr": 2e-05}
{"epoch": 6, "step": 6150, "loss": 0.6908969879150391, "lr": 2e-05}
{"epoch": 6, "step": 6200, "loss": 0.6984813213348389, "lr": 2e-05}
{"epoch": 6, "step": 6250, "loss": 0.6998695731163025, "lr": 2e-05}
{"epoch": 6, "step": 6300, "loss": 0.6927706003189087, "lr": 2e-05}
{"epoch": 6, "step": 6350, "loss": 0.6914038062095642, "lr": 2e-05}
{"epoch": 6, "step": 6400, "loss": 0.6957492232322693, "lr": 2e-05}
{"epoch": 6, "step": 6450, "loss": 0.6986079812049866, "lr": 2e-05}
{"epoch": 6, "step": 6500, "loss": 0.691583514213562, "lr": 2e-05}
{"epoch": 6, "step": 6550, "loss": 0.7008687257766724, "lr": 2e-05}
{"epoch": 6, "step": 6600, "loss": 0.6935610175132751, "lr": 2e-05}
{"epoch": 6, "step": 6650, "loss": 0.6925445795059204, "lr": 2e-05}
{"epoch": 6, "step": 6700, "loss": 0.6986196637153625, "lr": 2e-05}
{"epoch": 6, "step": 6750, "loss": 0.6920285224914551, "lr": 2e-05}
{"epoch": 6, "step": 6800, "loss": 0.6932122111320496, "lr": 2e-05}
{"epoch": 6, "step": 6850, "loss": 0.6940224766731262, "lr": 2e-05}
{"epoch": 6, "step": 6900, "loss": 0.6951563954353333, "lr": 2e-05}
{"epoch": 6, "step": 6950, "loss": 0.6892143487930298, "lr": 2e-05}
{"epoch": 6, "step": 7000, "loss": 0.6980530023574829, "lr": 2e-05}
{"epoch": 6, "step": 7050, "loss": 0.6957119703292847, "lr": 2e-05}
{"epoch": 6, "step": 7100, "loss": 0.6936954259872437, "lr": 2e-05}
{"epoch": 6, "step": 7150, "loss": 0.6912004351615906, "lr": 2e-05}
{"epoch": 6, "step": 7200, "loss": 0.6945124864578247, "lr": 2e-05}
{"epoch": 6, "step": 7250, "loss": 0.6917057037353516, "lr": 2e-05}
{"epoch": 6, "step": 7300, "loss": 0.6927751302719116, "lr": 2e-05}
{"epoch": 6, "step": 7350, "loss": 0.6922953128814697, "lr": 2e-05}
{"epoch": 6, "step": 7400, "loss": 0.6931036710739136, "lr": 2e-05}
{"epoch": 6, "step": 7450, "loss": 0.6929230690002441, "lr": 2e-05}
{"epoch": 6, "step": 7500, "loss": 0.684204638004303, "lr": 2e-05}
{"epoch": 6, "step": 7550, "loss": 0.6928569078445435, "lr": 2e-05}
{"epoch": 6, "step": 7600, "loss": 0.6950240135192871, "lr": 2e-05}
{"epoch": 6, "step": 7650, "loss": 0.6935253739356995, "lr": 2e-05}
{"epoch": 6, "step": 7700, "loss": 0.6928073167800903, "lr": 2e-05}
{"epoch": 6, "step": 7750, "loss": 0.6926055550575256, "lr": 2e-05}
{"epoch": 6, "step": 7800, "loss": 0.6941040754318237, "lr": 2e-05}
{"epoch": 6, "step": 7850, "loss": 0.6938154697418213, "lr": 2e-05}
{"epoch": 6, "step": 7900, "loss": 0.6925842761993408, "lr": 2e-05}
{"epoch": 6, "step": 7950, "loss": 0.6924004554748535, "lr": 2e-05}
{"epoch": 6, "step": 8000, "loss": 0.6923888921737671, "lr": 2e-05}
{"epoch": 6, "step": 8050, "loss": 0.6871022582054138, "lr": 2e-05}
{"epoch": 6, "step": 8100, "loss": 0.6921472549438477, "lr": 2e-05}
{"epoch": 6, "step": 8150, "loss": 0.6917341351509094, "lr": 2e-05}
{"epoch": 6, "step": 8200, "loss": 0.7028481364250183, "lr": 2e-05}
{"epoch": 6, "step": 8250, "loss": 0.6932131052017212, "lr": 2e-05}
{"epoch": 6, "step": 8300, "loss": 0.6980382800102234, "lr": 2e-05}
{"epoch": 6, "step": 8350, "loss": 0.6961836218833923, "lr": 2e-05}
{"epoch": 6, "step": 8400, "loss": 0.7057656049728394, "lr": 2e-05}
{"epoch": 6, "weighted_f1": 0.37606069732882624, "checkpoint": "/home/rishank/Projects/major project/Test/results/checkpoints/dnabert2_splitb_seed1_warmup0/epoch_06.pt"}
{"epoch": 7, "step": 1, "loss": 0.6967352032661438, "lr": 2e-05}
{"epoch": 7, "step": 50, "loss": 0.692588210105896, "lr": 2e-05}
{"epoch": 7, "step": 100, "loss": 0.69382643699646, "lr": 2e-05}
{"epoch": 7, "step": 150, "loss": 0.6930569410324097, "lr": 2e-05}
{"epoch": 7, "step": 200, "loss": 0.6896547079086304, "lr": 2e-05}
{"epoch": 7, "step": 250, "loss": 0.6966003775596619, "lr": 2e-05}
{"epoch": 7, "step": 300, "loss": 0.6929045915603638, "lr": 2e-05}
{"epoch": 7, "step": 350, "loss": 0.6940860152244568, "lr": 2e-05}
{"epoch": 7, "step": 400, "loss": 0.6944800615310669, "lr": 2e-05}
{"epoch": 7, "step": 450, "loss": 0.6933276057243347, "lr": 2e-05}
{"epoch": 7, "step": 500, "loss": 0.6960116624832153, "lr": 2e-05}
{"epoch": 7, "step": 550, "loss": 0.6945822238922119, "lr": 2e-05}
{"epoch": 7, "step": 600, "loss": 0.6925104856491089, "lr": 2e-05}
{"epoch": 7, "step": 650, "loss": 0.6933794021606445, "lr": 2e-05}
{"epoch": 7, "step": 700, "loss": 0.6856776475906372, "lr": 2e-05}
{"epoch": 7, "step": 750, "loss": 0.691494882106781, "lr": 2e-05}
{"epoch": 7, "step": 800, "loss": 0.6973808407783508, "lr": 2e-05}
{"epoch": 7, "step": 850, "loss": 0.6881598234176636, "lr": 2e-05}
{"epoch": 7, "step": 900, "loss": 0.6889882683753967, "lr": 2e-05}
{"epoch": 7, "step": 950, "loss": 0.6983290910720825, "lr": 2e-05}
{"epoch": 7, "step": 1000, "loss": 0.6928090453147888, "lr": 2e-05}
{"epoch": 7, "step": 1050, "loss": 0.6931726336479187, "lr": 2e-05}
{"epoch": 7, "step": 1100, "loss": 0.6932673454284668, "lr": 2e-05}
{"epoch": 7, "step": 1150, "loss": 0.6928367614746094, "lr": 2e-05}
{"epoch": 7, "step": 1200, "loss": 0.6934788823127747, "lr": 2e-05}
{"epoch": 7, "step": 1250, "loss": 0.6927351951599121, "lr": 2e-05}
{"epoch": 7, "step": 1300, "loss": 0.6919187903404236, "lr": 2e-05}
{"epoch": 7, "step": 1350, "loss": 0.6913933157920837, "lr": 2e-05}
{"epoch": 7, "step": 1400, "loss": 0.6976442933082581, "lr": 2e-05}
{"epoch": 7, "step": 1450, "loss": 0.7027270793914795, "lr": 2e-05}
{"epoch": 7, "step": 1500, "loss": 0.6890646815299988, "lr": 2e-05}
{"epoch": 7, "step": 1550, "loss": 0.6934438943862915, "lr": 2e-05}
{"epoch": 7, "step": 1600, "loss": 0.6941502094268799, "lr": 2e-05}
{"epoch": 7, "step": 1650, "loss": 0.6932987570762634, "lr": 2e-05}
{"epoch": 7, "step": 1700, "loss": 0.6899918913841248, "lr": 2e-05}
{"epoch": 7, "step": 1750, "loss": 0.6891949772834778, "lr": 2e-05}
{"epoch": 7, "step": 1800, "loss": 0.6955718398094177, "lr": 2e-05}
{"epoch": 7, "step": 1850, "loss": 0.6829754114151001, "lr": 2e-05}
{"epoch": 7, "step": 1900, "loss": 0.6918617486953735, "lr": 2e-05}
{"epoch": 7, "step": 1950, "loss": 0.6945317387580872, "lr": 2e-05}
{"epoch": 7, "step": 2000, "loss": 0.6930036544799805, "lr": 2e-05}
{"epoch": 7, "step": 2050, "loss": 0.6909703612327576, "lr": 2e-05}
{"epoch": 7, "step": 2100, "loss": 0.6871572136878967, "lr": 2e-05}
{"epoch": 7, "step": 2150, "loss": 0.7009815573692322, "lr": 2e-05}
{"epoch": 7, "step": 2200, "loss": 0.6879926919937134, "lr": 2e-05}
{"epoch": 7, "step": 2250, "loss": 0.6934648156166077, "lr": 2e-05}
{"epoch": 7, "step": 2300, "loss": 0.6925547122955322, "lr": 2e-05}
{"epoch": 7, "step": 2350, "loss": 0.6902474761009216, "lr": 2e-05}
{"epoch": 7, "step": 2400, "loss": 0.6907826066017151, "lr": 2e-05}
{"epoch": 7, "step": 2450, "loss": 0.6916394233703613, "lr": 2e-05}
{"epoch": 7, "step": 2500, "loss": 0.6931758522987366, "lr": 2e-05}
{"epoch": 7, "step": 2550, "loss": 0.6932094693183899, "lr": 2e-05}
{"epoch": 7, "step": 2600, "loss": 0.6933274269104004, "lr": 2e-05}
{"epoch": 7, "step": 2650, "loss": 0.6983177065849304, "lr": 2e-05}
{"epoch": 7, "step": 2700, "loss": 0.6930570006370544, "lr": 2e-05}
{"epoch": 7, "step": 2750, "loss": 0.7006998062133789, "lr": 2e-05}
{"epoch": 7, "step": 2800, "loss": 0.6910620331764221, "lr": 2e-05}
{"epoch": 7, "step": 2850, "loss": 0.6939939260482788, "lr": 2e-05}
{"epoch": 7, "step": 2900, "loss": 0.690281867980957, "lr": 2e-05}
{"epoch": 7, "step": 2950, "loss": 0.690630316734314, "lr": 2e-05}
{"epoch": 7, "step": 3000, "loss": 0.6903000473976135, "lr": 2e-05}
{"epoch": 7, "step": 3050, "loss": 0.6885587573051453, "lr": 2e-05}
{"epoch": 7, "step": 3100, "loss": 0.6873000264167786, "lr": 2e-05}
{"epoch": 7, "step": 3150, "loss": 0.6963005661964417, "lr": 2e-05}
{"epoch": 7, "step": 3200, "loss": 0.6942070126533508, "lr": 2e-05}
{"epoch": 7, "step": 3250, "loss": 0.6943047046661377, "lr": 2e-05}
{"epoch": 7, "step": 3300, "loss": 0.695418655872345, "lr": 2e-05}
{"epoch": 7, "step": 3350, "loss": 0.6937150359153748, "lr": 2e-05}
{"epoch": 7, "step": 3400, "loss": 0.6919019222259521, "lr": 2e-05}
{"epoch": 7, "step": 3450, "loss": 0.68165123462677, "lr": 2e-05}
{"epoch": 7, "step": 3500, "loss": 0.6975790858268738, "lr": 2e-05}
{"epoch": 7, "step": 3550, "loss": 0.6928519010543823, "lr": 2e-05}
{"epoch": 7, "step": 3600, "loss": 0.6958744525909424, "lr": 2e-05}
{"epoch": 7, "step": 3650, "loss": 0.6946703791618347, "lr": 2e-05}
{"epoch": 7, "step": 3700, "loss": 0.6941444277763367, "lr": 2e-05}
{"epoch": 7, "step": 3750, "loss": 0.7237193584442139, "lr": 2e-05}
{"epoch": 7, "step": 3800, "loss": 0.6891552805900574, "lr": 2e-05}
{"epoch": 7, "step": 3850, "loss": 0.6999616622924805, "lr": 2e-05}
{"epoch": 7, "step": 3900, "loss": 0.6903719305992126, "lr": 2e-05}
{"epoch": 7, "step": 3950, "loss": 0.6921659111976624, "lr": 2e-05}
{"epoch": 7, "step": 4000, "loss": 0.6903002262115479, "lr": 2e-05}
{"epoch": 7, "step": 4050, "loss": 0.706229567527771, "lr": 2e-05}
{"epoch": 7, "step": 4100, "loss": 0.6981755495071411, "lr": 2e-05}
{"epoch": 7, "step": 4150, "loss": 0.6898854374885559, "lr": 2e-05}
{"epoch": 7, "step": 4200, "loss": 0.6937205195426941, "lr": 2e-05}
{"epoch": 7, "step": 4250, "loss": 0.6978536248207092, "lr": 2e-05}
{"epoch": 7, "step": 4300, "loss": 0.6937790513038635, "lr": 2e-05}
{"epoch": 7, "step": 4350, "loss": 0.6902683973312378, "lr": 2e-05}
{"epoch": 7, "step": 4400, "loss": 0.6914569735527039, "lr": 2e-05}
{"epoch": 7, "step": 4450, "loss": 0.6920929551124573, "lr": 2e-05}
{"epoch": 7, "step": 4500, "loss": 0.7007654905319214, "lr": 2e-05}
{"epoch": 7, "step": 4550, "loss": 0.6935749053955078, "lr": 2e-05}
{"epoch": 7, "step": 4600, "loss": 0.6954128742218018, "lr": 2e-05}
{"epoch": 7, "step": 4650, "loss": 0.6926081776618958, "lr": 2e-05}
{"epoch": 7, "step": 4700, "loss": 0.6937273144721985, "lr": 2e-05}
{"epoch": 7, "step": 4750, "loss": 0.6937556266784668, "lr": 2e-05}
{"epoch": 7, "step": 4800, "loss": 0.6972974538803101, "lr": 2e-05}
{"epoch": 7, "step": 4850, "loss": 0.6920944452285767, "lr": 2e-05}
{"epoch": 7, "step": 4900, "loss": 0.6925210952758789, "lr": 2e-05}
{"epoch": 7, "step": 4950, "loss": 0.6938584446907043, "lr": 2e-05}
{"epoch": 7, "step": 5000, "loss": 0.6983304619789124, "lr": 2e-05}
{"epoch": 7, "step": 5050, "loss": 0.6914005279541016, "lr": 2e-05}
{"epoch": 7, "step": 5100, "loss": 0.6923975944519043, "lr": 2e-05}
{"epoch": 7, "step": 5150, "loss": 0.6917257905006409, "lr": 2e-05}
{"epoch": 7, "step": 5200, "loss": 0.6897637248039246, "lr": 2e-05}
{"epoch": 7, "step": 5250, "loss": 0.6940376162528992, "lr": 2e-05}
{"epoch": 7, "step": 5300, "loss": 0.6902373433113098, "lr": 2e-05}
{"epoch": 7, "step": 5350, "loss": 0.6916974186897278, "lr": 2e-05}
{"epoch": 7, "step": 5400, "loss": 0.6938179731369019, "lr": 2e-05}
{"epoch": 7, "step": 5450, "loss": 0.6832225322723389, "lr": 2e-05}
{"epoch": 7, "step": 5500, "loss": 0.6878805756568909, "lr": 2e-05}
{"epoch": 7, "step": 5550, "loss": 0.6859477162361145, "lr": 2e-05}
{"epoch": 7, "step": 5600, "loss": 0.6920820474624634, "lr": 2e-05}
{"epoch": 7, "step": 5650, "loss": 0.6882877349853516, "lr": 2e-05}
{"epoch": 7, "step": 5700, "loss": 0.6974133849143982, "lr": 2e-05}
{"epoch": 7, "step": 5750, "loss": 0.6905482411384583, "lr": 2e-05}
{"epoch": 7, "step": 5800, "loss": 0.6929193139076233, "lr": 2e-05}
{"epoch": 7, "step": 5850, "loss": 0.6945677399635315, "lr": 2e-05}
{"epoch": 7, "step": 5900, "loss": 0.6944286823272705, "lr": 2e-05}
{"epoch": 7, "step": 5950, "loss": 0.6935592889785767, "lr": 2e-05}
{"epoch": 7, "step": 6000, "loss": 0.6933222413063049, "lr": 2e-05}
{"epoch": 7, "step": 6050, "loss": 0.6906766891479492, "lr": 2e-05}
{"epoch": 7, "step": 6100, "loss": 0.694335401058197, "lr": 2e-05}
{"epoch": 7, "step": 6150, "loss": 0.6889939308166504, "lr": 2e-05}
{"epoch": 7, "step": 6200, "loss": 0.6892651319503784, "lr": 2e-05}
{"epoch": 7, "step": 6250, "loss": 0.6935713291168213, "lr": 2e-05}
{"epoch": 7, "step": 6300, "loss": 0.6875196695327759, "lr": 2e-05}
{"epoch": 7, "step": 6350, "loss": 0.6927335262298584, "lr": 2e-05}
{"epoch": 7, "step": 6400, "loss": 0.6882295608520508, "lr": 2e-05}
{"epoch": 7, "step": 6450, "loss": 0.693019688129425, "lr": 2e-05}
{"epoch": 7, "step": 6500, "loss": 0.6936995983123779, "lr": 2e-05}
{"epoch": 7, "step": 6550, "loss": 0.6924402713775635, "lr": 2e-05}
{"epoch": 7, "step": 6600, "loss": 0.6879267692565918, "lr": 2e-05}
{"epoch": 7, "step": 6650, "loss": 0.6953735947608948, "lr": 2e-05}
{"epoch": 7, "step": 6700, "loss": 0.6987919807434082, "lr": 2e-05}
{"epoch": 7, "step": 6750, "loss": 0.6920750141143799, "lr": 2e-05}
{"epoch": 7, "step": 6800, "loss": 0.6951988339424133, "lr": 2e-05}
{"epoch": 7, "step": 6850, "loss": 0.6870210766792297, "lr": 2e-05}
{"epoch": 7, "step": 6900, "loss": 0.6926007866859436, "lr": 2e-05}
{"epoch": 7, "step": 6950, "loss": 0.6925531029701233, "lr": 2e-05}
{"epoch": 7, "step": 7000, "loss": 0.6916907429695129, "lr": 2e-05}
{"epoch": 7, "step": 7050, "loss": 0.6944571733474731, "lr": 2e-05}
{"epoch": 7, "step": 7100, "loss": 0.692666232585907, "lr": 2e-05}
{"epoch": 7, "step": 7150, "loss": 0.689899742603302, "lr": 2e-05}
{"epoch": 7, "step": 7200, "loss": 0.698063313961029, "lr": 2e-05}
{"epoch": 7, "step": 7250, "loss": 0.6920569539070129, "lr": 2e-05}
{"epoch": 7, "step": 7300, "loss": 0.6922491788864136, "lr": 2e-05}
{"epoch": 7, "step": 7350, "loss": 0.6932277679443359, "lr": 2e-05}
{"epoch": 7, "step": 7400, "loss": 0.6946842074394226, "lr": 2e-05}
{"epoch": 7, "step": 7450, "loss": 0.6930408477783203, "lr": 2e-05}
{"epoch": 7, "step": 7500, "loss": 0.6945224404335022, "lr": 2e-05}
{"epoch": 7, "step": 7550, "loss": 0.6927266716957092, "lr": 2e-05}
{"epoch": 7, "step": 7600, "loss": 0.6905474662780762, "lr": 2e-05}
{"epoch": 7, "step": 7650, "loss": 0.687195360660553, "lr": 2e-05}
{"epoch": 7, "step": 7700, "loss": 0.6958082318305969, "lr": 2e-05}
{"epoch": 7, "step": 7750, "loss": 0.6946347951889038, "lr": 2e-05}
{"epoch": 7, "step": 7800, "loss": 0.692020058631897, "lr": 2e-05}
{"epoch": 7, "step": 7850, "loss": 0.7039712071418762, "lr": 2e-05}
{"epoch": 7, "step": 7900, "loss": 0.6921069025993347, "lr": 2e-05}
{"epoch": 7, "step": 7950, "loss": 0.6942586898803711, "lr": 2e-05}
{"epoch": 7, "step": 8000, "loss": 0.6826907992362976, "lr": 2e-05}
{"epoch": 7, "step": 8050, "loss": 0.7077521085739136, "lr": 2e-05}
{"epoch": 7, "step": 8100, "loss": 0.6931472420692444, "lr": 2e-05}
{"epoch": 7, "step": 8150, "loss": 0.6924647092819214, "lr": 2e-05}
{"epoch": 7, "step": 8200, "loss": 0.6988136768341064, "lr": 2e-05}
{"epoch": 7, "step": 8250, "loss": 0.6872496008872986, "lr": 2e-05}
{"epoch": 7, "step": 8300, "loss": 0.6930034756660461, "lr": 2e-05}
{"epoch": 7, "step": 8350, "loss": 0.6926358938217163, "lr": 2e-05}
{"epoch": 7, "step": 8400, "loss": 0.6975356340408325, "lr": 2e-05}
{"epoch": 7, "weighted_f1": 0.2922928346839532, "checkpoint": "/home/rishank/Projects/major project/Test/results/checkpoints/dnabert2_splitb_seed1_warmup0/epoch_07.pt"}
{"epoch": 8, "step": 1, "loss": 0.6933395266532898, "lr": 2e-05}
{"epoch": 8, "step": 50, "loss": 0.6936513781547546, "lr": 2e-05}
{"epoch": 8, "step": 100, "loss": 0.6954993009567261, "lr": 2e-05}
{"epoch": 8, "step": 150, "loss": 0.6917300224304199, "lr": 2e-05}
{"epoch": 8, "step": 200, "loss": 0.6767542958259583, "lr": 2e-05}
{"epoch": 8, "step": 250, "loss": 0.6907761693000793, "lr": 2e-05}
{"epoch": 8, "step": 300, "loss": 0.6855030059814453, "lr": 2e-05}
{"epoch": 8, "step": 350, "loss": 0.6997524499893188, "lr": 2e-05}
{"epoch": 8, "step": 400, "loss": 0.6924764513969421, "lr": 2e-05}
{"epoch": 8, "step": 450, "loss": 0.6901963353157043, "lr": 2e-05}
{"epoch": 8, "step": 500, "loss": 0.6922505497932434, "lr": 2e-05}
{"epoch": 8, "step": 550, "loss": 0.6896016597747803, "lr": 2e-05}
{"epoch": 8, "step": 600, "loss": 0.6957979202270508, "lr": 2e-05}
{"epoch": 8, "step": 650, "loss": 0.6923646330833435, "lr": 2e-05}
{"epoch": 8, "step": 700, "loss": 0.694694459438324, "lr": 2e-05}
{"epoch": 8, "step": 750, "loss": 0.6948655843734741, "lr": 2e-05}
{"epoch": 8, "step": 800, "loss": 0.6925183534622192, "lr": 2e-05}
{"epoch": 8, "step": 850, "loss": 0.6920536756515503, "lr": 2e-05}
{"epoch": 8, "step": 900, "loss": 0.6949589252471924, "lr": 2e-05}
{"epoch": 8, "step": 950, "loss": 0.6898010969161987, "lr": 2e-05}
{"epoch": 8, "step": 1000, "loss": 0.703062891960144, "lr": 2e-05}
{"epoch": 8, "step": 1050, "loss": 0.7143247723579407, "lr": 2e-05}
{"epoch": 8, "step": 1100, "loss": 0.6934249997138977, "lr": 2e-05}
{"epoch": 8, "step": 1150, "loss": 0.6868362426757812, "lr": 2e-05}
{"epoch": 8, "step": 1200, "loss": 0.694497287273407, "lr": 2e-05}
{"epoch": 8, "step": 1250, "loss": 0.6991855502128601, "lr": 2e-05}
{"epoch": 8, "step": 1300, "loss": 0.7026314735412598, "lr": 2e-05}
{"epoch": 8, "step": 1350, "loss": 0.6962978839874268, "lr": 2e-05}
{"epoch": 8, "step": 1400, "loss": 0.6922248601913452, "lr": 2e-05}
{"epoch": 8, "step": 1450, "loss": 0.6923818588256836, "lr": 2e-05}
{"epoch": 8, "step": 1500, "loss": 0.6947868466377258, "lr": 2e-05}
{"epoch": 8, "step": 1550, "loss": 0.6922646760940552, "lr": 2e-05}
{"epoch": 8, "step": 1600, "loss": 0.6968609094619751, "lr": 2e-05}
{"epoch": 8, "step": 1650, "loss": 0.7018722891807556, "lr": 2e-05}
{"epoch": 8, "step": 1700, "loss": 0.6941620111465454, "lr": 2e-05}
{"epoch": 8, "step": 1750, "loss": 0.6954163908958435, "lr": 2e-05}
{"epoch": 8, "step": 1800, "loss": 0.6861035227775574, "lr": 2e-05}
{"epoch": 8, "step": 1850, "loss": 0.6988006830215454, "lr": 2e-05}
{"epoch": 8, "step": 1900, "loss": 0.6949856281280518, "lr": 2e-05}
{"epoch": 8, "step": 1950, "loss": 0.6919512748718262, "lr": 2e-05}
{"epoch": 8, "step": 2000, "loss": 0.6887450814247131, "lr": 2e-05}
{"epoch": 8, "step": 2050, "loss": 0.6994901895523071, "lr": 2e-05}
{"epoch": 8, "step": 2100, "loss": 0.6900082230567932, "lr": 2e-05}
{"epoch": 8, "step": 2150, "loss": 0.6989177465438843, "lr": 2e-05}
{"epoch": 8, "step": 2200, "loss": 0.7042450904846191, "lr": 2e-05}
{"epoch": 8, "step": 2250, "loss": 0.694252610206604, "lr": 2e-05}
{"epoch": 8, "step": 2300, "loss": 0.6928050518035889, "lr": 2e-05}
{"epoch": 8, "step": 2350, "loss": 0.6932543516159058, "lr": 2e-05}
{"epoch": 8, "step": 2400, "loss": 0.6962089538574219, "lr": 2e-05}
{"epoch": 8, "step": 2450, "loss": 0.6944386959075928, "lr": 2e-05}
{"epoch": 8, "step": 2500, "loss": 0.6932163834571838, "lr": 2e-05}
{"epoch": 8, "step": 2550, "loss": 0.6939761638641357, "lr": 2e-05}
{"epoch": 8, "step": 2600, "loss": 0.6987853646278381, "lr": 2e-05}
{"epoch": 8, "step": 2650, "loss": 0.685820996761322, "lr": 2e-05}
{"epoch": 8, "step": 2700, "loss": 0.6867419481277466, "lr": 2e-05}
{"epoch": 8, "step": 2750, "loss": 0.6921106576919556, "lr": 2e-05}
{"epoch": 8, "step": 2800, "loss": 0.6894698739051819, "lr": 2e-05}
{"epoch": 8, "step": 2850, "loss": 0.6932345628738403, "lr": 2e-05}
{"epoch": 8, "step": 2900, "loss": 0.6932913661003113, "lr": 2e-05}
{"epoch": 8, "step": 2950, "loss": 0.6921521425247192, "lr": 2e-05}
{"epoch": 8, "step": 3000, "loss": 0.6934455633163452, "lr": 2e-05}
{"epoch": 8, "step": 3050, "loss": 0.6944835782051086, "lr": 2e-05}
{"epoch": 8, "step": 3100, "loss": 0.700201690196991, "lr": 2e-05}
{"epoch": 8, "step": 3150, "loss": 0.6889074444770813, "lr": 2e-05}
{"epoch": 8, "step": 3200, "loss": 0.6925824880599976, "lr": 2e-05}
{"epoch": 8, "step": 3250, "loss": 0.6900274157524109, "lr": 2e-05}
{"epoch": 8, "step": 3300, "loss": 0.6937178373336792, "lr": 2e-05}
{"epoch": 8, "step": 3350, "loss": 0.6929256319999695, "lr": 2e-05}
{"epoch": 8, "step": 3400, "loss": 0.699926495552063, "lr": 2e-05}
{"epoch": 8, "step": 3450, "loss": 0.6888377070426941, "lr": 2e-05}
{"epoch": 8, "step": 3500, "loss": 0.6919640302658081, "lr": 2e-05}
{"epoch": 8, "step": 3550, "loss": 0.6947716474533081, "lr": 2e-05}
{"epoch": 8, "step": 3600, "loss": 0.6929932832717896, "lr": 2e-05}
{"epoch": 8, "step": 3650, "loss": 0.6905370950698853, "lr": 2e-05}
{"epoch": 8, "step": 3700, "loss": 0.692541241645813, "lr": 2e-05}
{"epoch": 8, "step": 3750, "loss": 0.693402111530304, "lr": 2e-05}
{"epoch": 8, "step": 3800, "loss": 0.6883882284164429, "lr": 2e-05}
{"epoch": 8, "step": 3850, "loss": 0.6928388476371765, "lr": 2e-05}
{"epoch": 8, "step": 3900, "loss": 0.6889631152153015, "lr": 2e-05}
{"epoch": 8, "step": 3950, "loss": 0.6866445541381836, "lr": 2e-05}
{"epoch": 8, "step": 4000, "loss": 0.6914371848106384, "lr": 2e-05}
{"epoch": 8, "step": 4050, "loss": 0.6958388090133667, "lr": 2e-05}
{"epoch": 8, "step": 4100, "loss": 0.694506049156189, "lr": 2e-05}
{"epoch": 8, "step": 4150, "loss": 0.6904416084289551, "lr": 2e-05}
{"epoch": 8, "step": 4200, "loss": 0.6952798366546631, "lr": 2e-05}
{"epoch": 8, "step": 4250, "loss": 0.683901309967041, "lr": 2e-05}
{"epoch": 8, "step": 4300, "loss": 0.6916062831878662, "lr": 2e-05}
{"epoch": 8, "step": 4350, "loss": 0.6887401342391968, "lr": 2e-05}
{"epoch": 8, "step": 4400, "loss": 0.6925601959228516, "lr": 2e-05}
{"epoch": 8, "step": 4450, "loss": 0.6930062770843506, "lr": 2e-05}
{"epoch": 8, "step": 4500, "loss": 0.6946709156036377, "lr": 2e-05}
{"epoch": 8, "step": 4550, "loss": 0.6923923492431641, "lr": 2e-05}
{"epoch": 8, "step": 4600, "loss": 0.6941012144088745, "lr": 2e-05}
{"epoch": 8, "step": 4650, "loss": 0.6944496035575867, "lr": 2e-05}
{"epoch": 8, "step": 4700, "loss": 0.6902164220809937, "lr": 2e-05}
{"epoch": 8, "step": 4750, "loss": 0.6956322193145752, "lr": 2e-05}
{"epoch": 8, "step": 4800, "loss": 0.691499650478363, "lr": 2e-05}
{"epoch": 8, "step": 4850, "loss": 0.7021968364715576, "lr": 2e-05}
{"epoch": 8, "step": 4900, "loss": 0.6931111216545105, "lr": 2e-05}
{"epoch": 8, "step": 4950, "loss": 0.6952785849571228, "lr": 2e-05}
{"epoch": 8, "step": 5000, "loss": 0.6976392269134521, "lr": 2e-05}
{"epoch": 8, "step": 5050, "loss": 0.6893564462661743, "lr": 2e-05}
{"epoch": 8, "step": 5100, "loss": 0.694500744342804, "lr": 2e-05}
{"epoch": 8, "step": 5150, "loss": 0.6911987066268921, "lr": 2e-05}
{"epoch": 8, "step": 5200, "loss": 0.6934801340103149, "lr": 2e-05}
{"epoch": 8, "step": 5250, "loss": 0.6942648887634277, "lr": 2e-05}
{"epoch": 8, "step": 5300, "loss": 0.6924397349357605, "lr": 2e-05}
{"epoch": 8, "step": 5350, "loss": 0.6932947635650635, "lr": 2e-05}
{"epoch": 8, "step": 5400, "loss": 0.7040738463401794, "lr": 2e-05}
{"epoch": 8, "step": 5450, "loss": 0.6935760974884033, "lr": 2e-05}
{"epoch": 8, "step": 5500, "loss": 0.6964157223701477, "lr": 2e-05}
{"epoch": 8, "step": 5550, "loss": 0.6920502781867981, "lr": 2e-05}
{"epoch": 8, "step": 5600, "loss": 0.6925452351570129, "lr": 2e-05}
{"epoch": 8, "step": 5650, "loss": 0.695278525352478, "lr": 2e-05}
{"epoch": 8, "step": 5700, "loss": 0.6961156725883484, "lr": 2e-05}
{"epoch": 8, "step": 5750, "loss": 0.6919573545455933, "lr": 2e-05}
{"epoch": 8, "step": 5800, "loss": 0.6875002384185791, "lr": 2e-05}
{"epoch": 8, "step": 5850, "loss": 0.6934943199157715, "lr": 2e-05}
{"epoch": 8, "step": 5900, "loss": 0.6954730153083801, "lr": 2e-05}
{"epoch": 8, "step": 5950, "loss": 0.6924527287483215, "lr": 2e-05}
{"epoch": 8, "step": 6000, "loss": 0.6922906637191772, "lr": 2e-05}
{"epoch": 8, "step": 6050, "loss": 0.6910848617553711, "lr": 2e-05}
{"epoch": 8, "step": 6100, "loss": 0.6901009678840637, "lr": 2e-05}
{"epoch": 8, "step": 6150, "loss": 0.702427864074707, "lr": 2e-05}
{"epoch": 8, "step": 6200, "loss": 0.6946308612823486, "lr": 2e-05}
{"epoch": 8, "step": 6250, "loss": 0.6915391683578491, "lr": 2e-05}
{"epoch": 8, "step": 6300, "loss": 0.6933339238166809, "lr": 2e-05}
{"epoch": 8, "step": 6350, "loss": 0.6913382411003113, "lr": 2e-05}
{"epoch": 8, "step": 6400, "loss": 0.6952935457229614, "lr": 2e-05}
{"epoch": 8, "step": 6450, "loss": 0.6904653906822205, "lr": 2e-05}
{"epoch": 8, "step": 6500, "loss": 0.6937459111213684, "lr": 2e-05}
{"epoch": 8, "step": 6550, "loss": 0.694737434387207, "lr": 2e-05}
{"epoch": 8, "step": 6600, "loss": 0.6921237707138062, "lr": 2e-05}
{"epoch": 8, "step": 6650, "loss": 0.6936852931976318, "lr": 2e-05}
{"epoch": 8, "step": 6700, "loss": 0.6914291381835938, "lr": 2e-05}
{"epoch": 8, "step": 6750, "loss": 0.6935724020004272, "lr": 2e-05}
{"epoch": 8, "step": 6800, "loss": 0.6894826292991638, "lr": 2e-05}
{"epoch": 8, "step": 6850, "loss": 0.6963489055633545, "lr": 2e-05}
{"epoch": 8, "step": 6900, "loss": 0.693180501461029, "lr": 2e-05}
{"epoch": 8, "step": 6950, "loss": 0.691937267780304, "lr": 2e-05}
{"epoch": 8, "step": 7000, "loss": 0.6847590804100037, "lr": 2e-05}
{"epoch": 8, "step": 7050, "loss": 0.6969137191772461, "lr": 2e-05}
{"epoch": 8, "step": 7100, "loss": 0.6916190385818481, "lr": 2e-05}
{"epoch": 8, "step": 7150, "loss": 0.6889492273330688, "lr": 2e-05}
{"epoch": 8, "step": 7200, "loss": 0.6866692304611206, "lr": 2e-05}
{"epoch": 8, "step": 7250, "loss": 0.7035024166107178, "lr": 2e-05}
{"epoch": 8, "step": 7300, "loss": 0.6936773657798767, "lr": 2e-05}
{"epoch": 8, "step": 7350, "loss": 0.6924982070922852, "lr": 2e-05}
{"epoch": 8, "step": 7400, "loss": 0.692118763923645, "lr": 2e-05}
{"epoch": 8, "step": 7450, "loss": 0.6932932734489441, "lr": 2e-05}
{"epoch": 8, "step": 7500, "loss": 0.6930990815162659, "lr": 2e-05}
{"epoch": 8, "step": 7550, "loss": 0.6932376623153687, "lr": 2e-05}
{"epoch": 8, "step": 7600, "loss": 0.6931220293045044, "lr": 2e-05}
{"epoch": 8, "step": 7650, "loss": 0.6943168044090271, "lr": 2e-05}
{"epoch": 8, "step": 7700, "loss": 0.6931150555610657, "lr": 2e-05}
{"epoch": 8, "step": 7750, "loss": 0.6924148797988892, "lr": 2e-05}
{"epoch": 8, "step": 7800, "loss": 0.6942853331565857, "lr": 2e-05}
{"epoch": 8, "step": 7850, "loss": 0.6940791606903076, "lr": 2e-05}
{"epoch": 8, "step": 7900, "loss": 0.6934794783592224, "lr": 2e-05}
{"epoch": 8, "step": 7950, "loss": 0.693777322769165, "lr": 2e-05}
{"epoch": 8, "step": 8000, "loss": 0.6929687857627869, "lr": 2e-05}
{"epoch": 8, "step": 8050, "loss": 0.6925515532493591, "lr": 2e-05}
{"epoch": 8, "step": 8100, "loss": 0.694379985332489, "lr": 2e-05}
{"epoch": 8, "step": 8150, "loss": 0.691738486289978, "lr": 2e-05}
{"epoch": 8, "step": 8200, "loss": 0.6921602487564087, "lr": 2e-05}
{"epoch": 8, "step": 8250, "loss": 0.6927661895751953, "lr": 2e-05}
{"epoch": 8, "step": 8300, "loss": 0.6935883164405823, "lr": 2e-05}
{"epoch": 8, "step": 8350, "loss": 0.6962904930114746, "lr": 2e-05}
{"epoch": 8, "step": 8400, "loss": 0.6948790550231934, "lr": 2e-05}
{"epoch": 8, "weighted_f1": 0.2922928346839532, "checkpoint": "/home/rishank/Projects/major project/Test/results/checkpoints/dnabert2_splitb_seed1_warmup0/epoch_08.pt"}
{"epoch": 9, "step": 1, "loss": 0.6973510980606079, "lr": 2e-05}
{"epoch": 9, "step": 50, "loss": 0.6928367018699646, "lr": 2e-05}
{"epoch": 9, "step": 100, "loss": 0.6952938437461853, "lr": 2e-05}
{"epoch": 9, "step": 150, "loss": 0.6981801390647888, "lr": 2e-05}
{"epoch": 9, "step": 200, "loss": 0.6929145455360413, "lr": 2e-05}
{"epoch": 9, "step": 250, "loss": 0.6922858953475952, "lr": 2e-05}
{"epoch": 9, "step": 300, "loss": 0.6922095417976379, "lr": 2e-05}
{"epoch": 9, "step": 350, "loss": 0.6993120908737183, "lr": 2e-05}
{"epoch": 9, "step": 400, "loss": 0.6920270919799805, "lr": 2e-05}
{"epoch": 9, "step": 450, "loss": 0.6892842650413513, "lr": 2e-05}
{"epoch": 9, "step": 500, "loss": 0.6939261555671692, "lr": 2e-05}
{"epoch": 9, "step": 550, "loss": 0.6904008984565735, "lr": 2e-05}
{"epoch": 9, "step": 600, "loss": 0.6939668655395508, "lr": 2e-05}
{"epoch": 9, "step": 650, "loss": 0.6930482387542725, "lr": 2e-05}
{"epoch": 9, "step": 700, "loss": 0.691053569316864, "lr": 2e-05}
{"epoch": 9, "step": 750, "loss": 0.6977588534355164, "lr": 2e-05}
{"epoch": 9, "step": 800, "loss": 0.6937975883483887, "lr": 2e-05}
{"epoch": 9, "step": 850, "loss": 0.6942163109779358, "lr": 2e-05}
{"epoch": 9, "step": 900, "loss": 0.695620596408844, "lr": 2e-05}
{"epoch": 9, "step": 950, "loss": 0.6919987201690674, "lr": 2e-05}
{"epoch": 9, "step": 1000, "loss": 0.6938130259513855, "lr": 2e-05}
{"epoch": 9, "step": 1050, "loss": 0.6931007504463196, "lr": 2e-05}
{"epoch": 9, "step": 1100, "loss": 0.6923491358757019, "lr": 2e-05}
{"epoch": 9, "step": 1150, "loss": 0.6930669546127319, "lr": 2e-05}
{"epoch": 9, "step": 1200, "loss": 0.6944451928138733, "lr": 2e-05}
{"epoch": 9, "step": 1250, "loss": 0.6830123662948608, "lr": 2e-05}
{"epoch": 9, "step": 1300, "loss": 0.6836094260215759, "lr": 2e-05}
{"epoch": 9, "step": 1350, "loss": 0.7010679244995117, "lr": 2e-05}
{"epoch": 9, "step": 1400, "loss": 0.6997379660606384, "lr": 2e-05}
{"epoch": 9, "step": 1450, "loss": 0.699532687664032, "lr": 2e-05}
{"epoch": 9, "step": 1500, "loss": 0.6903171539306641, "lr": 2e-05}
{"epoch": 9, "step": 1550, "loss": 0.6905913949012756, "lr": 2e-05}
{"epoch": 9, "step": 1600, "loss": 0.6937867999076843, "lr": 2e-05}
{"epoch": 9, "step": 1650, "loss": 0.6942723989486694, "lr": 2e-05}
{"epoch": 9, "step": 1700, "loss": 0.6905086040496826, "lr": 2e-05}
{"epoch": 9, "step": 1750, "loss": 0.6927871704101562, "lr": 2e-05}
{"epoch": 9, "step": 1800, "loss": 0.6924216151237488, "lr": 2e-05}
{"epoch": 9, "step": 1850, "loss": 0.7013485431671143, "lr": 2e-05}
{"epoch": 9, "step": 1900, "loss": 0.6921935677528381, "lr": 2e-05}
{"epoch": 9, "step": 1950, "loss": 0.6983973979949951, "lr": 2e-05}
{"epoch": 9, "step": 2000, "loss": 0.6969709396362305, "lr": 2e-05}
{"epoch": 9, "step": 2050, "loss": 0.6919196248054504, "lr": 2e-05}
{"epoch": 9, "step": 2100, "loss": 0.6947245597839355, "lr": 2e-05}
{"epoch": 9, "step": 2150, "loss": 0.694426417350769, "lr": 2e-05}
{"epoch": 9, "step": 2200, "loss": 0.695779025554657, "lr": 2e-05}
{"epoch": 9, "step": 2250, "loss": 0.6910122632980347, "lr": 2e-05}
{"epoch": 9, "step": 2300, "loss": 0.6931390166282654, "lr": 2e-05}
{"epoch": 9, "step": 2350, "loss": 0.6955269575119019, "lr": 2e-05}
{"epoch": 9, "step": 2400, "loss": 0.6935822367668152, "lr": 2e-05}
{"epoch": 9, "step": 2450, "loss": 0.6912796497344971, "lr": 2e-05}
{"epoch": 9, "step": 2500, "loss": 0.6962137222290039, "lr": 2e-05}
{"epoch": 9, "step": 2550, "loss": 0.6935852766036987, "lr": 2e-05}
{"epoch": 9, "step": 2600, "loss": 0.686636209487915, "lr": 2e-05}
{"epoch": 9, "step": 2650, "loss": 0.6893513798713684, "lr": 2e-05}
{"epoch": 9, "step": 2700, "loss": 0.6942451596260071, "lr": 2e-05}
{"epoch": 9, "step": 2750, "loss": 0.6933728456497192, "lr": 2e-05}
{"epoch": 9, "step": 2800, "loss": 0.6949268579483032, "lr": 2e-05}
{"epoch": 9, "step": 2850, "loss": 0.6927043199539185, "lr": 2e-05}
{"epoch": 9, "step": 2900, "loss": 0.6850607991218567, "lr": 2e-05}
{"epoch": 9, "step": 2950, "loss": 0.6995523571968079, "lr": 2e-05}
{"epoch": 9, "step": 3000, "loss": 0.7042927145957947, "lr": 2e-05}
{"epoch": 9, "step": 3050, "loss": 0.6859695911407471, "lr": 2e-05}
{"epoch": 9, "step": 3100, "loss": 0.6989222764968872, "lr": 2e-05}
{"epoch": 9, "step": 3150, "loss": 0.703665554523468, "lr": 2e-05}
{"epoch": 9, "step": 3200, "loss": 0.6972207427024841, "lr": 2e-05}
{"epoch": 9, "step": 3250, "loss": 0.7066693305969238, "lr": 2e-05}
{"epoch": 9, "step": 3300, "loss": 0.6961352825164795, "lr": 2e-05}
{"epoch": 9, "step": 3350, "loss": 0.6949892044067383, "lr": 2e-05}
{"epoch": 9, "step": 3400, "loss": 0.6927834153175354, "lr": 2e-05}
{"epoch": 9, "step": 3450, "loss": 0.6917269229888916, "lr": 2e-05}
{"epoch": 9, "step": 3500, "loss": 0.692566454410553, "lr": 2e-05}
{"epoch": 9, "step": 3550, "loss": 0.6940967440605164, "lr": 2e-05}
{"epoch": 9, "step": 3600, "loss": 0.6950325965881348, "lr": 2e-05}
{"epoch": 9, "step": 3650, "loss": 0.6987640261650085, "lr": 2e-05}
{"epoch": 9, "step": 3700, "loss": 0.6934283375740051, "lr": 2e-05}
{"epoch": 9, "step": 3750, "loss": 0.7052342295646667, "lr": 2e-05}
{"epoch": 9, "step": 3800, "loss": 0.6970697045326233, "lr": 2e-05}
{"epoch": 9, "step": 3850, "loss": 0.6960970759391785, "lr": 2e-05}
{"epoch": 9, "step": 3900, "loss": 0.69007807970047, "lr": 2e-05}
{"epoch": 9, "step": 3950, "loss": 0.6908290982246399, "lr": 2e-05}
{"epoch": 9, "step": 4000, "loss": 0.6927304267883301, "lr": 2e-05}
{"epoch": 9, "step": 4050, "loss": 0.692003071308136, "lr": 2e-05}
{"epoch": 9, "step": 4100, "loss": 0.6910288333892822, "lr": 2e-05}
{"epoch": 9, "step": 4150, "loss": 0.7016008496284485, "lr": 2e-05}
{"epoch": 9, "step": 4200, "loss": 0.6912170052528381, "lr": 2e-05}
{"epoch": 9, "step": 4250, "loss": 0.691543698310852, "lr": 2e-05}
{"epoch": 9, "step": 4300, "loss": 0.6931962966918945, "lr": 2e-05}
{"epoch": 9, "step": 4350, "loss": 0.6966370940208435, "lr": 2e-05}
{"epoch": 9, "step": 4400, "loss": 0.6920866370201111, "lr": 2e-05}
{"epoch": 9, "step": 4450, "loss": 0.6906542778015137, "lr": 2e-05}
{"epoch": 9, "step": 4500, "loss": 0.6913823485374451, "lr": 2e-05}
{"epoch": 9, "step": 4550, "loss": 0.6954430937767029, "lr": 2e-05}
{"epoch": 9, "step": 4600, "loss": 0.6942033171653748, "lr": 2e-05}
{"epoch": 9, "step": 4650, "loss": 0.6918461322784424, "lr": 2e-05}
{"epoch": 9, "step": 4700, "loss": 0.695778489112854, "lr": 2e-05}
{"epoch": 9, "step": 4750, "loss": 0.6934292912483215, "lr": 2e-05}
{"epoch": 9, "step": 4800, "loss": 0.695909321308136, "lr": 2e-05}
{"epoch": 9, "step": 4850, "loss": 0.695032000541687, "lr": 2e-05}
{"epoch": 9, "step": 4900, "loss": 0.6898489594459534, "lr": 2e-05}
{"epoch": 9, "step": 4950, "loss": 0.6924530267715454, "lr": 2e-05}
{"epoch": 9, "step": 5000, "loss": 0.6953938007354736, "lr": 2e-05}
{"epoch": 9, "step": 5050, "loss": 0.6942457556724548, "lr": 2e-05}
{"epoch": 9, "step": 5100, "loss": 0.69469153881073, "lr": 2e-05}
{"epoch": 9, "step": 5150, "loss": 0.6921675801277161, "lr": 2e-05}
{"epoch": 9, "step": 5200, "loss": 0.6918910145759583, "lr": 2e-05}
{"epoch": 9, "step": 5250, "loss": 0.6932295560836792, "lr": 2e-05}
{"epoch": 9, "step": 5300, "loss": 0.6923326253890991, "lr": 2e-05}
{"epoch": 9, "step": 5350, "loss": 0.6905214786529541, "lr": 2e-05}
{"epoch": 9, "step": 5400, "loss": 0.6927446722984314, "lr": 2e-05}
{"epoch": 9, "step": 5450, "loss": 0.6935585141181946, "lr": 2e-05}
{"epoch": 9, "step": 5500, "loss": 0.6943354606628418, "lr": 2e-05}
{"epoch": 9, "step": 5550, "loss": 0.6917952299118042, "lr": 2e-05}
{"epoch": 9, "step": 5600, "loss": 0.6929259896278381, "lr": 2e-05}
{"epoch": 9, "step": 5650, "loss": 0.6928544044494629, "lr": 2e-05}
{"epoch": 9, "step": 5700, "loss": 0.6943269371986389, "lr": 2e-05}
{"epoch": 9, "step": 5750, "loss": 0.6940776109695435, "lr": 2e-05}
{"epoch": 9, "step": 5800, "loss": 0.695347249507904, "lr": 2e-05}
{"epoch": 9, "step": 5850, "loss": 0.6924258470535278, "lr": 2e-05}
{"epoch": 9, "step": 5900, "loss": 0.6911320686340332, "lr": 2e-05}
{"epoch": 9, "step": 5950, "loss": 0.6953859329223633, "lr": 2e-05}
{"epoch": 9, "step": 6000, "loss": 0.695496678352356, "lr": 2e-05}
{"epoch": 9, "step": 6050, "loss": 0.692695677280426, "lr": 2e-05}
{"epoch": 9, "step": 6100, "loss": 0.6906750798225403, "lr": 2e-05}
{"epoch": 9, "step": 6150, "loss": 0.7000320553779602, "lr": 2e-05}
{"epoch": 9, "step": 6200, "loss": 0.6953828930854797, "lr": 2e-05}
{"epoch": 9, "step": 6250, "loss": 0.691832423210144, "lr": 2e-05}
{"epoch": 9, "step": 6300, "loss": 0.693852424621582, "lr": 2e-05}
{"epoch": 9, "step": 6350, "loss": 0.6839777231216431, "lr": 2e-05}
{"epoch": 9, "step": 6400, "loss": 0.692595362663269, "lr": 2e-05}
{"epoch": 9, "step": 6450, "loss": 0.6897618174552917, "lr": 2e-05}
{"epoch": 9, "step": 6500, "loss": 0.6929193139076233, "lr": 2e-05}
{"epoch": 9, "step": 6550, "loss": 0.6946250200271606, "lr": 2e-05}
{"epoch": 9, "step": 6600, "loss": 0.6946510076522827, "lr": 2e-05}
{"epoch": 9, "step": 6650, "loss": 0.6912411451339722, "lr": 2e-05}
{"epoch": 9, "step": 6700, "loss": 0.690381646156311, "lr": 2e-05}
{"epoch": 9, "step": 6750, "loss": 0.6907923221588135, "lr": 2e-05}
{"epoch": 9, "step": 6800, "loss": 0.6938220262527466, "lr": 2e-05}
{"epoch": 9, "step": 6850, "loss": 0.6920964121818542, "lr": 2e-05}
{"epoch": 9, "step": 6900, "loss": 0.6943739652633667, "lr": 2e-05}
{"epoch": 9, "step": 6950, "loss": 0.6944667100906372, "lr": 2e-05}
{"epoch": 9, "step": 7000, "loss": 0.6924702525138855, "lr": 2e-05}
{"epoch": 9, "step": 7050, "loss": 0.6911885738372803, "lr": 2e-05}
{"epoch": 9, "step": 7100, "loss": 0.6939324736595154, "lr": 2e-05}
{"epoch": 9, "step": 7150, "loss": 0.7023853063583374, "lr": 2e-05}
{"epoch": 9, "step": 7200, "loss": 0.6910243034362793, "lr": 2e-05}
{"epoch": 9, "step": 7250, "loss": 0.6934738159179688, "lr": 2e-05}
{"epoch": 9, "step": 7300, "loss": 0.6942413449287415, "lr": 2e-05}
{"epoch": 9, "step": 7350, "loss": 0.6927016973495483, "lr": 2e-05}
{"epoch": 9, "step": 7400, "loss": 0.6921407580375671, "lr": 2e-05}
{"epoch": 9, "step": 7450, "loss": 0.691850483417511, "lr": 2e-05}
{"epoch": 9, "step": 7500, "loss": 0.691000759601593, "lr": 2e-05}
{"epoch": 9, "step": 7550, "loss": 0.69610595703125, "lr": 2e-05}
{"epoch": 9, "step": 7600, "loss": 0.6918529868125916, "lr": 2e-05}
{"epoch": 9, "step": 7650, "loss": 0.693318784236908, "lr": 2e-05}
{"epoch": 9, "step": 7700, "loss": 0.6949926018714905, "lr": 2e-05}
{"epoch": 9, "step": 7750, "loss": 0.6943723559379578, "lr": 2e-05}
{"epoch": 9, "step": 7800, "loss": 0.6965315937995911, "lr": 2e-05}
{"epoch": 9, "step": 7850, "loss": 0.6915989518165588, "lr": 2e-05}
{"epoch": 9, "step": 7900, "loss": 0.6938904523849487, "lr": 2e-05}
{"epoch": 9, "step": 7950, "loss": 0.6926778554916382, "lr": 2e-05}
{"epoch": 9, "step": 8000, "loss": 0.6951473951339722, "lr": 2e-05}
{"epoch": 9, "step": 8050, "loss": 0.6889269351959229, "lr": 2e-05}
{"epoch": 9, "step": 8100, "loss": 0.6929803490638733, "lr": 2e-05}
{"epoch": 9, "step": 8150, "loss": 0.69366455078125, "lr": 2e-05}
{"epoch": 9, "step": 8200, "loss": 0.6916379332542419, "lr": 2e-05}
{"epoch": 9, "step": 8250, "loss": 0.6916638016700745, "lr": 2e-05}
{"epoch": 9, "step": 8300, "loss": 0.6938350796699524, "lr": 2e-05}
{"epoch": 9, "step": 8350, "loss": 0.6956840753555298, "lr": 2e-05}
{"epoch": 9, "step": 8400, "loss": 0.6929336786270142, "lr": 2e-05}
{"epoch": 9, "weighted_f1": 0.37606069732882624, "checkpoint": "/home/rishank/Projects/major project/Test/results/checkpoints/dnabert2_splitb_seed1_warmup0/epoch_09.pt"}
{"epoch": 10, "step": 1, "loss": 0.6923357248306274, "lr": 2e-05}
{"epoch": 10, "step": 50, "loss": 0.6911640167236328, "lr": 2e-05}
{"epoch": 10, "step": 100, "loss": 0.6919311881065369, "lr": 2e-05}
{"epoch": 10, "step": 150, "loss": 0.6922731995582581, "lr": 2e-05}
{"epoch": 10, "step": 200, "loss": 0.6937245726585388, "lr": 2e-05}
{"epoch": 10, "step": 250, "loss": 0.694283664226532, "lr": 2e-05}
{"epoch": 10, "step": 300, "loss": 0.693787693977356, "lr": 2e-05}
{"epoch": 10, "step": 350, "loss": 0.6936275959014893, "lr": 2e-05}
{"epoch": 10, "step": 400, "loss": 0.6958341598510742, "lr": 2e-05}
{"epoch": 10, "step": 450, "loss": 0.6890591979026794, "lr": 2e-05}
{"epoch": 10, "step": 500, "loss": 0.6933569312095642, "lr": 2e-05}
{"epoch": 10, "step": 550, "loss": 0.6934511065483093, "lr": 2e-05}
{"epoch": 10, "step": 600, "loss": 0.6942034959793091, "lr": 2e-05}
{"epoch": 10, "step": 650, "loss": 0.6881730556488037, "lr": 2e-05}
{"epoch": 10, "step": 700, "loss": 0.6927427649497986, "lr": 2e-05}
{"epoch": 10, "step": 750, "loss": 0.6939299702644348, "lr": 2e-05}
{"epoch": 10, "step": 800, "loss": 0.6928440928459167, "lr": 2e-05}
{"epoch": 10, "step": 850, "loss": 0.6828176379203796, "lr": 2e-05}
{"epoch": 10, "step": 900, "loss": 0.6878554224967957, "lr": 2e-05}
{"epoch": 10, "step": 950, "loss": 0.6974627375602722, "lr": 2e-05}
{"epoch": 10, "step": 1000, "loss": 0.6929956078529358, "lr": 2e-05}
{"epoch": 10, "step": 1050, "loss": 0.6926608681678772, "lr": 2e-05}
{"epoch": 10, "step": 1100, "loss": 0.6933126449584961, "lr": 2e-05}
{"epoch": 10, "step": 1150, "loss": 0.6920416951179504, "lr": 2e-05}
{"epoch": 10, "step": 1200, "loss": 0.6933846473693848, "lr": 2e-05}
{"epoch": 10, "step": 1250, "loss": 0.6952225565910339, "lr": 2e-05}
{"epoch": 10, "step": 1300, "loss": 0.6936840415000916, "lr": 2e-05}
{"epoch": 10, "step": 1350, "loss": 0.6932944655418396, "lr": 2e-05}
{"epoch": 10, "step": 1400, "loss": 0.6944432258605957, "lr": 2e-05}
{"epoch": 10, "step": 1450, "loss": 0.6932954788208008, "lr": 2e-05}
{"epoch": 10, "step": 1500, "loss": 0.6915497779846191, "lr": 2e-05}
{"epoch": 10, "step": 1550, "loss": 0.6930796504020691, "lr": 2e-05}
{"epoch": 10, "step": 1600, "loss": 0.694279134273529, "lr": 2e-05}
{"epoch": 10, "step": 1650, "loss": 0.695517361164093, "lr": 2e-05}
{"epoch": 10, "step": 1700, "loss": 0.6940819621086121, "lr": 2e-05}
{"epoch": 10, "step": 1750, "loss": 0.6942580342292786, "lr": 2e-05}
{"epoch": 10, "step": 1800, "loss": 0.6938257813453674, "lr": 2e-05}
{"epoch": 10, "step": 1850, "loss": 0.6908743381500244, "lr": 2e-05}
{"epoch": 10, "step": 1900, "loss": 0.6931545734405518, "lr": 2e-05}
{"epoch": 10, "step": 1950, "loss": 0.6931204199790955, "lr": 2e-05}
{"epoch": 10, "step": 2000, "loss": 0.6902033686637878, "lr": 2e-05}
{"epoch": 10, "step": 2050, "loss": 0.6918405294418335, "lr": 2e-05}
{"epoch": 10, "step": 2100, "loss": 0.6908793449401855, "lr": 2e-05}
{"epoch": 10, "step": 2150, "loss": 0.6861193776130676, "lr": 2e-05}
{"epoch": 10, "step": 2200, "loss": 0.6916432976722717, "lr": 2e-05}
{"epoch": 10, "step": 2250, "loss": 0.7004714608192444, "lr": 2e-05}
{"epoch": 10, "step": 2300, "loss": 0.6966630220413208, "lr": 2e-05}
{"epoch": 10, "step": 2350, "loss": 0.690851092338562, "lr": 2e-05}
{"epoch": 10, "step": 2400, "loss": 0.7003812789916992, "lr": 2e-05}
{"epoch": 10, "step": 2450, "loss": 0.6986419558525085, "lr": 2e-05}
{"epoch": 10, "step": 2500, "loss": 0.6895506978034973, "lr": 2e-05}
{"epoch": 10, "step": 2550, "loss": 0.6949720978736877, "lr": 2e-05}
{"epoch": 10, "step": 2600, "loss": 0.6905930042266846, "lr": 2e-05}
{"epoch": 10, "step": 2650, "loss": 0.6941763758659363, "lr": 2e-05}
{"epoch": 10, "step": 2700, "loss": 0.6947171688079834, "lr": 2e-05}
{"epoch": 10, "step": 2750, "loss": 0.694365382194519, "lr": 2e-05}
{"epoch": 10, "step": 2800, "loss": 0.6992362141609192, "lr": 2e-05}
{"epoch": 10, "step": 2850, "loss": 0.6924384832382202, "lr": 2e-05}
{"epoch": 10, "step": 2900, "loss": 0.6901946067810059, "lr": 2e-05}
{"epoch": 10, "step": 2950, "loss": 0.689021110534668, "lr": 2e-05}
{"epoch": 10, "step": 3000, "loss": 0.6989681124687195, "lr": 2e-05}
{"epoch": 10, "step": 3050, "loss": 0.6908657550811768, "lr": 2e-05}
{"epoch": 10, "step": 3100, "loss": 0.6929176449775696, "lr": 2e-05}
{"epoch": 10, "step": 3150, "loss": 0.6928505897521973, "lr": 2e-05}
{"epoch": 10, "step": 3200, "loss": 0.693791389465332, "lr": 2e-05}
{"epoch": 10, "step": 3250, "loss": 0.6941141486167908, "lr": 2e-05}
{"epoch": 10, "step": 3300, "loss": 0.6937001943588257, "lr": 2e-05}
{"epoch": 10, "step": 3350, "loss": 0.6957712173461914, "lr": 2e-05}
{"epoch": 10, "step": 3400, "loss": 0.6982965469360352, "lr": 2e-05}
{"epoch": 10, "step": 3450, "loss": 0.7031540870666504, "lr": 2e-05}
{"epoch": 10, "step": 3500, "loss": 0.6913125514984131, "lr": 2e-05}
{"epoch": 10, "step": 3550, "loss": 0.6966431140899658, "lr": 2e-05}
{"epoch": 10, "step": 3600, "loss": 0.6975321173667908, "lr": 2e-05}
{"epoch": 10, "step": 3650, "loss": 0.6931884288787842, "lr": 2e-05}
{"epoch": 10, "step": 3700, "loss": 0.6952105164527893, "lr": 2e-05}
{"epoch": 10, "step": 3750, "loss": 0.6954824924468994, "lr": 2e-05}
{"epoch": 10, "step": 3800, "loss": 0.6933198571205139, "lr": 2e-05}
{"epoch": 10, "step": 3850, "loss": 0.6959087252616882, "lr": 2e-05}
{"epoch": 10, "step": 3900, "loss": 0.6973913908004761, "lr": 2e-05}
{"epoch": 10, "step": 3950, "loss": 0.6947263479232788, "lr": 2e-05}
{"epoch": 10, "step": 4000, "loss": 0.6924354434013367, "lr": 2e-05}
{"epoch": 10, "step": 4050, "loss": 0.6938127875328064, "lr": 2e-05}
{"epoch": 10, "step": 4100, "loss": 0.6941811442375183, "lr": 2e-05}
{"epoch": 10, "step": 4150, "loss": 0.6925547122955322, "lr": 2e-05}
{"epoch": 10, "step": 4200, "loss": 0.6928252577781677, "lr": 2e-05}
{"epoch": 10, "step": 4250, "loss": 0.6943140029907227, "lr": 2e-05}
{"epoch": 10, "step": 4300, "loss": 0.6897681951522827, "lr": 2e-05}
{"epoch": 10, "step": 4350, "loss": 0.6934508681297302, "lr": 2e-05}
{"epoch": 10, "step": 4400, "loss": 0.6939631104469299, "lr": 2e-05}
{"epoch": 10, "step": 4450, "loss": 0.6918129324913025, "lr": 2e-05}
{"epoch": 10, "step": 4500, "loss": 0.6957923173904419, "lr": 2e-05}
{"epoch": 10, "step": 4550, "loss": 0.6976718902587891, "lr": 2e-05}
{"epoch": 10, "step": 4600, "loss": 0.693405032157898, "lr": 2e-05}
{"epoch": 10, "step": 4650, "loss": 0.6930115818977356, "lr": 2e-05}
{"epoch": 10, "step": 4700, "loss": 0.6923494935035706, "lr": 2e-05}
{"epoch": 10, "step": 4750, "loss": 0.6920874714851379, "lr": 2e-05}
{"epoch": 10, "step": 4800, "loss": 0.6905226111412048, "lr": 2e-05}
{"epoch": 10, "step": 4850, "loss": 0.6915359497070312, "lr": 2e-05}
{"epoch": 10, "step": 4900, "loss": 0.6910820007324219, "lr": 2e-05}
{"epoch": 10, "step": 4950, "loss": 0.6941216588020325, "lr": 2e-05}
{"epoch": 10, "step": 5000, "loss": 0.6922574043273926, "lr": 2e-05}
{"epoch": 10, "step": 5050, "loss": 0.7011411786079407, "lr": 2e-05}
{"epoch": 10, "step": 5100, "loss": 0.6964178085327148, "lr": 2e-05}
{"epoch": 10, "step": 5150, "loss": 0.6947102546691895, "lr": 2e-05}
{"epoch": 10, "step": 5200, "loss": 0.693864107131958, "lr": 2e-05}
{"epoch": 10, "step": 5250, "loss": 0.6939733624458313, "lr": 2e-05}
{"epoch": 10, "step": 5300, "loss": 0.6981247067451477, "lr": 2e-05}
{"epoch": 10, "step": 5350, "loss": 0.6957571506500244, "lr": 2e-05}
{"epoch": 10, "step": 5400, "loss": 0.6929089426994324, "lr": 2e-05}
{"epoch": 10, "step": 5450, "loss": 0.6931889057159424, "lr": 2e-05}
{"epoch": 10, "step": 5500, "loss": 0.6947186589241028, "lr": 2e-05}
{"epoch": 10, "step": 5550, "loss": 0.6927404403686523, "lr": 2e-05}
{"epoch": 10, "step": 5600, "loss": 0.6942838430404663, "lr": 2e-05}
{"epoch": 10, "step": 5650, "loss": 0.694344162940979, "lr": 2e-05}
{"epoch": 10, "step": 5700, "loss": 0.6930459141731262, "lr": 2e-05}
{"epoch": 10, "step": 5750, "loss": 0.6942763924598694, "lr": 2e-05}
{"epoch": 10, "step": 5800, "loss": 0.6931365132331848, "lr": 2e-05}
{"epoch": 10, "step": 5850, "loss": 0.6949091553688049, "lr": 2e-05}
{"epoch": 10, "step": 5900, "loss": 0.6919735074043274, "lr": 2e-05}
{"epoch": 10, "step": 5950, "loss": 0.6949760913848877, "lr": 2e-05}
{"epoch": 10, "step": 6000, "loss": 0.6924312114715576, "lr": 2e-05}
{"epoch": 10, "step": 6050, "loss": 0.691002368927002, "lr": 2e-05}
{"epoch": 10, "step": 6100, "loss": 0.6938331723213196, "lr": 2e-05}
{"epoch": 10, "step": 6150, "loss": 0.6925739645957947, "lr": 2e-05}
{"epoch": 10, "step": 6200, "loss": 0.6898412704467773, "lr": 2e-05}
{"epoch": 10, "step": 6250, "loss": 0.6967344284057617, "lr": 2e-05}
{"epoch": 10, "step": 6300, "loss": 0.6884205937385559, "lr": 2e-05}
{"epoch": 10, "step": 6350, "loss": 0.6917122006416321, "lr": 2e-05}
{"epoch": 10, "step": 6400, "loss": 0.6909669041633606, "lr": 2e-05}
{"epoch": 10, "step": 6450, "loss": 0.6946098208427429, "lr": 2e-05}
{"epoch": 10, "step": 6500, "loss": 0.6904727816581726, "lr": 2e-05}
{"epoch": 10, "step": 6550, "loss": 0.6895694732666016, "lr": 2e-05}
{"epoch": 10, "step": 6600, "loss": 0.6940401196479797, "lr": 2e-05}
{"epoch": 10, "step": 6650, "loss": 0.6931150555610657, "lr": 2e-05}
{"epoch": 10, "step": 6700, "loss": 0.6944376230239868, "lr": 2e-05}
{"epoch": 10, "step": 6750, "loss": 0.6947325468063354, "lr": 2e-05}
{"epoch": 10, "step": 6800, "loss": 0.6965449452400208, "lr": 2e-05}
{"epoch": 10, "step": 6850, "loss": 0.6947558522224426, "lr": 2e-05}
{"epoch": 10, "step": 6900, "loss": 0.7026607394218445, "lr": 2e-05}
{"epoch": 10, "step": 6950, "loss": 0.6910986304283142, "lr": 2e-05}
{"epoch": 10, "step": 7000, "loss": 0.6951789855957031, "lr": 2e-05}
{"epoch": 10, "step": 7050, "loss": 0.6924055218696594, "lr": 2e-05}
{"epoch": 10, "step": 7100, "loss": 0.6973392963409424, "lr": 2e-05}
{"epoch": 10, "step": 7150, "loss": 0.6897184252738953, "lr": 2e-05}
{"epoch": 10, "step": 7200, "loss": 0.6876333355903625, "lr": 2e-05}
{"epoch": 10, "step": 7250, "loss": 0.6937557458877563, "lr": 2e-05}
{"epoch": 10, "step": 7300, "loss": 0.6942148804664612, "lr": 2e-05}
{"epoch": 10, "step": 7350, "loss": 0.6906981468200684, "lr": 2e-05}
{"epoch": 10, "step": 7400, "loss": 0.6882087588310242, "lr": 2e-05}
{"epoch": 10, "step": 7450, "loss": 0.6866336464881897, "lr": 2e-05}
{"epoch": 10, "step": 7500, "loss": 0.6926696300506592, "lr": 2e-05}
{"epoch": 10, "step": 7550, "loss": 0.6975004076957703, "lr": 2e-05}
{"epoch": 10, "step": 7600, "loss": 0.6966378092765808, "lr": 2e-05}
{"epoch": 10, "step": 7650, "loss": 0.6973856687545776, "lr": 2e-05}
{"epoch": 10, "step": 7700, "loss": 0.6895529627799988, "lr": 2e-05}
{"epoch": 10, "step": 7750, "loss": 0.6978746652603149, "lr": 2e-05}
{"epoch": 10, "step": 7800, "loss": 0.6937243342399597, "lr": 2e-05}
{"epoch": 10, "step": 7850, "loss": 0.6933921575546265, "lr": 2e-05}
{"epoch": 10, "step": 7900, "loss": 0.6933653354644775, "lr": 2e-05}
{"epoch": 10, "step": 7950, "loss": 0.6942431926727295, "lr": 2e-05}
{"epoch": 10, "step": 8000, "loss": 0.6931520104408264, "lr": 2e-05}
{"epoch": 10, "step": 8050, "loss": 0.6971552968025208, "lr": 2e-05}
{"epoch": 10, "step": 8100, "loss": 0.6935043334960938, "lr": 2e-05}
{"epoch": 10, "step": 8150, "loss": 0.6931009888648987, "lr": 2e-05}
{"epoch": 10, "step": 8200, "loss": 0.6953995823860168, "lr": 2e-05}
{"epoch": 10, "step": 8250, "loss": 0.6931653618812561, "lr": 2e-05}
{"epoch": 10, "step": 8300, "loss": 0.6919749975204468, "lr": 2e-05}
{"epoch": 10, "step": 8350, "loss": 0.6910330653190613, "lr": 2e-05}
{"epoch": 10, "step": 8400, "loss": 0.7049532532691956, "lr": 2e-05}
{"epoch": 10, "weighted_f1": 0.37606069732882624, "checkpoint": "/home/rishank/Projects/major project/Test/results/checkpoints/dnabert2_splitb_seed1_warmup0/epoch_10.pt"}
{"final_result": {"accuracy": 0.5377146240378923, "roc_auc": 0.5001140247180967, "weighted_precision": 0.28913701690421184, "weighted_recall": 0.5377146240378923, "weighted_f1": 0.37606069732882624, "benign_precision": 0.5377146240378923, "benign_recall": 1.0, "benign_f1": 0.6993685507469583, "pathogenic_precision": 0.0, "pathogenic_recall": 0.0, "pathogenic_f1": 0.0, "tn": 18164, "fp": 0, "fn": 15616, "tp": 0}}
