Some weights of BertModel were not initialized from the model checkpoint at zhihan1996/DNABERT-2-117M and are newly initialized: ['pooler.dense.bias', 'pooler.dense.weight']
You should probably TRAIN this model on a down-stream task to be able to use it for predictions and inference.
max_length used: 200
device: cuda train: 135147 val: 33780 batch_size: 16
LR warmup: 8447/84470 steps (10%), linear 0 -> 2e-5
{"epoch": 1, "step": 1, "loss": 0.7140393257141113, "lr": 2.3677045104770926e-09}
{"epoch": 1, "step": 50, "loss": 0.6936957240104675, "lr": 1.1838522552385464e-07}
{"epoch": 1, "step": 100, "loss": 0.7120330333709717, "lr": 2.3677045104770928e-07}
{"epoch": 1, "step": 150, "loss": 0.7025095820426941, "lr": 3.551556765715639e-07}
{"epoch": 1, "step": 200, "loss": 0.6892336010932922, "lr": 4.7354090209541856e-07}
{"epoch": 1, "step": 250, "loss": 0.727870762348175, "lr": 5.919261276192732e-07}
{"epoch": 1, "step": 300, "loss": 0.663301944732666, "lr": 7.103113531431278e-07}
{"epoch": 1, "step": 350, "loss": 0.6948351860046387, "lr": 8.286965786669825e-07}
{"epoch": 1, "step": 400, "loss": 0.7007831931114197, "lr": 9.470818041908371e-07}
{"epoch": 1, "step": 450, "loss": 0.6910001039505005, "lr": 1.0654670297146916e-06}
{"epoch": 1, "step": 500, "loss": 0.6698756217956543, "lr": 1.1838522552385464e-06}
{"epoch": 1, "step": 550, "loss": 0.6808295249938965, "lr": 1.302237480762401e-06}
{"epoch": 1, "step": 600, "loss": 0.694341778755188, "lr": 1.4206227062862556e-06}
{"epoch": 1, "step": 650, "loss": 0.6871107816696167, "lr": 1.5390079318101102e-06}
{"epoch": 1, "step": 700, "loss": 0.7015787959098816, "lr": 1.657393157333965e-06}
{"epoch": 1, "step": 750, "loss": 0.6926435828208923, "lr": 1.7757783828578196e-06}
{"epoch": 1, "step": 800, "loss": 0.6848742961883545, "lr": 1.8941636083816742e-06}
{"epoch": 1, "step": 850, "loss": 0.6816194653511047, "lr": 2.012548833905529e-06}
{"epoch": 1, "step": 900, "loss": 0.6829703450202942, "lr": 2.1309340594293832e-06}
{"epoch": 1, "step": 950, "loss": 0.7557056546211243, "lr": 2.249319284953238e-06}
{"epoch": 1, "step": 1000, "loss": 0.7059245109558105, "lr": 2.367704510477093e-06}
{"epoch": 1, "step": 1050, "loss": 0.676162600517273, "lr": 2.4860897360009472e-06}
{"epoch": 1, "step": 1100, "loss": 0.7043688297271729, "lr": 2.604474961524802e-06}
{"epoch": 1, "step": 1150, "loss": 0.6698875427246094, "lr": 2.7228601870486564e-06}
{"epoch": 1, "step": 1200, "loss": 0.6836497187614441, "lr": 2.8412454125725113e-06}
{"epoch": 1, "step": 1250, "loss": 0.7120527029037476, "lr": 2.9596306380963656e-06}
{"epoch": 1, "step": 1300, "loss": 0.7241405248641968, "lr": 3.0780158636202205e-06}
{"epoch": 1, "step": 1350, "loss": 0.7076210975646973, "lr": 3.196401089144075e-06}
{"epoch": 1, "step": 1400, "loss": 0.680661141872406, "lr": 3.31478631466793e-06}
{"epoch": 1, "step": 1450, "loss": 0.6916298270225525, "lr": 3.433171540191784e-06}
{"epoch": 1, "step": 1500, "loss": 0.6891564726829529, "lr": 3.5515567657156393e-06}
{"epoch": 1, "step": 1550, "loss": 0.6788405179977417, "lr": 3.6699419912394937e-06}
{"epoch": 1, "step": 1600, "loss": 0.6969342231750488, "lr": 3.7883272167633485e-06}
{"epoch": 1, "step": 1650, "loss": 0.760899007320404, "lr": 3.906712442287203e-06}
{"epoch": 1, "step": 1700, "loss": 0.6990612745285034, "lr": 4.025097667811058e-06}
{"epoch": 1, "step": 1750, "loss": 0.682180643081665, "lr": 4.143482893334912e-06}
{"epoch": 1, "step": 1800, "loss": 0.6928775906562805, "lr": 4.2618681188587665e-06}
{"epoch": 1, "step": 1850, "loss": 0.6737256646156311, "lr": 4.380253344382621e-06}
{"epoch": 1, "step": 1900, "loss": 0.7325316071510315, "lr": 4.498638569906476e-06}
{"epoch": 1, "step": 1950, "loss": 0.6859623193740845, "lr": 4.61702379543033e-06}
{"epoch": 1, "step": 2000, "loss": 0.6674821376800537, "lr": 4.735409020954186e-06}
{"epoch": 1, "step": 2050, "loss": 0.7048335075378418, "lr": 4.8537942464780405e-06}
{"epoch": 1, "step": 2100, "loss": 0.6899007558822632, "lr": 4.9721794720018945e-06}
{"epoch": 1, "step": 2150, "loss": 0.7009598016738892, "lr": 5.090564697525749e-06}
{"epoch": 1, "step": 2200, "loss": 0.7082495093345642, "lr": 5.208949923049604e-06}
{"epoch": 1, "step": 2250, "loss": 0.6987656950950623, "lr": 5.327335148573458e-06}
{"epoch": 1, "step": 2300, "loss": 0.6659902930259705, "lr": 5.445720374097313e-06}
{"epoch": 1, "step": 2350, "loss": 0.7079350352287292, "lr": 5.564105599621168e-06}
{"epoch": 1, "step": 2400, "loss": 0.6331918835639954, "lr": 5.6824908251450225e-06}
{"epoch": 1, "step": 2450, "loss": 0.656779944896698, "lr": 5.8008760506688765e-06}
{"epoch": 1, "step": 2500, "loss": 0.660088300704956, "lr": 5.919261276192731e-06}
{"epoch": 1, "step": 2550, "loss": 0.7013120055198669, "lr": 6.037646501716586e-06}
{"epoch": 1, "step": 2600, "loss": 0.7248448133468628, "lr": 6.156031727240441e-06}
{"epoch": 1, "step": 2650, "loss": 0.6786236763000488, "lr": 6.274416952764295e-06}
{"epoch": 1, "step": 2700, "loss": 0.6853640675544739, "lr": 6.39280217828815e-06}
{"epoch": 1, "step": 2750, "loss": 0.6935327053070068, "lr": 6.5111874038120045e-06}
{"epoch": 1, "step": 2800, "loss": 0.6949963569641113, "lr": 6.62957262933586e-06}
{"epoch": 1, "step": 2850, "loss": 0.6813752055168152, "lr": 6.747957854859713e-06}
{"epoch": 1, "step": 2900, "loss": 0.7366042733192444, "lr": 6.866343080383568e-06}
{"epoch": 1, "step": 2950, "loss": 0.6316671371459961, "lr": 6.984728305907424e-06}
{"epoch": 1, "step": 3000, "loss": 0.6995313763618469, "lr": 7.1031135314312786e-06}
{"epoch": 1, "step": 3050, "loss": 0.6787506341934204, "lr": 7.221498756955133e-06}
{"epoch": 1, "step": 3100, "loss": 0.6263295412063599, "lr": 7.339883982478987e-06}
{"epoch": 1, "step": 3150, "loss": 0.6741317510604858, "lr": 7.458269208002842e-06}
{"epoch": 1, "step": 3200, "loss": 0.6129886507987976, "lr": 7.576654433526697e-06}
{"epoch": 1, "step": 3250, "loss": 0.7504960894584656, "lr": 7.695039659050551e-06}
{"epoch": 1, "step": 3300, "loss": 0.8161953091621399, "lr": 7.813424884574406e-06}
{"epoch": 1, "step": 3350, "loss": 0.6571508049964905, "lr": 7.93181011009826e-06}
{"epoch": 1, "step": 3400, "loss": 0.6546693444252014, "lr": 8.050195335622115e-06}
{"epoch": 1, "step": 3450, "loss": 0.7630747556686401, "lr": 8.16858056114597e-06}
{"epoch": 1, "step": 3500, "loss": 0.6371049284934998, "lr": 8.286965786669823e-06}
{"epoch": 1, "step": 3550, "loss": 0.6997066140174866, "lr": 8.405351012193678e-06}
{"epoch": 1, "step": 3600, "loss": 0.7337571978569031, "lr": 8.523736237717533e-06}
{"epoch": 1, "step": 3650, "loss": 0.6697944402694702, "lr": 8.642121463241388e-06}
{"epoch": 1, "step": 3700, "loss": 0.6942216157913208, "lr": 8.760506688765243e-06}
{"epoch": 1, "step": 3750, "loss": 0.6315812468528748, "lr": 8.878891914289097e-06}
{"epoch": 1, "step": 3800, "loss": 0.7482521533966064, "lr": 8.997277139812952e-06}
{"epoch": 1, "step": 3850, "loss": 0.7055599689483643, "lr": 9.115662365336807e-06}
{"epoch": 1, "step": 3900, "loss": 0.6924777626991272, "lr": 9.23404759086066e-06}
{"epoch": 1, "step": 3950, "loss": 0.6648017764091492, "lr": 9.352432816384515e-06}
{"epoch": 1, "step": 4000, "loss": 0.6537986397743225, "lr": 9.470818041908371e-06}
{"epoch": 1, "step": 4050, "loss": 0.7056095004081726, "lr": 9.589203267432226e-06}
{"epoch": 1, "step": 4100, "loss": 0.6037526726722717, "lr": 9.707588492956081e-06}
{"epoch": 1, "step": 4150, "loss": 0.6924828886985779, "lr": 9.825973718479934e-06}
{"epoch": 1, "step": 4200, "loss": 0.6221047043800354, "lr": 9.944358944003789e-06}
{"epoch": 1, "step": 4250, "loss": 0.7238092422485352, "lr": 1.0062744169527642e-05}
{"epoch": 1, "step": 4300, "loss": 0.5772270560264587, "lr": 1.0181129395051499e-05}
{"epoch": 1, "step": 4350, "loss": 0.672453761100769, "lr": 1.0299514620575353e-05}
{"epoch": 1, "step": 4400, "loss": 0.6296058893203735, "lr": 1.0417899846099208e-05}
{"epoch": 1, "step": 4450, "loss": 0.6795345544815063, "lr": 1.0536285071623063e-05}
{"epoch": 1, "step": 4500, "loss": 0.7281704545021057, "lr": 1.0654670297146916e-05}
{"epoch": 1, "step": 4550, "loss": 0.6902120113372803, "lr": 1.0773055522670773e-05}
{"epoch": 1, "step": 4600, "loss": 0.6415811777114868, "lr": 1.0891440748194626e-05}
{"epoch": 1, "step": 4650, "loss": 0.7002020478248596, "lr": 1.100982597371848e-05}
{"epoch": 1, "step": 4700, "loss": 0.667253315448761, "lr": 1.1128211199242335e-05}
{"epoch": 1, "step": 4750, "loss": 0.7027208805084229, "lr": 1.124659642476619e-05}
{"epoch": 1, "step": 4800, "loss": 0.7110719680786133, "lr": 1.1364981650290045e-05}
{"epoch": 1, "step": 4850, "loss": 0.5939367413520813, "lr": 1.14833668758139e-05}
{"epoch": 1, "step": 4900, "loss": 0.7483007907867432, "lr": 1.1601752101337753e-05}
{"epoch": 1, "step": 4950, "loss": 0.611412525177002, "lr": 1.172013732686161e-05}
{"epoch": 1, "step": 5000, "loss": 0.7336243987083435, "lr": 1.1838522552385463e-05}
{"epoch": 1, "step": 5050, "loss": 0.6024277806282043, "lr": 1.1956907777909319e-05}
{"epoch": 1, "step": 5100, "loss": 0.6586226224899292, "lr": 1.2075293003433172e-05}
{"epoch": 1, "step": 5150, "loss": 0.5589432716369629, "lr": 1.2193678228957027e-05}
{"epoch": 1, "step": 5200, "loss": 0.6622857451438904, "lr": 1.2312063454480882e-05}
{"epoch": 1, "step": 5250, "loss": 0.6199541091918945, "lr": 1.2430448680004737e-05}
{"epoch": 1, "step": 5300, "loss": 0.8652694225311279, "lr": 1.254883390552859e-05}
{"epoch": 1, "step": 5350, "loss": 0.6674257516860962, "lr": 1.2667219131052446e-05}
{"epoch": 1, "step": 5400, "loss": 0.6534379124641418, "lr": 1.27856043565763e-05}
{"epoch": 1, "step": 5450, "loss": 0.6455270051956177, "lr": 1.2903989582100156e-05}
{"epoch": 1, "step": 5500, "loss": 0.822577178478241, "lr": 1.3022374807624009e-05}
{"epoch": 1, "step": 5550, "loss": 0.6102491617202759, "lr": 1.3140760033147864e-05}
{"epoch": 1, "step": 5600, "loss": 0.6710959076881409, "lr": 1.325914525867172e-05}
{"epoch": 1, "step": 5650, "loss": 0.6210889220237732, "lr": 1.3377530484195573e-05}
{"epoch": 1, "step": 5700, "loss": 0.6556786894798279, "lr": 1.3495915709719427e-05}
{"epoch": 1, "step": 5750, "loss": 0.6856139898300171, "lr": 1.3614300935243283e-05}
{"epoch": 1, "step": 5800, "loss": 0.6788190007209778, "lr": 1.3732686160767136e-05}
{"epoch": 1, "step": 5850, "loss": 0.5918869972229004, "lr": 1.3851071386290993e-05}
{"epoch": 1, "step": 5900, "loss": 0.7517096996307373, "lr": 1.3969456611814847e-05}
{"epoch": 1, "step": 5950, "loss": 0.6087198853492737, "lr": 1.40878418373387e-05}
{"epoch": 1, "step": 6000, "loss": 0.6408944129943848, "lr": 1.4206227062862557e-05}
{"epoch": 1, "step": 6050, "loss": 0.7226048111915588, "lr": 1.432461228838641e-05}
{"epoch": 1, "step": 6100, "loss": 0.6776584386825562, "lr": 1.4442997513910267e-05}
{"epoch": 1, "step": 6150, "loss": 0.5328538417816162, "lr": 1.456138273943412e-05}
{"epoch": 1, "step": 6200, "loss": 0.6626909971237183, "lr": 1.4679767964957975e-05}
{"epoch": 1, "step": 6250, "loss": 0.6490957140922546, "lr": 1.479815319048183e-05}
{"epoch": 1, "step": 6300, "loss": 0.7591047286987305, "lr": 1.4916538416005684e-05}
{"epoch": 1, "step": 6350, "loss": 0.5815531611442566, "lr": 1.5034923641529537e-05}
{"epoch": 1, "step": 6400, "loss": 0.6302909255027771, "lr": 1.5153308867053394e-05}
{"epoch": 1, "step": 6450, "loss": 0.6822124719619751, "lr": 1.5271694092577247e-05}
{"epoch": 1, "step": 6500, "loss": 0.5969185829162598, "lr": 1.5390079318101102e-05}
{"epoch": 1, "step": 6550, "loss": 0.6156826019287109, "lr": 1.5508464543624957e-05}
{"epoch": 1, "step": 6600, "loss": 0.6741949319839478, "lr": 1.562684976914881e-05}
{"epoch": 1, "step": 6650, "loss": 0.6104004383087158, "lr": 1.5745234994672666e-05}
{"epoch": 1, "step": 6700, "loss": 0.7136335372924805, "lr": 1.586362022019652e-05}
{"epoch": 1, "step": 6750, "loss": 0.5506988167762756, "lr": 1.5982005445720376e-05}
{"epoch": 1, "step": 6800, "loss": 0.7574735879898071, "lr": 1.610039067124423e-05}
{"epoch": 1, "step": 6850, "loss": 0.8856589794158936, "lr": 1.6218775896768086e-05}
{"epoch": 1, "step": 6900, "loss": 0.5105278491973877, "lr": 1.633716112229194e-05}
{"epoch": 1, "step": 6950, "loss": 0.6291714906692505, "lr": 1.6455546347815795e-05}
{"epoch": 1, "step": 7000, "loss": 0.6858660578727722, "lr": 1.6573931573339647e-05}
{"epoch": 1, "step": 7050, "loss": 0.6773630976676941, "lr": 1.6692316798863505e-05}
{"epoch": 1, "step": 7100, "loss": 0.619612991809845, "lr": 1.6810702024387356e-05}
{"epoch": 1, "step": 7150, "loss": 0.5506044626235962, "lr": 1.6929087249911214e-05}
{"epoch": 1, "step": 7200, "loss": 0.6469271183013916, "lr": 1.7047472475435066e-05}
{"epoch": 1, "step": 7250, "loss": 0.6990411877632141, "lr": 1.716585770095892e-05}
{"epoch": 1, "step": 7300, "loss": 0.6127749681472778, "lr": 1.7284242926482775e-05}
{"epoch": 1, "step": 7350, "loss": 0.7135711908340454, "lr": 1.740262815200663e-05}
{"epoch": 1, "step": 7400, "loss": 0.5832027196884155, "lr": 1.7521013377530485e-05}
{"epoch": 1, "step": 7450, "loss": 0.7097058296203613, "lr": 1.763939860305434e-05}
{"epoch": 1, "step": 7500, "loss": 0.746954619884491, "lr": 1.7757783828578195e-05}
{"epoch": 1, "step": 7550, "loss": 0.6571211814880371, "lr": 1.787616905410205e-05}
{"epoch": 1, "step": 7600, "loss": 0.6006033420562744, "lr": 1.7994554279625904e-05}
{"epoch": 1, "step": 7650, "loss": 0.8389928936958313, "lr": 1.811293950514976e-05}
{"epoch": 1, "step": 7700, "loss": 0.6503506898880005, "lr": 1.8231324730673614e-05}
{"epoch": 1, "step": 7750, "loss": 0.6869651079177856, "lr": 1.834970995619747e-05}
{"epoch": 1, "step": 7800, "loss": 0.590583086013794, "lr": 1.846809518172132e-05}
{"epoch": 1, "step": 7850, "loss": 0.6447669863700867, "lr": 1.858648040724518e-05}
{"epoch": 1, "step": 7900, "loss": 0.7078095078468323, "lr": 1.870486563276903e-05}
{"epoch": 1, "step": 7950, "loss": 0.7433478832244873, "lr": 1.8823250858292888e-05}
{"epoch": 1, "step": 8000, "loss": 0.6477357149124146, "lr": 1.8941636083816743e-05}
{"epoch": 1, "step": 8050, "loss": 0.7799648642539978, "lr": 1.9060021309340594e-05}
{"epoch": 1, "step": 8100, "loss": 0.6034505367279053, "lr": 1.9178406534864452e-05}
{"epoch": 1, "step": 8150, "loss": 0.6456999182701111, "lr": 1.9296791760388304e-05}
{"epoch": 1, "step": 8200, "loss": 0.5414671897888184, "lr": 1.9415176985912162e-05}
{"epoch": 1, "step": 8250, "loss": 0.7808002233505249, "lr": 1.9533562211436013e-05}
{"epoch": 1, "step": 8300, "loss": 0.5558285117149353, "lr": 1.9651947436959868e-05}
{"epoch": 1, "step": 8350, "loss": 0.6047722697257996, "lr": 1.9770332662483723e-05}
{"epoch": 1, "step": 8400, "loss": 0.7041122913360596, "lr": 1.9888717888007578e-05}
{"epoch": 1, "weighted_f1": 0.5763456903329967, "checkpoint": "/home/rishank/Projects/major project/Test/results/checkpoints/dnabert2_splitb_seed3/epoch_01.pt"}
{"epoch": 2, "step": 1, "loss": 0.7564923167228699, "lr": 1.999973692172106e-05}
{"epoch": 2, "step": 50, "loss": 0.6030880212783813, "lr": 1.9986846086052905e-05}
{"epoch": 2, "step": 100, "loss": 0.5989390015602112, "lr": 1.9973692172105812e-05}
{"epoch": 2, "step": 150, "loss": 0.7275987863540649, "lr": 1.9960538258158716e-05}
{"epoch": 2, "step": 200, "loss": 0.6516583561897278, "lr": 1.9947384344211622e-05}
{"epoch": 2, "step": 250, "loss": 0.5344838500022888, "lr": 1.9934230430264526e-05}
{"epoch": 2, "step": 300, "loss": 0.6351760029792786, "lr": 1.9921076516317433e-05}
{"epoch": 2, "step": 350, "loss": 0.5720750689506531, "lr": 1.9907922602370336e-05}
{"epoch": 2, "step": 400, "loss": 0.7026795744895935, "lr": 1.9894768688423243e-05}
{"epoch": 2, "step": 450, "loss": 0.680281400680542, "lr": 1.9881614774476147e-05}
{"epoch": 2, "step": 500, "loss": 0.6010323762893677, "lr": 1.9868460860529054e-05}
{"epoch": 2, "step": 550, "loss": 0.590528666973114, "lr": 1.9855306946581957e-05}
{"epoch": 2, "step": 600, "loss": 0.6323386430740356, "lr": 1.984215303263486e-05}
{"epoch": 2, "step": 650, "loss": 0.7343062162399292, "lr": 1.9828999118687768e-05}
{"epoch": 2, "step": 700, "loss": 0.5830932855606079, "lr": 1.981584520474067e-05}
{"epoch": 2, "step": 750, "loss": 0.6492397785186768, "lr": 1.9802691290793578e-05}
{"epoch": 2, "step": 800, "loss": 0.6617919206619263, "lr": 1.978953737684648e-05}
{"epoch": 2, "step": 850, "loss": 0.654151976108551, "lr": 1.9776383462899385e-05}
{"epoch": 2, "step": 900, "loss": 0.7373902797698975, "lr": 1.9763229548952292e-05}
{"epoch": 2, "step": 950, "loss": 0.707782506942749, "lr": 1.9750075635005196e-05}
{"epoch": 2, "step": 1000, "loss": 0.5766621232032776, "lr": 1.9736921721058102e-05}
{"epoch": 2, "step": 1050, "loss": 0.6147633194923401, "lr": 1.9723767807111006e-05}
{"epoch": 2, "step": 1100, "loss": 0.5849125385284424, "lr": 1.9710613893163913e-05}
{"epoch": 2, "step": 1150, "loss": 0.6013457775115967, "lr": 1.9697459979216816e-05}
{"epoch": 2, "step": 1200, "loss": 0.7433338761329651, "lr": 1.9684306065269723e-05}
{"epoch": 2, "step": 1250, "loss": 0.5930218696594238, "lr": 1.9671152151322627e-05}
{"epoch": 2, "step": 1300, "loss": 0.5876532196998596, "lr": 1.9657998237375534e-05}
{"epoch": 2, "step": 1350, "loss": 0.6288493871688843, "lr": 1.9644844323428437e-05}
{"epoch": 2, "step": 1400, "loss": 0.7696720957756042, "lr": 1.9631690409481344e-05}
{"epoch": 2, "step": 1450, "loss": 0.6388683915138245, "lr": 1.9618536495534248e-05}
{"epoch": 2, "step": 1500, "loss": 0.6216549277305603, "lr": 1.9605382581587155e-05}
{"epoch": 2, "step": 1550, "loss": 0.6913723349571228, "lr": 1.9592228667640058e-05}
{"epoch": 2, "step": 1600, "loss": 0.9523224830627441, "lr": 1.9579074753692965e-05}
{"epoch": 2, "step": 1650, "loss": 0.6879563927650452, "lr": 1.956592083974587e-05}
{"epoch": 2, "step": 1700, "loss": 0.6183470487594604, "lr": 1.9552766925798775e-05}
{"epoch": 2, "step": 1750, "loss": 0.6214644908905029, "lr": 1.953961301185168e-05}
{"epoch": 2, "step": 1800, "loss": 0.654096782207489, "lr": 1.9526459097904582e-05}
{"epoch": 2, "step": 1850, "loss": 0.5697795748710632, "lr": 1.9513305183957486e-05}
{"epoch": 2, "step": 1900, "loss": 0.6794357299804688, "lr": 1.9500151270010393e-05}
{"epoch": 2, "step": 1950, "loss": 0.5898323655128479, "lr": 1.9486997356063296e-05}
{"epoch": 2, "step": 2000, "loss": 0.5632423758506775, "lr": 1.9473843442116203e-05}
{"epoch": 2, "step": 2050, "loss": 0.4563194811344147, "lr": 1.9460689528169107e-05}
{"epoch": 2, "step": 2100, "loss": 0.7821547985076904, "lr": 1.9447535614222014e-05}
{"epoch": 2, "step": 2150, "loss": 0.6630243062973022, "lr": 1.9434381700274917e-05}
{"epoch": 2, "step": 2200, "loss": 0.686208963394165, "lr": 1.9421227786327824e-05}
{"epoch": 2, "step": 2250, "loss": 0.4772651791572571, "lr": 1.9408073872380728e-05}
{"epoch": 2, "step": 2300, "loss": 0.611124575138092, "lr": 1.9394919958433634e-05}
{"epoch": 2, "step": 2350, "loss": 0.4996686577796936, "lr": 1.9381766044486538e-05}
{"epoch": 2, "step": 2400, "loss": 0.6301010251045227, "lr": 1.9368612130539445e-05}
{"epoch": 2, "step": 2450, "loss": 0.546095609664917, "lr": 1.935545821659235e-05}
{"epoch": 2, "step": 2500, "loss": 0.6769351959228516, "lr": 1.9342304302645255e-05}
{"epoch": 2, "step": 2550, "loss": 0.5656313896179199, "lr": 1.932915038869816e-05}
{"epoch": 2, "step": 2600, "loss": 0.6567687392234802, "lr": 1.9315996474751066e-05}
{"epoch": 2, "step": 2650, "loss": 0.6247108578681946, "lr": 1.930284256080397e-05}
{"epoch": 2, "step": 2700, "loss": 0.5548554062843323, "lr": 1.9289688646856876e-05}
{"epoch": 2, "step": 2750, "loss": 0.7344693541526794, "lr": 1.927653473290978e-05}
{"epoch": 2, "step": 2800, "loss": 0.6971591114997864, "lr": 1.9263380818962683e-05}
{"epoch": 2, "step": 2850, "loss": 0.6121190786361694, "lr": 1.925022690501559e-05}
{"epoch": 2, "step": 2900, "loss": 0.6680676341056824, "lr": 1.9237072991068494e-05}
{"epoch": 2, "step": 2950, "loss": 0.6024404168128967, "lr": 1.92239190771214e-05}
{"epoch": 2, "step": 3000, "loss": 0.6817352175712585, "lr": 1.9210765163174304e-05}
{"epoch": 2, "step": 3050, "loss": 0.5156092047691345, "lr": 1.9197611249227208e-05}
{"epoch": 2, "step": 3100, "loss": 0.7147904634475708, "lr": 1.9184457335280114e-05}
{"epoch": 2, "step": 3150, "loss": 0.7361419200897217, "lr": 1.9171303421333018e-05}
{"epoch": 2, "step": 3200, "loss": 0.5804513692855835, "lr": 1.9158149507385925e-05}
{"epoch": 2, "step": 3250, "loss": 0.7517620921134949, "lr": 1.914499559343883e-05}
{"epoch": 2, "step": 3300, "loss": 0.7524288892745972, "lr": 1.9131841679491735e-05}
{"epoch": 2, "step": 3350, "loss": 0.5164836049079895, "lr": 1.911868776554464e-05}
{"epoch": 2, "step": 3400, "loss": 0.6313832402229309, "lr": 1.9105533851597546e-05}
{"epoch": 2, "step": 3450, "loss": 0.6542829275131226, "lr": 1.909237993765045e-05}
{"epoch": 2, "step": 3500, "loss": 0.6323186159133911, "lr": 1.9079226023703353e-05}
{"epoch": 2, "step": 3550, "loss": 0.5611622929573059, "lr": 1.906607210975626e-05}
{"epoch": 2, "step": 3600, "loss": 0.48712319135665894, "lr": 1.9052918195809163e-05}
{"epoch": 2, "step": 3650, "loss": 0.6280266046524048, "lr": 1.903976428186207e-05}
{"epoch": 2, "step": 3700, "loss": 0.5546838045120239, "lr": 1.9026610367914974e-05}
{"epoch": 2, "step": 3750, "loss": 0.5455055832862854, "lr": 1.901345645396788e-05}
{"epoch": 2, "step": 3800, "loss": 0.5933995246887207, "lr": 1.9000302540020784e-05}
{"epoch": 2, "step": 3850, "loss": 0.6891570687294006, "lr": 1.898714862607369e-05}
{"epoch": 2, "step": 3900, "loss": 0.40715181827545166, "lr": 1.8973994712126594e-05}
{"epoch": 2, "step": 3950, "loss": 0.6904569268226624, "lr": 1.89608407981795e-05}
{"epoch": 2, "step": 4000, "loss": 0.6358611583709717, "lr": 1.8947686884232405e-05}
{"epoch": 2, "step": 4050, "loss": 0.6531590819358826, "lr": 1.8934532970285312e-05}
{"epoch": 2, "step": 4100, "loss": 0.6623141765594482, "lr": 1.8921379056338215e-05}
{"epoch": 2, "step": 4150, "loss": 0.4504008889198303, "lr": 1.890822514239112e-05}
{"epoch": 2, "step": 4200, "loss": 0.8091024160385132, "lr": 1.8895071228444026e-05}
{"epoch": 2, "step": 4250, "loss": 0.6248742341995239, "lr": 1.888191731449693e-05}
{"epoch": 2, "step": 4300, "loss": 0.6363831758499146, "lr": 1.8868763400549833e-05}
{"epoch": 2, "step": 4350, "loss": 0.7735195755958557, "lr": 1.885560948660274e-05}
{"epoch": 2, "step": 4400, "loss": 0.6167225241661072, "lr": 1.8842455572655643e-05}
{"epoch": 2, "step": 4450, "loss": 0.5789546370506287, "lr": 1.882930165870855e-05}
{"epoch": 2, "step": 4500, "loss": 0.7484773397445679, "lr": 1.8816147744761454e-05}
{"epoch": 2, "step": 4550, "loss": 0.670146644115448, "lr": 1.880299383081436e-05}
{"epoch": 2, "step": 4600, "loss": 0.6184231638908386, "lr": 1.8789839916867264e-05}
{"epoch": 2, "step": 4650, "loss": 0.664452075958252, "lr": 1.877668600292017e-05}
{"epoch": 2, "step": 4700, "loss": 0.6179354190826416, "lr": 1.8763532088973074e-05}
{"epoch": 2, "step": 4750, "loss": 0.5069242119789124, "lr": 1.875037817502598e-05}
{"epoch": 2, "step": 4800, "loss": 0.5181277990341187, "lr": 1.8737224261078885e-05}
{"epoch": 2, "step": 4850, "loss": 0.5548259019851685, "lr": 1.872407034713179e-05}
{"epoch": 2, "step": 4900, "loss": 0.6848590970039368, "lr": 1.8710916433184695e-05}
{"epoch": 2, "step": 4950, "loss": 0.6022199392318726, "lr": 1.8697762519237602e-05}
{"epoch": 2, "step": 5000, "loss": 0.5936806797981262, "lr": 1.8684608605290506e-05}
{"epoch": 2, "step": 5050, "loss": 0.6793593764305115, "lr": 1.8671454691343413e-05}
{"epoch": 2, "step": 5100, "loss": 0.6224731206893921, "lr": 1.8658300777396316e-05}
{"epoch": 2, "step": 5150, "loss": 0.5693555474281311, "lr": 1.8645146863449223e-05}
{"epoch": 2, "step": 5200, "loss": 0.5358039140701294, "lr": 1.8631992949502126e-05}
{"epoch": 2, "step": 5250, "loss": 0.6125573515892029, "lr": 1.8618839035555033e-05}
{"epoch": 2, "step": 5300, "loss": 0.633457362651825, "lr": 1.8605685121607937e-05}
{"epoch": 2, "step": 5350, "loss": 0.6574322581291199, "lr": 1.859253120766084e-05}
{"epoch": 2, "step": 5400, "loss": 0.6522864699363708, "lr": 1.8579377293713744e-05}
{"epoch": 2, "step": 5450, "loss": 0.707114577293396, "lr": 1.856622337976665e-05}
{"epoch": 2, "step": 5500, "loss": 0.5345243811607361, "lr": 1.8553069465819554e-05}
{"epoch": 2, "step": 5550, "loss": 0.6053338646888733, "lr": 1.853991555187246e-05}
{"epoch": 2, "step": 5600, "loss": 0.4976890981197357, "lr": 1.8526761637925365e-05}
{"epoch": 2, "step": 5650, "loss": 0.5037771463394165, "lr": 1.851360772397827e-05}
{"epoch": 2, "step": 5700, "loss": 0.5620258450508118, "lr": 1.8500453810031175e-05}
{"epoch": 2, "step": 5750, "loss": 0.6286281943321228, "lr": 1.8487299896084082e-05}
{"epoch": 2, "step": 5800, "loss": 0.38109132647514343, "lr": 1.8474145982136986e-05}
{"epoch": 2, "step": 5850, "loss": 0.5860990881919861, "lr": 1.8460992068189892e-05}
{"epoch": 2, "step": 5900, "loss": 0.7407854795455933, "lr": 1.8447838154242796e-05}
{"epoch": 2, "step": 5950, "loss": 0.661852240562439, "lr": 1.8434684240295703e-05}
{"epoch": 2, "step": 6000, "loss": 0.548044741153717, "lr": 1.8421530326348606e-05}
{"epoch": 2, "step": 6050, "loss": 0.5439389944076538, "lr": 1.8408376412401513e-05}
{"epoch": 2, "step": 6100, "loss": 0.5371048450469971, "lr": 1.8395222498454417e-05}
{"epoch": 2, "step": 6150, "loss": 0.4278428256511688, "lr": 1.8382068584507324e-05}
{"epoch": 2, "step": 6200, "loss": 0.4868267774581909, "lr": 1.8368914670560227e-05}
{"epoch": 2, "step": 6250, "loss": 0.4834781289100647, "lr": 1.835576075661313e-05}
{"epoch": 2, "step": 6300, "loss": 0.4164595305919647, "lr": 1.8342606842666038e-05}
{"epoch": 2, "step": 6350, "loss": 0.7144672274589539, "lr": 1.832945292871894e-05}
{"epoch": 2, "step": 6400, "loss": 0.699774444103241, "lr": 1.8316299014771848e-05}
{"epoch": 2, "step": 6450, "loss": 0.5391049981117249, "lr": 1.830314510082475e-05}
{"epoch": 2, "step": 6500, "loss": 0.5430373549461365, "lr": 1.8289991186877655e-05}
{"epoch": 2, "step": 6550, "loss": 0.5439620614051819, "lr": 1.8276837272930562e-05}
{"epoch": 2, "step": 6600, "loss": 0.5413915514945984, "lr": 1.8263683358983466e-05}
{"epoch": 2, "step": 6650, "loss": 0.6985452771186829, "lr": 1.8250529445036372e-05}
{"epoch": 2, "step": 6700, "loss": 0.7677893042564392, "lr": 1.8237375531089276e-05}
{"epoch": 2, "step": 6750, "loss": 0.6709014773368835, "lr": 1.8224221617142183e-05}
{"epoch": 2, "step": 6800, "loss": 0.7119250893592834, "lr": 1.8211067703195086e-05}
{"epoch": 2, "step": 6850, "loss": 0.5453305244445801, "lr": 1.8197913789247993e-05}
{"epoch": 2, "step": 6900, "loss": 0.5134801864624023, "lr": 1.8184759875300897e-05}
{"epoch": 2, "step": 6950, "loss": 0.4336673319339752, "lr": 1.8171605961353804e-05}
{"epoch": 2, "step": 7000, "loss": 0.550588071346283, "lr": 1.8158452047406707e-05}
{"epoch": 2, "step": 7050, "loss": 0.472952276468277, "lr": 1.814529813345961e-05}
{"epoch": 2, "step": 7100, "loss": 0.5157329440116882, "lr": 1.8132144219512518e-05}
{"epoch": 2, "step": 7150, "loss": 0.6964993476867676, "lr": 1.811899030556542e-05}
{"epoch": 2, "step": 7200, "loss": 0.6214307546615601, "lr": 1.8105836391618328e-05}
{"epoch": 2, "step": 7250, "loss": 0.6208319664001465, "lr": 1.809268247767123e-05}
{"epoch": 2, "step": 7300, "loss": 0.4685956537723541, "lr": 1.807952856372414e-05}
{"epoch": 2, "step": 7350, "loss": 0.5632908344268799, "lr": 1.8066374649777042e-05}
{"epoch": 2, "step": 7400, "loss": 0.5163856744766235, "lr": 1.805322073582995e-05}
{"epoch": 2, "step": 7450, "loss": 0.609624445438385, "lr": 1.8040066821882852e-05}
{"epoch": 2, "step": 7500, "loss": 0.5649892687797546, "lr": 1.802691290793576e-05}
{"epoch": 2, "step": 7550, "loss": 0.40790343284606934, "lr": 1.8013758993988663e-05}
{"epoch": 2, "step": 7600, "loss": 1.0212746858596802, "lr": 1.800060508004157e-05}
{"epoch": 2, "step": 7650, "loss": 0.6332440376281738, "lr": 1.7987451166094473e-05}
{"epoch": 2, "step": 7700, "loss": 0.41285502910614014, "lr": 1.7974297252147377e-05}
{"epoch": 2, "step": 7750, "loss": 0.5985116958618164, "lr": 1.7961143338200284e-05}
{"epoch": 2, "step": 7800, "loss": 0.47563719749450684, "lr": 1.7947989424253187e-05}
{"epoch": 2, "step": 7850, "loss": 0.6049242615699768, "lr": 1.793483551030609e-05}
{"epoch": 2, "step": 7900, "loss": 0.630443274974823, "lr": 1.7921681596358998e-05}
{"epoch": 2, "step": 7950, "loss": 0.7787885665893555, "lr": 1.79085276824119e-05}
{"epoch": 2, "step": 8000, "loss": 0.5927503108978271, "lr": 1.7895373768464808e-05}
{"epoch": 2, "step": 8050, "loss": 0.6026820540428162, "lr": 1.788221985451771e-05}
{"epoch": 2, "step": 8100, "loss": 0.4446011483669281, "lr": 1.786906594057062e-05}
{"epoch": 2, "step": 8150, "loss": 0.6589961647987366, "lr": 1.7855912026623522e-05}
{"epoch": 2, "step": 8200, "loss": 0.6237234473228455, "lr": 1.784275811267643e-05}
{"epoch": 2, "step": 8250, "loss": 0.42811042070388794, "lr": 1.7829604198729332e-05}
{"epoch": 2, "step": 8300, "loss": 0.4917813241481781, "lr": 1.781645028478224e-05}
{"epoch": 2, "step": 8350, "loss": 0.6460663676261902, "lr": 1.7803296370835143e-05}
{"epoch": 2, "step": 8400, "loss": 0.6907743811607361, "lr": 1.779014245688805e-05}
{"epoch": 2, "weighted_f1": 0.597379019188931, "checkpoint": "/home/rishank/Projects/major project/Test/results/checkpoints/dnabert2_splitb_seed3/epoch_02.pt"}
{"epoch": 3, "step": 1, "loss": 0.5473136305809021, "lr": 1.7777514699498838e-05}
{"epoch": 3, "step": 50, "loss": 0.5538836717605591, "lr": 1.7764623863830684e-05}
{"epoch": 3, "step": 100, "loss": 0.8509763479232788, "lr": 1.7751469949883587e-05}
{"epoch": 3, "step": 150, "loss": 0.760391116142273, "lr": 1.7738316035936494e-05}
{"epoch": 3, "step": 200, "loss": 0.424582839012146, "lr": 1.7725162121989397e-05}
{"epoch": 3, "step": 250, "loss": 0.51507967710495, "lr": 1.7712008208042304e-05}
{"epoch": 3, "step": 300, "loss": 0.7704935073852539, "lr": 1.7698854294095208e-05}
{"epoch": 3, "step": 350, "loss": 0.7248069643974304, "lr": 1.7685700380148115e-05}
{"epoch": 3, "step": 400, "loss": 0.7852329611778259, "lr": 1.7672546466201018e-05}
{"epoch": 3, "step": 450, "loss": 0.7255442142486572, "lr": 1.7659392552253925e-05}
{"epoch": 3, "step": 500, "loss": 0.47315940260887146, "lr": 1.764623863830683e-05}
{"epoch": 3, "step": 550, "loss": 0.7849342823028564, "lr": 1.7633084724359736e-05}
{"epoch": 3, "step": 600, "loss": 0.3450363576412201, "lr": 1.761993081041264e-05}
{"epoch": 3, "step": 650, "loss": 0.558819055557251, "lr": 1.7606776896465546e-05}
{"epoch": 3, "step": 700, "loss": 0.6098892092704773, "lr": 1.759362298251845e-05}
{"epoch": 3, "step": 750, "loss": 0.3367547392845154, "lr": 1.7580469068571356e-05}
{"epoch": 3, "step": 800, "loss": 0.46938908100128174, "lr": 1.756731515462426e-05}
{"epoch": 3, "step": 850, "loss": 0.5907034873962402, "lr": 1.7554161240677167e-05}
{"epoch": 3, "step": 900, "loss": 0.6824259161949158, "lr": 1.754100732673007e-05}
{"epoch": 3, "step": 950, "loss": 0.5642098784446716, "lr": 1.7527853412782977e-05}
{"epoch": 3, "step": 1000, "loss": 0.23706048727035522, "lr": 1.751469949883588e-05}
{"epoch": 3, "step": 1050, "loss": 0.5612448453903198, "lr": 1.7501545584888788e-05}
{"epoch": 3, "step": 1100, "loss": 0.6072239279747009, "lr": 1.748839167094169e-05}
{"epoch": 3, "step": 1150, "loss": 0.652803897857666, "lr": 1.7475237756994595e-05}
{"epoch": 3, "step": 1200, "loss": 0.662156879901886, "lr": 1.7462083843047498e-05}
{"epoch": 3, "step": 1250, "loss": 0.5524997711181641, "lr": 1.7448929929100405e-05}
{"epoch": 3, "step": 1300, "loss": 0.5249411463737488, "lr": 1.743577601515331e-05}
{"epoch": 3, "step": 1350, "loss": 0.5232172608375549, "lr": 1.7422622101206216e-05}
{"epoch": 3, "step": 1400, "loss": 0.5343719124794006, "lr": 1.740946818725912e-05}
{"epoch": 3, "step": 1450, "loss": 0.5236857533454895, "lr": 1.7396314273312026e-05}
{"epoch": 3, "step": 1500, "loss": 0.5914682745933533, "lr": 1.738316035936493e-05}
{"epoch": 3, "step": 1550, "loss": 0.5347214341163635, "lr": 1.7370006445417836e-05}
{"epoch": 3, "step": 1600, "loss": 0.5250151753425598, "lr": 1.735685253147074e-05}
{"epoch": 3, "step": 1650, "loss": 0.81183922290802, "lr": 1.7343698617523647e-05}
{"epoch": 3, "step": 1700, "loss": 0.5397555232048035, "lr": 1.733054470357655e-05}
{"epoch": 3, "step": 1750, "loss": 0.3542696535587311, "lr": 1.7317390789629457e-05}
{"epoch": 3, "step": 1800, "loss": 0.8236737251281738, "lr": 1.730423687568236e-05}
{"epoch": 3, "step": 1850, "loss": 0.6340591907501221, "lr": 1.7291082961735268e-05}
{"epoch": 3, "step": 1900, "loss": 0.40146729350090027, "lr": 1.727792904778817e-05}
{"epoch": 3, "step": 1950, "loss": 0.6254130601882935, "lr": 1.7264775133841075e-05}
{"epoch": 3, "step": 2000, "loss": 0.5549140572547913, "lr": 1.725162121989398e-05}
{"epoch": 3, "step": 2050, "loss": 0.4803566336631775, "lr": 1.7238467305946885e-05}
{"epoch": 3, "step": 2100, "loss": 0.5724928379058838, "lr": 1.7225313391999792e-05}
{"epoch": 3, "step": 2150, "loss": 0.42883601784706116, "lr": 1.7212159478052696e-05}
{"epoch": 3, "step": 2200, "loss": 0.5826605558395386, "lr": 1.7199005564105602e-05}
{"epoch": 3, "step": 2250, "loss": 0.5677637457847595, "lr": 1.7185851650158506e-05}
{"epoch": 3, "step": 2300, "loss": 0.4728025794029236, "lr": 1.717269773621141e-05}
{"epoch": 3, "step": 2350, "loss": 0.5496149063110352, "lr": 1.7159543822264316e-05}
{"epoch": 3, "step": 2400, "loss": 0.5222035050392151, "lr": 1.714638990831722e-05}
{"epoch": 3, "step": 2450, "loss": 0.5616247653961182, "lr": 1.7133235994370127e-05}
{"epoch": 3, "step": 2500, "loss": 0.3544844388961792, "lr": 1.712008208042303e-05}
{"epoch": 3, "step": 2550, "loss": 0.39105355739593506, "lr": 1.7106928166475937e-05}
{"epoch": 3, "step": 2600, "loss": 0.36633992195129395, "lr": 1.709377425252884e-05}
{"epoch": 3, "step": 2650, "loss": 0.5582954287528992, "lr": 1.7080620338581748e-05}
{"epoch": 3, "step": 2700, "loss": 0.583774209022522, "lr": 1.706746642463465e-05}
{"epoch": 3, "step": 2750, "loss": 0.6578676104545593, "lr": 1.7054312510687555e-05}
{"epoch": 3, "step": 2800, "loss": 0.3834438621997833, "lr": 1.704115859674046e-05}
{"epoch": 3, "step": 2850, "loss": 0.7397100925445557, "lr": 1.7028004682793365e-05}
{"epoch": 3, "step": 2900, "loss": 0.4551098048686981, "lr": 1.7014850768846272e-05}
{"epoch": 3, "step": 2950, "loss": 0.3796413242816925, "lr": 1.7001696854899175e-05}
{"epoch": 3, "step": 3000, "loss": 0.5626360774040222, "lr": 1.6988542940952082e-05}
{"epoch": 3, "step": 3050, "loss": 0.6641799211502075, "lr": 1.6975389027004986e-05}
{"epoch": 3, "step": 3100, "loss": 0.4935568571090698, "lr": 1.6962235113057893e-05}
{"epoch": 3, "step": 3150, "loss": 0.5672761797904968, "lr": 1.6949081199110796e-05}
{"epoch": 3, "step": 3200, "loss": 0.5936633944511414, "lr": 1.6935927285163703e-05}
{"epoch": 3, "step": 3250, "loss": 0.5050976872444153, "lr": 1.6922773371216607e-05}
{"epoch": 3, "step": 3300, "loss": 0.4604925513267517, "lr": 1.6909619457269514e-05}
{"epoch": 3, "step": 3350, "loss": 0.5387575030326843, "lr": 1.6896465543322417e-05}
{"epoch": 3, "step": 3400, "loss": 0.6244410276412964, "lr": 1.6883311629375324e-05}
{"epoch": 3, "step": 3450, "loss": 0.4849396347999573, "lr": 1.6870157715428228e-05}
{"epoch": 3, "step": 3500, "loss": 0.7489520311355591, "lr": 1.685700380148113e-05}
{"epoch": 3, "step": 3550, "loss": 0.6144874691963196, "lr": 1.6843849887534035e-05}
{"epoch": 3, "step": 3600, "loss": 0.5458243489265442, "lr": 1.683069597358694e-05}
{"epoch": 3, "step": 3650, "loss": 0.5026838779449463, "lr": 1.6817542059639845e-05}
{"epoch": 3, "step": 3700, "loss": 0.39385080337524414, "lr": 1.6804388145692752e-05}
{"epoch": 3, "step": 3750, "loss": 0.7880391478538513, "lr": 1.6791234231745655e-05}
{"epoch": 3, "step": 3800, "loss": 0.3811649978160858, "lr": 1.6778080317798562e-05}
{"epoch": 3, "step": 3850, "loss": 0.8047235608100891, "lr": 1.6764926403851466e-05}
{"epoch": 3, "step": 3900, "loss": 0.684572696685791, "lr": 1.6751772489904373e-05}
{"epoch": 3, "step": 3950, "loss": 0.38841646909713745, "lr": 1.6738618575957276e-05}
{"epoch": 3, "step": 4000, "loss": 0.6181216835975647, "lr": 1.6725464662010183e-05}
{"epoch": 3, "step": 4050, "loss": 0.48878106474876404, "lr": 1.6712310748063087e-05}
{"epoch": 3, "step": 4100, "loss": 0.5611891150474548, "lr": 1.6699156834115994e-05}
{"epoch": 3, "step": 4150, "loss": 0.42341744899749756, "lr": 1.6686002920168897e-05}
{"epoch": 3, "step": 4200, "loss": 0.591570258140564, "lr": 1.6672849006221804e-05}
{"epoch": 3, "step": 4250, "loss": 0.6847769618034363, "lr": 1.6659695092274708e-05}
{"epoch": 3, "step": 4300, "loss": 0.577447235584259, "lr": 1.6646541178327614e-05}
{"epoch": 3, "step": 4350, "loss": 0.3696273863315582, "lr": 1.6633387264380518e-05}
{"epoch": 3, "step": 4400, "loss": 0.5923700332641602, "lr": 1.6620233350433425e-05}
{"epoch": 3, "step": 4450, "loss": 0.6320045590400696, "lr": 1.660707943648633e-05}
{"epoch": 3, "step": 4500, "loss": 0.5779887437820435, "lr": 1.6593925522539235e-05}
{"epoch": 3, "step": 4550, "loss": 0.415112167596817, "lr": 1.658077160859214e-05}
{"epoch": 3, "step": 4600, "loss": 0.5164267420768738, "lr": 1.6567617694645046e-05}
{"epoch": 3, "step": 4650, "loss": 0.6201707124710083, "lr": 1.655446378069795e-05}
{"epoch": 3, "step": 4700, "loss": 0.684945821762085, "lr": 1.6541309866750853e-05}
{"epoch": 3, "step": 4750, "loss": 0.6723143458366394, "lr": 1.6528155952803756e-05}
{"epoch": 3, "step": 4800, "loss": 0.9461679458618164, "lr": 1.6515002038856663e-05}
{"epoch": 3, "step": 4850, "loss": 0.784587562084198, "lr": 1.6501848124909567e-05}
{"epoch": 3, "step": 4900, "loss": 0.7414610385894775, "lr": 1.6488694210962474e-05}
{"epoch": 3, "step": 4950, "loss": 0.47951364517211914, "lr": 1.6475540297015377e-05}
{"epoch": 3, "step": 5000, "loss": 0.36584803462028503, "lr": 1.6462386383068284e-05}
{"epoch": 3, "step": 5050, "loss": 0.7142669558525085, "lr": 1.6449232469121187e-05}
{"epoch": 3, "step": 5100, "loss": 0.4719838798046112, "lr": 1.6436078555174094e-05}
{"epoch": 3, "step": 5150, "loss": 0.4220525026321411, "lr": 1.6422924641226998e-05}
{"epoch": 3, "step": 5200, "loss": 0.7919538021087646, "lr": 1.6409770727279905e-05}
{"epoch": 3, "step": 5250, "loss": 0.6591089367866516, "lr": 1.639661681333281e-05}
{"epoch": 3, "step": 5300, "loss": 0.5984693169593811, "lr": 1.6383462899385715e-05}
{"epoch": 3, "step": 5350, "loss": 0.471318781375885, "lr": 1.637030898543862e-05}
{"epoch": 3, "step": 5400, "loss": 0.6142423152923584, "lr": 1.6357155071491522e-05}
{"epoch": 3, "step": 5450, "loss": 0.5231892466545105, "lr": 1.634400115754443e-05}
{"epoch": 3, "step": 5500, "loss": 0.3388173580169678, "lr": 1.6330847243597333e-05}
{"epoch": 3, "step": 5550, "loss": 0.5395078659057617, "lr": 1.631769332965024e-05}
{"epoch": 3, "step": 5600, "loss": 0.48778799176216125, "lr": 1.6304539415703143e-05}
{"epoch": 3, "step": 5650, "loss": 0.7533042430877686, "lr": 1.629138550175605e-05}
{"epoch": 3, "step": 5700, "loss": 0.7349445819854736, "lr": 1.6278231587808953e-05}
{"epoch": 3, "step": 5750, "loss": 0.5865218639373779, "lr": 1.626507767386186e-05}
{"epoch": 3, "step": 5800, "loss": 0.4888264536857605, "lr": 1.6251923759914764e-05}
{"epoch": 3, "step": 5850, "loss": 0.3419725298881531, "lr": 1.6238769845967667e-05}
{"epoch": 3, "step": 5900, "loss": 0.524838387966156, "lr": 1.6225615932020574e-05}
{"epoch": 3, "step": 5950, "loss": 0.4077068865299225, "lr": 1.6212462018073478e-05}
{"epoch": 3, "step": 6000, "loss": 0.4788273274898529, "lr": 1.6199308104126385e-05}
{"epoch": 3, "step": 6050, "loss": 0.5933484435081482, "lr": 1.6186154190179288e-05}
{"epoch": 3, "step": 6100, "loss": 0.5695069432258606, "lr": 1.6173000276232195e-05}
{"epoch": 3, "step": 6150, "loss": 0.5449433922767639, "lr": 1.61598463622851e-05}
{"epoch": 3, "step": 6200, "loss": 0.568764328956604, "lr": 1.6146692448338002e-05}
{"epoch": 3, "step": 6250, "loss": 0.47970160841941833, "lr": 1.613353853439091e-05}
{"epoch": 3, "step": 6300, "loss": 0.487456738948822, "lr": 1.6120384620443813e-05}
{"epoch": 3, "step": 6350, "loss": 0.4479513466358185, "lr": 1.610723070649672e-05}
{"epoch": 3, "step": 6400, "loss": 0.40896883606910706, "lr": 1.6094076792549623e-05}
{"epoch": 3, "step": 6450, "loss": 0.7183535099029541, "lr": 1.608092287860253e-05}
{"epoch": 3, "step": 6500, "loss": 0.431064635515213, "lr": 1.6067768964655433e-05}
{"epoch": 3, "step": 6550, "loss": 0.5642467737197876, "lr": 1.605461505070834e-05}
{"epoch": 3, "step": 6600, "loss": 0.6685042977333069, "lr": 1.6041461136761244e-05}
{"epoch": 3, "step": 6650, "loss": 0.5318002104759216, "lr": 1.602830722281415e-05}
{"epoch": 3, "step": 6700, "loss": 0.4399418532848358, "lr": 1.6015153308867054e-05}
{"epoch": 3, "step": 6750, "loss": 0.3246268928050995, "lr": 1.600199939491996e-05}
{"epoch": 3, "step": 6800, "loss": 0.5371796488761902, "lr": 1.5988845480972865e-05}
{"epoch": 3, "step": 6850, "loss": 0.5399857759475708, "lr": 1.597569156702577e-05}
{"epoch": 3, "step": 6900, "loss": 0.4323277473449707, "lr": 1.5962537653078675e-05}
{"epoch": 3, "step": 6950, "loss": 0.379987895488739, "lr": 1.5949383739131582e-05}
{"epoch": 3, "step": 7000, "loss": 0.42183592915534973, "lr": 1.5936229825184486e-05}
{"epoch": 3, "step": 7050, "loss": 0.546002209186554, "lr": 1.592307591123739e-05}
{"epoch": 3, "step": 7100, "loss": 0.553560197353363, "lr": 1.5909921997290293e-05}
{"epoch": 3, "step": 7150, "loss": 0.5181961059570312, "lr": 1.58967680833432e-05}
{"epoch": 3, "step": 7200, "loss": 0.5425034761428833, "lr": 1.5883614169396103e-05}
{"epoch": 3, "step": 7250, "loss": 0.5172669291496277, "lr": 1.587046025544901e-05}
{"epoch": 3, "step": 7300, "loss": 0.7137336134910583, "lr": 1.5857306341501913e-05}
{"epoch": 3, "step": 7350, "loss": 0.841094970703125, "lr": 1.584415242755482e-05}
{"epoch": 3, "step": 7400, "loss": 0.44815298914909363, "lr": 1.5830998513607724e-05}
{"epoch": 3, "step": 7450, "loss": 0.63820880651474, "lr": 1.581784459966063e-05}
{"epoch": 3, "step": 7500, "loss": 0.5819880366325378, "lr": 1.5804690685713534e-05}
{"epoch": 3, "step": 7550, "loss": 0.4611639082431793, "lr": 1.579153677176644e-05}
{"epoch": 3, "step": 7600, "loss": 0.45031556487083435, "lr": 1.5778382857819345e-05}
{"epoch": 3, "step": 7650, "loss": 0.26679158210754395, "lr": 1.576522894387225e-05}
{"epoch": 3, "step": 7700, "loss": 0.606145977973938, "lr": 1.5752075029925155e-05}
{"epoch": 3, "step": 7750, "loss": 0.5444990396499634, "lr": 1.5738921115978062e-05}
{"epoch": 3, "step": 7800, "loss": 0.6431591510772705, "lr": 1.5725767202030966e-05}
{"epoch": 3, "step": 7850, "loss": 0.6840770840644836, "lr": 1.5712613288083872e-05}
{"epoch": 3, "step": 7900, "loss": 0.5000734925270081, "lr": 1.5699459374136776e-05}
{"epoch": 3, "step": 7950, "loss": 0.35798072814941406, "lr": 1.5686305460189683e-05}
{"epoch": 3, "step": 8000, "loss": 0.8855412602424622, "lr": 1.5673151546242586e-05}
{"epoch": 3, "step": 8050, "loss": 0.40078896284103394, "lr": 1.5659997632295493e-05}
{"epoch": 3, "step": 8100, "loss": 0.27345070242881775, "lr": 1.5646843718348397e-05}
{"epoch": 3, "step": 8150, "loss": 0.5615413188934326, "lr": 1.56336898044013e-05}
{"epoch": 3, "step": 8200, "loss": 0.5526446104049683, "lr": 1.5620535890454204e-05}
{"epoch": 3, "step": 8250, "loss": 0.514615535736084, "lr": 1.560738197650711e-05}
{"epoch": 3, "step": 8300, "loss": 0.391834557056427, "lr": 1.5594228062560014e-05}
{"epoch": 3, "step": 8350, "loss": 0.7291723489761353, "lr": 1.558107414861292e-05}
{"epoch": 3, "step": 8400, "loss": 0.7076390385627747, "lr": 1.5567920234665825e-05}
{"epoch": 3, "weighted_f1": 0.6108351000916747, "checkpoint": "/home/rishank/Projects/major project/Test/results/checkpoints/dnabert2_splitb_seed3/epoch_03.pt"}
{"epoch": 4, "step": 1, "loss": 0.6792676448822021, "lr": 1.5555292477276616e-05}
{"epoch": 4, "step": 50, "loss": 0.560741662979126, "lr": 1.5542401641608462e-05}
{"epoch": 4, "step": 100, "loss": 0.5598845481872559, "lr": 1.552924772766137e-05}
{"epoch": 4, "step": 150, "loss": 0.7583622336387634, "lr": 1.5516093813714272e-05}
{"epoch": 4, "step": 200, "loss": 0.3304288685321808, "lr": 1.550293989976718e-05}
{"epoch": 4, "step": 250, "loss": 0.5105851292610168, "lr": 1.5489785985820083e-05}
{"epoch": 4, "step": 300, "loss": 0.5485961437225342, "lr": 1.5476632071872986e-05}
{"epoch": 4, "step": 350, "loss": 0.5634695887565613, "lr": 1.5463478157925893e-05}
{"epoch": 4, "step": 400, "loss": 0.3652178943157196, "lr": 1.5450324243978797e-05}
{"epoch": 4, "step": 450, "loss": 0.5090227723121643, "lr": 1.5437170330031704e-05}
{"epoch": 4, "step": 500, "loss": 0.618470311164856, "lr": 1.5424016416084607e-05}
{"epoch": 4, "step": 550, "loss": 0.8040509819984436, "lr": 1.541086250213751e-05}
{"epoch": 4, "step": 600, "loss": 0.34040144085884094, "lr": 1.5397708588190417e-05}
{"epoch": 4, "step": 650, "loss": 0.36258187890052795, "lr": 1.538455467424332e-05}
{"epoch": 4, "step": 700, "loss": 0.649108350276947, "lr": 1.5371400760296228e-05}
{"epoch": 4, "step": 750, "loss": 0.4715087413787842, "lr": 1.535824684634913e-05}
{"epoch": 4, "step": 800, "loss": 0.6381244659423828, "lr": 1.5345092932402038e-05}
{"epoch": 4, "step": 850, "loss": 0.6711165308952332, "lr": 1.5331939018454942e-05}
{"epoch": 4, "step": 900, "loss": 0.4888469874858856, "lr": 1.531878510450785e-05}
{"epoch": 4, "step": 950, "loss": 0.49476826190948486, "lr": 1.5305631190560752e-05}
{"epoch": 4, "step": 1000, "loss": 0.40788140892982483, "lr": 1.529247727661366e-05}
{"epoch": 4, "step": 1050, "loss": 0.3890671730041504, "lr": 1.5279323362666563e-05}
{"epoch": 4, "step": 1100, "loss": 0.45272308588027954, "lr": 1.5266169448719466e-05}
{"epoch": 4, "step": 1150, "loss": 0.5058152675628662, "lr": 1.5253015534772373e-05}
{"epoch": 4, "step": 1200, "loss": 0.38728201389312744, "lr": 1.5239861620825278e-05}
{"epoch": 4, "step": 1250, "loss": 0.6489214897155762, "lr": 1.5226707706878183e-05}
{"epoch": 4, "step": 1300, "loss": 0.8768956065177917, "lr": 1.5213553792931089e-05}
{"epoch": 4, "step": 1350, "loss": 0.6672226786613464, "lr": 1.5200399878983994e-05}
{"epoch": 4, "step": 1400, "loss": 0.7558305263519287, "lr": 1.5187245965036899e-05}
{"epoch": 4, "step": 1450, "loss": 0.6262775659561157, "lr": 1.5174092051089804e-05}
{"epoch": 4, "step": 1500, "loss": 0.3003006875514984, "lr": 1.516093813714271e-05}
{"epoch": 4, "step": 1550, "loss": 0.34732142090797424, "lr": 1.5147784223195615e-05}
{"epoch": 4, "step": 1600, "loss": 0.7655840516090393, "lr": 1.513463030924852e-05}
{"epoch": 4, "step": 1650, "loss": 0.6120646595954895, "lr": 1.5121476395301422e-05}
{"epoch": 4, "step": 1700, "loss": 0.41640791296958923, "lr": 1.5108322481354327e-05}
{"epoch": 4, "step": 1750, "loss": 0.2446354478597641, "lr": 1.5095168567407232e-05}
{"epoch": 4, "step": 1800, "loss": 0.2530869245529175, "lr": 1.5082014653460137e-05}
{"epoch": 4, "step": 1850, "loss": 0.5249702334403992, "lr": 1.5068860739513043e-05}
{"epoch": 4, "step": 1900, "loss": 0.3582729995250702, "lr": 1.5055706825565948e-05}
{"epoch": 4, "step": 1950, "loss": 0.8193448185920715, "lr": 1.5042552911618853e-05}
{"epoch": 4, "step": 2000, "loss": 0.9666966199874878, "lr": 1.5029398997671758e-05}
{"epoch": 4, "step": 2050, "loss": 0.44546860456466675, "lr": 1.5016245083724663e-05}
{"epoch": 4, "step": 2100, "loss": 0.5226503014564514, "lr": 1.5003091169777569e-05}
{"epoch": 4, "step": 2150, "loss": 0.4410344064235687, "lr": 1.4989937255830474e-05}
{"epoch": 4, "step": 2200, "loss": 0.2978488802909851, "lr": 1.4976783341883379e-05}
{"epoch": 4, "step": 2250, "loss": 0.6002914309501648, "lr": 1.4963629427936284e-05}
{"epoch": 4, "step": 2300, "loss": 0.5851293206214905, "lr": 1.495047551398919e-05}
{"epoch": 4, "step": 2350, "loss": 0.5345587134361267, "lr": 1.4937321600042095e-05}
{"epoch": 4, "step": 2400, "loss": 0.5756737589836121, "lr": 1.4924167686095e-05}
{"epoch": 4, "step": 2450, "loss": 0.5760706663131714, "lr": 1.4911013772147903e-05}
{"epoch": 4, "step": 2500, "loss": 0.321371853351593, "lr": 1.4897859858200809e-05}
{"epoch": 4, "step": 2550, "loss": 0.4953824281692505, "lr": 1.4884705944253714e-05}
{"epoch": 4, "step": 2600, "loss": 0.5326352119445801, "lr": 1.4871552030306619e-05}
{"epoch": 4, "step": 2650, "loss": 0.39117422699928284, "lr": 1.4858398116359524e-05}
{"epoch": 4, "step": 2700, "loss": 0.5323675274848938, "lr": 1.484524420241243e-05}
{"epoch": 4, "step": 2750, "loss": 0.41057711839675903, "lr": 1.4832090288465335e-05}
{"epoch": 4, "step": 2800, "loss": 0.43372881412506104, "lr": 1.481893637451824e-05}
{"epoch": 4, "step": 2850, "loss": 0.40855228900909424, "lr": 1.4805782460571143e-05}
{"epoch": 4, "step": 2900, "loss": 0.5199247598648071, "lr": 1.4792628546624049e-05}
{"epoch": 4, "step": 2950, "loss": 0.37853482365608215, "lr": 1.4779474632676954e-05}
{"epoch": 4, "step": 3000, "loss": 0.7237380146980286, "lr": 1.4766320718729859e-05}
{"epoch": 4, "step": 3050, "loss": 0.583257794380188, "lr": 1.4753166804782764e-05}
{"epoch": 4, "step": 3100, "loss": 0.4675612151622772, "lr": 1.474001289083567e-05}
{"epoch": 4, "step": 3150, "loss": 0.6790913343429565, "lr": 1.4726858976888575e-05}
{"epoch": 4, "step": 3200, "loss": 0.4296802282333374, "lr": 1.471370506294148e-05}
{"epoch": 4, "step": 3250, "loss": 0.3441319763660431, "lr": 1.4700551148994383e-05}
{"epoch": 4, "step": 3300, "loss": 0.5249288082122803, "lr": 1.4687397235047289e-05}
{"epoch": 4, "step": 3350, "loss": 0.46679043769836426, "lr": 1.4674243321100194e-05}
{"epoch": 4, "step": 3400, "loss": 0.6445282101631165, "lr": 1.4661089407153099e-05}
{"epoch": 4, "step": 3450, "loss": 0.8525456190109253, "lr": 1.4647935493206004e-05}
{"epoch": 4, "step": 3500, "loss": 0.6569394469261169, "lr": 1.463478157925891e-05}
{"epoch": 4, "step": 3550, "loss": 0.5947936773300171, "lr": 1.4621627665311815e-05}
{"epoch": 4, "step": 3600, "loss": 0.37184157967567444, "lr": 1.460847375136472e-05}
{"epoch": 4, "step": 3650, "loss": 0.775432288646698, "lr": 1.4595319837417625e-05}
{"epoch": 4, "step": 3700, "loss": 0.66659015417099, "lr": 1.458216592347053e-05}
{"epoch": 4, "step": 3750, "loss": 0.5341254472732544, "lr": 1.4569012009523435e-05}
{"epoch": 4, "step": 3800, "loss": 0.43908029794692993, "lr": 1.455585809557634e-05}
{"epoch": 4, "step": 3850, "loss": 0.7191891670227051, "lr": 1.4542704181629246e-05}
{"epoch": 4, "step": 3900, "loss": 0.5086023807525635, "lr": 1.4529550267682151e-05}
{"epoch": 4, "step": 3950, "loss": 0.3769940733909607, "lr": 1.4516396353735056e-05}
{"epoch": 4, "step": 4000, "loss": 0.577469527721405, "lr": 1.4503242439787962e-05}
{"epoch": 4, "step": 4050, "loss": 0.3394036889076233, "lr": 1.4490088525840863e-05}
{"epoch": 4, "step": 4100, "loss": 0.5309489369392395, "lr": 1.4476934611893769e-05}
{"epoch": 4, "step": 4150, "loss": 0.38897478580474854, "lr": 1.4463780697946674e-05}
{"epoch": 4, "step": 4200, "loss": 0.28788959980010986, "lr": 1.4450626783999579e-05}
{"epoch": 4, "step": 4250, "loss": 0.38336512446403503, "lr": 1.4437472870052484e-05}
{"epoch": 4, "step": 4300, "loss": 0.7199172377586365, "lr": 1.442431895610539e-05}
{"epoch": 4, "step": 4350, "loss": 0.40406534075737, "lr": 1.4411165042158295e-05}
{"epoch": 4, "step": 4400, "loss": 0.36810678243637085, "lr": 1.43980111282112e-05}
{"epoch": 4, "step": 4450, "loss": 0.3408345580101013, "lr": 1.4384857214264105e-05}
{"epoch": 4, "step": 4500, "loss": 0.2789073884487152, "lr": 1.437170330031701e-05}
{"epoch": 4, "step": 4550, "loss": 0.339106947183609, "lr": 1.4358549386369915e-05}
{"epoch": 4, "step": 4600, "loss": 0.4725934565067291, "lr": 1.434539547242282e-05}
{"epoch": 4, "step": 4650, "loss": 0.441083163022995, "lr": 1.4332241558475726e-05}
{"epoch": 4, "step": 4700, "loss": 0.5521660447120667, "lr": 1.4319087644528631e-05}
{"epoch": 4, "step": 4750, "loss": 0.8818503618240356, "lr": 1.4305933730581536e-05}
{"epoch": 4, "step": 4800, "loss": 0.4664972126483917, "lr": 1.4292779816634441e-05}
{"epoch": 4, "step": 4850, "loss": 0.41776445508003235, "lr": 1.4279625902687347e-05}
{"epoch": 4, "step": 4900, "loss": 0.5026459693908691, "lr": 1.4266471988740252e-05}
{"epoch": 4, "step": 4950, "loss": 0.4600678086280823, "lr": 1.4253318074793157e-05}
{"epoch": 4, "step": 5000, "loss": 0.5147464871406555, "lr": 1.4240164160846062e-05}
{"epoch": 4, "step": 5050, "loss": 0.5776417851448059, "lr": 1.4227010246898968e-05}
{"epoch": 4, "step": 5100, "loss": 0.5093685984611511, "lr": 1.4213856332951873e-05}
{"epoch": 4, "step": 5150, "loss": 0.4573427140712738, "lr": 1.4200702419004776e-05}
{"epoch": 4, "step": 5200, "loss": 0.6676371693611145, "lr": 1.418754850505768e-05}
{"epoch": 4, "step": 5250, "loss": 0.6083095073699951, "lr": 1.4174394591110585e-05}
{"epoch": 4, "step": 5300, "loss": 0.5407454371452332, "lr": 1.416124067716349e-05}
{"epoch": 4, "step": 5350, "loss": 0.379040390253067, "lr": 1.4148086763216395e-05}
{"epoch": 4, "step": 5400, "loss": 0.4580172598361969, "lr": 1.41349328492693e-05}
{"epoch": 4, "step": 5450, "loss": 0.5387251973152161, "lr": 1.4121778935322206e-05}
{"epoch": 4, "step": 5500, "loss": 0.42439761757850647, "lr": 1.4108625021375111e-05}
{"epoch": 4, "step": 5550, "loss": 0.5783311724662781, "lr": 1.4095471107428016e-05}
{"epoch": 4, "step": 5600, "loss": 0.3615780472755432, "lr": 1.4082317193480921e-05}
{"epoch": 4, "step": 5650, "loss": 0.38928142189979553, "lr": 1.4069163279533827e-05}
{"epoch": 4, "step": 5700, "loss": 0.6195314526557922, "lr": 1.4056009365586732e-05}
{"epoch": 4, "step": 5750, "loss": 0.49690690636634827, "lr": 1.4042855451639637e-05}
{"epoch": 4, "step": 5800, "loss": 0.4485158622264862, "lr": 1.4029701537692542e-05}
{"epoch": 4, "step": 5850, "loss": 0.5468575954437256, "lr": 1.4016547623745447e-05}
{"epoch": 4, "step": 5900, "loss": 0.5507771372795105, "lr": 1.4003393709798353e-05}
{"epoch": 4, "step": 5950, "loss": 0.6070923209190369, "lr": 1.3990239795851256e-05}
{"epoch": 4, "step": 6000, "loss": 0.4275055527687073, "lr": 1.3977085881904161e-05}
{"epoch": 4, "step": 6050, "loss": 0.3170836865901947, "lr": 1.3963931967957067e-05}
{"epoch": 4, "step": 6100, "loss": 0.5453091263771057, "lr": 1.3950778054009972e-05}
{"epoch": 4, "step": 6150, "loss": 0.5647925138473511, "lr": 1.3937624140062877e-05}
{"epoch": 4, "step": 6200, "loss": 0.33842217922210693, "lr": 1.3924470226115782e-05}
{"epoch": 4, "step": 6250, "loss": 0.5407066345214844, "lr": 1.3911316312168687e-05}
{"epoch": 4, "step": 6300, "loss": 0.6698101162910461, "lr": 1.3898162398221593e-05}
{"epoch": 4, "step": 6350, "loss": 0.5225985050201416, "lr": 1.3885008484274498e-05}
{"epoch": 4, "step": 6400, "loss": 0.5157101154327393, "lr": 1.3871854570327401e-05}
{"epoch": 4, "step": 6450, "loss": 0.537608802318573, "lr": 1.3858700656380307e-05}
{"epoch": 4, "step": 6500, "loss": 0.4496331512928009, "lr": 1.3845546742433212e-05}
{"epoch": 4, "step": 6550, "loss": 0.5120372176170349, "lr": 1.3832392828486117e-05}
{"epoch": 4, "step": 6600, "loss": 0.3951476812362671, "lr": 1.3819238914539022e-05}
{"epoch": 4, "step": 6650, "loss": 0.5897350311279297, "lr": 1.3806085000591927e-05}
{"epoch": 4, "step": 6700, "loss": 0.6311255097389221, "lr": 1.3792931086644833e-05}
{"epoch": 4, "step": 6750, "loss": 0.3393527567386627, "lr": 1.3779777172697736e-05}
{"epoch": 4, "step": 6800, "loss": 0.4326288104057312, "lr": 1.3766623258750641e-05}
{"epoch": 4, "step": 6850, "loss": 0.4341009259223938, "lr": 1.3753469344803547e-05}
{"epoch": 4, "step": 6900, "loss": 0.3671107590198517, "lr": 1.3740315430856452e-05}
{"epoch": 4, "step": 6950, "loss": 0.4598020315170288, "lr": 1.3727161516909357e-05}
{"epoch": 4, "step": 7000, "loss": 0.5364400148391724, "lr": 1.3714007602962262e-05}
{"epoch": 4, "step": 7050, "loss": 0.3115268051624298, "lr": 1.3700853689015167e-05}
{"epoch": 4, "step": 7100, "loss": 0.3972919285297394, "lr": 1.3687699775068073e-05}
{"epoch": 4, "step": 7150, "loss": 0.5447043776512146, "lr": 1.3674545861120978e-05}
{"epoch": 4, "step": 7200, "loss": 0.5245158076286316, "lr": 1.3661391947173883e-05}
{"epoch": 4, "step": 7250, "loss": 0.5717417001724243, "lr": 1.3648238033226788e-05}
{"epoch": 4, "step": 7300, "loss": 0.5729976892471313, "lr": 1.3635084119279693e-05}
{"epoch": 4, "step": 7350, "loss": 0.48484334349632263, "lr": 1.3621930205332599e-05}
{"epoch": 4, "step": 7400, "loss": 0.6006312370300293, "lr": 1.3608776291385504e-05}
{"epoch": 4, "step": 7450, "loss": 0.47367343306541443, "lr": 1.3595622377438409e-05}
{"epoch": 4, "step": 7500, "loss": 0.5381163954734802, "lr": 1.3582468463491314e-05}
{"epoch": 4, "step": 7550, "loss": 0.3533827066421509, "lr": 1.3569314549544216e-05}
{"epoch": 4, "step": 7600, "loss": 0.3488549292087555, "lr": 1.3556160635597121e-05}
{"epoch": 4, "step": 7650, "loss": 0.4704468846321106, "lr": 1.3543006721650027e-05}
{"epoch": 4, "step": 7700, "loss": 0.5257800817489624, "lr": 1.3529852807702932e-05}
{"epoch": 4, "step": 7750, "loss": 0.38368818163871765, "lr": 1.3516698893755837e-05}
{"epoch": 4, "step": 7800, "loss": 0.41065627336502075, "lr": 1.3503544979808742e-05}
{"epoch": 4, "step": 7850, "loss": 0.42644184827804565, "lr": 1.3490391065861647e-05}
{"epoch": 4, "step": 7900, "loss": 0.28992944955825806, "lr": 1.3477237151914553e-05}
{"epoch": 4, "step": 7950, "loss": 0.5209197998046875, "lr": 1.3464083237967458e-05}
{"epoch": 4, "step": 8000, "loss": 0.5090373754501343, "lr": 1.3450929324020363e-05}
{"epoch": 4, "step": 8050, "loss": 0.3019825220108032, "lr": 1.3437775410073268e-05}
{"epoch": 4, "step": 8100, "loss": 0.4109928011894226, "lr": 1.3424621496126173e-05}
{"epoch": 4, "step": 8150, "loss": 0.5440158843994141, "lr": 1.3411467582179079e-05}
{"epoch": 4, "step": 8200, "loss": 0.3074039816856384, "lr": 1.3398313668231984e-05}
{"epoch": 4, "step": 8250, "loss": 0.46804124116897583, "lr": 1.3385159754284889e-05}
{"epoch": 4, "step": 8300, "loss": 0.3782995939254761, "lr": 1.3372005840337794e-05}
{"epoch": 4, "step": 8350, "loss": 0.36229485273361206, "lr": 1.33588519263907e-05}
{"epoch": 4, "step": 8400, "loss": 0.17272236943244934, "lr": 1.3345698012443605e-05}
{"epoch": 4, "weighted_f1": 0.5925642544424978, "checkpoint": "/home/rishank/Projects/major project/Test/results/checkpoints/dnabert2_splitb_seed3/epoch_04.pt"}
{"epoch": 5, "step": 1, "loss": 0.396368145942688, "lr": 1.3333070255054393e-05}
{"epoch": 5, "step": 50, "loss": 0.348568320274353, "lr": 1.3320179419386239e-05}
{"epoch": 5, "step": 100, "loss": 0.44044774770736694, "lr": 1.3307025505439144e-05}
{"epoch": 5, "step": 150, "loss": 0.3523116707801819, "lr": 1.3293871591492049e-05}
{"epoch": 5, "step": 200, "loss": 0.2821844816207886, "lr": 1.3280717677544954e-05}
{"epoch": 5, "step": 250, "loss": 0.21882160007953644, "lr": 1.326756376359786e-05}
{"epoch": 5, "step": 300, "loss": 0.3642982244491577, "lr": 1.3254409849650765e-05}
{"epoch": 5, "step": 350, "loss": 0.5867072343826294, "lr": 1.324125593570367e-05}
{"epoch": 5, "step": 400, "loss": 0.37583127617836, "lr": 1.3228102021756575e-05}
{"epoch": 5, "step": 450, "loss": 0.35969260334968567, "lr": 1.321494810780948e-05}
{"epoch": 5, "step": 500, "loss": 0.37340450286865234, "lr": 1.3201794193862385e-05}
{"epoch": 5, "step": 550, "loss": 0.34062373638153076, "lr": 1.318864027991529e-05}
{"epoch": 5, "step": 600, "loss": 0.23455695807933807, "lr": 1.3175486365968196e-05}
{"epoch": 5, "step": 650, "loss": 0.6295457482337952, "lr": 1.3162332452021101e-05}
{"epoch": 5, "step": 700, "loss": 0.7559326887130737, "lr": 1.3149178538074006e-05}
{"epoch": 5, "step": 750, "loss": 0.4259113371372223, "lr": 1.3136024624126911e-05}
{"epoch": 5, "step": 800, "loss": 0.30250805616378784, "lr": 1.3122870710179817e-05}
{"epoch": 5, "step": 850, "loss": 0.38284769654273987, "lr": 1.310971679623272e-05}
{"epoch": 5, "step": 900, "loss": 0.5197377800941467, "lr": 1.3096562882285625e-05}
{"epoch": 5, "step": 950, "loss": 0.26626765727996826, "lr": 1.308340896833853e-05}
{"epoch": 5, "step": 1000, "loss": 0.5263649821281433, "lr": 1.3070255054391434e-05}
{"epoch": 5, "step": 1050, "loss": 0.49010103940963745, "lr": 1.305710114044434e-05}
{"epoch": 5, "step": 1100, "loss": 0.3883368968963623, "lr": 1.3043947226497245e-05}
{"epoch": 5, "step": 1150, "loss": 0.601091742515564, "lr": 1.303079331255015e-05}
{"epoch": 5, "step": 1200, "loss": 0.3152530789375305, "lr": 1.3017639398603055e-05}
{"epoch": 5, "step": 1250, "loss": 0.571251392364502, "lr": 1.300448548465596e-05}
{"epoch": 5, "step": 1300, "loss": 0.5265851020812988, "lr": 1.2991331570708865e-05}
{"epoch": 5, "step": 1350, "loss": 0.5660921335220337, "lr": 1.297817765676177e-05}
{"epoch": 5, "step": 1400, "loss": 0.32602548599243164, "lr": 1.2965023742814676e-05}
{"epoch": 5, "step": 1450, "loss": 0.3288017809391022, "lr": 1.2951869828867581e-05}
{"epoch": 5, "step": 1500, "loss": 0.6093527674674988, "lr": 1.2938715914920486e-05}
{"epoch": 5, "step": 1550, "loss": 0.4275835454463959, "lr": 1.2925562000973391e-05}
{"epoch": 5, "step": 1600, "loss": 0.5030947327613831, "lr": 1.2912408087026297e-05}
{"epoch": 5, "step": 1650, "loss": 0.18592886626720428, "lr": 1.28992541730792e-05}
{"epoch": 5, "step": 1700, "loss": 0.440316379070282, "lr": 1.2886100259132105e-05}
{"epoch": 5, "step": 1750, "loss": 0.619976818561554, "lr": 1.287294634518501e-05}
{"epoch": 5, "step": 1800, "loss": 0.4277206063270569, "lr": 1.2859792431237916e-05}
{"epoch": 5, "step": 1850, "loss": 0.38107141852378845, "lr": 1.2846638517290821e-05}
{"epoch": 5, "step": 1900, "loss": 0.3382321000099182, "lr": 1.2833484603343726e-05}
{"epoch": 5, "step": 1950, "loss": 0.4145263433456421, "lr": 1.2820330689396631e-05}
{"epoch": 5, "step": 2000, "loss": 0.6880724430084229, "lr": 1.2807176775449537e-05}
{"epoch": 5, "step": 2050, "loss": 0.2388145476579666, "lr": 1.2794022861502442e-05}
{"epoch": 5, "step": 2100, "loss": 0.6305286288261414, "lr": 1.2780868947555347e-05}
{"epoch": 5, "step": 2150, "loss": 0.31070029735565186, "lr": 1.2767715033608252e-05}
{"epoch": 5, "step": 2200, "loss": 0.2612430453300476, "lr": 1.2754561119661156e-05}
{"epoch": 5, "step": 2250, "loss": 0.5985316634178162, "lr": 1.2741407205714061e-05}
{"epoch": 5, "step": 2300, "loss": 0.32810094952583313, "lr": 1.2728253291766966e-05}
{"epoch": 5, "step": 2350, "loss": 0.25569117069244385, "lr": 1.2715099377819871e-05}
{"epoch": 5, "step": 2400, "loss": 0.6523019075393677, "lr": 1.2701945463872777e-05}
{"epoch": 5, "step": 2450, "loss": 0.5804030895233154, "lr": 1.268879154992568e-05}
{"epoch": 5, "step": 2500, "loss": 0.44330108165740967, "lr": 1.2675637635978585e-05}
{"epoch": 5, "step": 2550, "loss": 0.43604281544685364, "lr": 1.266248372203149e-05}
{"epoch": 5, "step": 2600, "loss": 0.6542215943336487, "lr": 1.2649329808084396e-05}
{"epoch": 5, "step": 2650, "loss": 0.6795360445976257, "lr": 1.2636175894137301e-05}
{"epoch": 5, "step": 2700, "loss": 0.5362924933433533, "lr": 1.2623021980190206e-05}
{"epoch": 5, "step": 2750, "loss": 0.24989928305149078, "lr": 1.2609868066243111e-05}
{"epoch": 5, "step": 2800, "loss": 0.5110601782798767, "lr": 1.2596714152296017e-05}
{"epoch": 5, "step": 2850, "loss": 0.8289782404899597, "lr": 1.2583560238348922e-05}
{"epoch": 5, "step": 2900, "loss": 0.5525391101837158, "lr": 1.2570406324401827e-05}
{"epoch": 5, "step": 2950, "loss": 0.31801173090934753, "lr": 1.2557252410454732e-05}
{"epoch": 5, "step": 3000, "loss": 0.5507077574729919, "lr": 1.2544098496507637e-05}
{"epoch": 5, "step": 3050, "loss": 0.4595964252948761, "lr": 1.2530944582560543e-05}
{"epoch": 5, "step": 3100, "loss": 0.44682109355926514, "lr": 1.2517790668613448e-05}
{"epoch": 5, "step": 3150, "loss": 0.8286299109458923, "lr": 1.2504636754666353e-05}
{"epoch": 5, "step": 3200, "loss": 0.4104134142398834, "lr": 1.2491482840719258e-05}
{"epoch": 5, "step": 3250, "loss": 0.49004867672920227, "lr": 1.2478328926772163e-05}
{"epoch": 5, "step": 3300, "loss": 0.40801411867141724, "lr": 1.2465175012825069e-05}
{"epoch": 5, "step": 3350, "loss": 0.4544336199760437, "lr": 1.245202109887797e-05}
{"epoch": 5, "step": 3400, "loss": 0.5702943801879883, "lr": 1.2438867184930876e-05}
{"epoch": 5, "step": 3450, "loss": 0.38655075430870056, "lr": 1.2425713270983781e-05}
{"epoch": 5, "step": 3500, "loss": 0.7227609753608704, "lr": 1.2412559357036686e-05}
{"epoch": 5, "step": 3550, "loss": 0.28126615285873413, "lr": 1.2399405443089591e-05}
{"epoch": 5, "step": 3600, "loss": 0.4715072810649872, "lr": 1.2386251529142496e-05}
{"epoch": 5, "step": 3650, "loss": 0.23251020908355713, "lr": 1.2373097615195402e-05}
{"epoch": 5, "step": 3700, "loss": 0.22944320738315582, "lr": 1.2359943701248307e-05}
{"epoch": 5, "step": 3750, "loss": 0.43801945447921753, "lr": 1.2346789787301212e-05}
{"epoch": 5, "step": 3800, "loss": 0.6668373942375183, "lr": 1.2333635873354117e-05}
{"epoch": 5, "step": 3850, "loss": 0.5361649990081787, "lr": 1.2320481959407023e-05}
{"epoch": 5, "step": 3900, "loss": 0.29356732964515686, "lr": 1.2307328045459928e-05}
{"epoch": 5, "step": 3950, "loss": 0.28050413727760315, "lr": 1.2294174131512833e-05}
{"epoch": 5, "step": 4000, "loss": 0.23173601925373077, "lr": 1.2281020217565738e-05}
{"epoch": 5, "step": 4050, "loss": 0.5528172254562378, "lr": 1.2267866303618643e-05}
{"epoch": 5, "step": 4100, "loss": 0.4121440649032593, "lr": 1.2254712389671549e-05}
{"epoch": 5, "step": 4150, "loss": 0.41003796458244324, "lr": 1.2241558475724454e-05}
{"epoch": 5, "step": 4200, "loss": 0.43527817726135254, "lr": 1.2228404561777359e-05}
{"epoch": 5, "step": 4250, "loss": 0.3751618266105652, "lr": 1.2215250647830264e-05}
{"epoch": 5, "step": 4300, "loss": 0.7762520909309387, "lr": 1.220209673388317e-05}
{"epoch": 5, "step": 4350, "loss": 0.47770756483078003, "lr": 1.2188942819936073e-05}
{"epoch": 5, "step": 4400, "loss": 0.31493401527404785, "lr": 1.2175788905988978e-05}
{"epoch": 5, "step": 4450, "loss": 0.35231396555900574, "lr": 1.2162634992041883e-05}
{"epoch": 5, "step": 4500, "loss": 0.4734691083431244, "lr": 1.2149481078094789e-05}
{"epoch": 5, "step": 4550, "loss": 0.35235750675201416, "lr": 1.2136327164147692e-05}
{"epoch": 5, "step": 4600, "loss": 0.4373686909675598, "lr": 1.2123173250200597e-05}
{"epoch": 5, "step": 4650, "loss": 0.4061274230480194, "lr": 1.2110019336253502e-05}
{"epoch": 5, "step": 4700, "loss": 0.4290216267108917, "lr": 1.2096865422306408e-05}
{"epoch": 5, "step": 4750, "loss": 0.4566406011581421, "lr": 1.2083711508359313e-05}
{"epoch": 5, "step": 4800, "loss": 0.5887824892997742, "lr": 1.2070557594412218e-05}
{"epoch": 5, "step": 4850, "loss": 0.47237181663513184, "lr": 1.2057403680465123e-05}
{"epoch": 5, "step": 4900, "loss": 0.28868475556373596, "lr": 1.2044249766518029e-05}
{"epoch": 5, "step": 4950, "loss": 0.38425859808921814, "lr": 1.2031095852570934e-05}
{"epoch": 5, "step": 5000, "loss": 0.4225435256958008, "lr": 1.2017941938623839e-05}
{"epoch": 5, "step": 5050, "loss": 0.46557894349098206, "lr": 1.2004788024676744e-05}
{"epoch": 5, "step": 5100, "loss": 0.3691256642341614, "lr": 1.199163411072965e-05}
{"epoch": 5, "step": 5150, "loss": 0.7342237234115601, "lr": 1.1978480196782553e-05}
{"epoch": 5, "step": 5200, "loss": 0.2438623458147049, "lr": 1.1965326282835458e-05}
{"epoch": 5, "step": 5250, "loss": 0.41060930490493774, "lr": 1.1952172368888363e-05}
{"epoch": 5, "step": 5300, "loss": 0.24562057852745056, "lr": 1.1939018454941269e-05}
{"epoch": 5, "step": 5350, "loss": 0.4967487156391144, "lr": 1.1925864540994174e-05}
{"epoch": 5, "step": 5400, "loss": 0.29728052020072937, "lr": 1.1912710627047079e-05}
{"epoch": 5, "step": 5450, "loss": 0.6392995715141296, "lr": 1.1899556713099984e-05}
{"epoch": 5, "step": 5500, "loss": 0.29938000440597534, "lr": 1.188640279915289e-05}
{"epoch": 5, "step": 5550, "loss": 0.5474705100059509, "lr": 1.1873248885205795e-05}
{"epoch": 5, "step": 5600, "loss": 0.6163234114646912, "lr": 1.18600949712587e-05}
{"epoch": 5, "step": 5650, "loss": 0.3109990060329437, "lr": 1.1846941057311605e-05}
{"epoch": 5, "step": 5700, "loss": 0.35381409525871277, "lr": 1.183378714336451e-05}
{"epoch": 5, "step": 5750, "loss": 0.2579170763492584, "lr": 1.1820633229417414e-05}
{"epoch": 5, "step": 5800, "loss": 0.4496610760688782, "lr": 1.1807479315470319e-05}
{"epoch": 5, "step": 5850, "loss": 0.5782819390296936, "lr": 1.1794325401523224e-05}
{"epoch": 5, "step": 5900, "loss": 0.2783285975456238, "lr": 1.178117148757613e-05}
{"epoch": 5, "step": 5950, "loss": 0.31557005643844604, "lr": 1.1768017573629033e-05}
{"epoch": 5, "step": 6000, "loss": 0.2982531785964966, "lr": 1.1754863659681938e-05}
{"epoch": 5, "step": 6050, "loss": 0.4435727894306183, "lr": 1.1741709745734843e-05}
{"epoch": 5, "step": 6100, "loss": 0.31036630272865295, "lr": 1.1728555831787748e-05}
{"epoch": 5, "step": 6150, "loss": 0.41511309146881104, "lr": 1.1715401917840654e-05}
{"epoch": 5, "step": 6200, "loss": 0.3941652178764343, "lr": 1.1702248003893559e-05}
{"epoch": 5, "step": 6250, "loss": 0.32000526785850525, "lr": 1.1689094089946464e-05}
{"epoch": 5, "step": 6300, "loss": 0.5448646545410156, "lr": 1.167594017599937e-05}
{"epoch": 5, "step": 6350, "loss": 0.5951412320137024, "lr": 1.1662786262052275e-05}
{"epoch": 5, "step": 6400, "loss": 0.47613221406936646, "lr": 1.164963234810518e-05}
{"epoch": 5, "step": 6450, "loss": 0.28917214274406433, "lr": 1.1636478434158085e-05}
{"epoch": 5, "step": 6500, "loss": 0.37005218863487244, "lr": 1.162332452021099e-05}
{"epoch": 5, "step": 6550, "loss": 0.34097087383270264, "lr": 1.1610170606263895e-05}
{"epoch": 5, "step": 6600, "loss": 0.3847244083881378, "lr": 1.15970166923168e-05}
{"epoch": 5, "step": 6650, "loss": 0.5809736251831055, "lr": 1.1583862778369706e-05}
{"epoch": 5, "step": 6700, "loss": 0.7849653363227844, "lr": 1.1570708864422611e-05}
{"epoch": 5, "step": 6750, "loss": 0.568674623966217, "lr": 1.1557554950475516e-05}
{"epoch": 5, "step": 6800, "loss": 0.3607536852359772, "lr": 1.1544401036528421e-05}
{"epoch": 5, "step": 6850, "loss": 0.4596691131591797, "lr": 1.1531247122581327e-05}
{"epoch": 5, "step": 6900, "loss": 0.5404081344604492, "lr": 1.1518093208634228e-05}
{"epoch": 5, "step": 6950, "loss": 0.44212812185287476, "lr": 1.1504939294687134e-05}
{"epoch": 5, "step": 7000, "loss": 0.529292643070221, "lr": 1.1491785380740039e-05}
{"epoch": 5, "step": 7050, "loss": 0.5356064438819885, "lr": 1.1478631466792944e-05}
{"epoch": 5, "step": 7100, "loss": 0.27614545822143555, "lr": 1.146547755284585e-05}
{"epoch": 5, "step": 7150, "loss": 0.3250603973865509, "lr": 1.1452323638898754e-05}
{"epoch": 5, "step": 7200, "loss": 0.5429096817970276, "lr": 1.143916972495166e-05}
{"epoch": 5, "step": 7250, "loss": 0.43335554003715515, "lr": 1.1426015811004565e-05}
{"epoch": 5, "step": 7300, "loss": 0.3584447205066681, "lr": 1.141286189705747e-05}
{"epoch": 5, "step": 7350, "loss": 0.7092683911323547, "lr": 1.1399707983110375e-05}
{"epoch": 5, "step": 7400, "loss": 0.41901570558547974, "lr": 1.138655406916328e-05}
{"epoch": 5, "step": 7450, "loss": 0.4996051490306854, "lr": 1.1373400155216186e-05}
{"epoch": 5, "step": 7500, "loss": 0.48712608218193054, "lr": 1.1360246241269091e-05}
{"epoch": 5, "step": 7550, "loss": 0.613641619682312, "lr": 1.1347092327321996e-05}
{"epoch": 5, "step": 7600, "loss": 0.5693154335021973, "lr": 1.1333938413374901e-05}
{"epoch": 5, "step": 7650, "loss": 0.23674598336219788, "lr": 1.1320784499427807e-05}
{"epoch": 5, "step": 7700, "loss": 0.389336496591568, "lr": 1.1307630585480712e-05}
{"epoch": 5, "step": 7750, "loss": 0.43191975355148315, "lr": 1.1294476671533617e-05}
{"epoch": 5, "step": 7800, "loss": 0.38187000155448914, "lr": 1.1281322757586522e-05}
{"epoch": 5, "step": 7850, "loss": 0.41365519165992737, "lr": 1.1268168843639426e-05}
{"epoch": 5, "step": 7900, "loss": 0.561148464679718, "lr": 1.1255014929692331e-05}
{"epoch": 5, "step": 7950, "loss": 0.5206583738327026, "lr": 1.1241861015745236e-05}
{"epoch": 5, "step": 8000, "loss": 0.23648516833782196, "lr": 1.1228707101798141e-05}
{"epoch": 5, "step": 8050, "loss": 0.22324047982692719, "lr": 1.1215553187851047e-05}
{"epoch": 5, "step": 8100, "loss": 0.3507636785507202, "lr": 1.120239927390395e-05}
{"epoch": 5, "step": 8150, "loss": 0.6016632318496704, "lr": 1.1189245359956855e-05}
{"epoch": 5, "step": 8200, "loss": 0.4133993983268738, "lr": 1.117609144600976e-05}
{"epoch": 5, "step": 8250, "loss": 0.762993335723877, "lr": 1.1162937532062666e-05}
{"epoch": 5, "step": 8300, "loss": 0.3791225850582123, "lr": 1.1149783618115571e-05}
{"epoch": 5, "step": 8350, "loss": 0.25055310130119324, "lr": 1.1136629704168476e-05}
{"epoch": 5, "step": 8400, "loss": 0.38049009442329407, "lr": 1.1123475790221381e-05}
{"epoch": 5, "weighted_f1": 0.5972708990779835, "checkpoint": "/home/rishank/Projects/major project/Test/results/checkpoints/dnabert2_splitb_seed3/epoch_05.pt"}
{"epoch": 6, "step": 1, "loss": 0.285567969083786, "lr": 1.1110848032832171e-05}
{"epoch": 6, "step": 50, "loss": 0.5260956883430481, "lr": 1.1097957197164017e-05}
{"epoch": 6, "step": 100, "loss": 0.5438780784606934, "lr": 1.1084803283216922e-05}
{"epoch": 6, "step": 150, "loss": 0.16079017519950867, "lr": 1.1071649369269827e-05}
{"epoch": 6, "step": 200, "loss": 0.2608177065849304, "lr": 1.1058495455322732e-05}
{"epoch": 6, "step": 250, "loss": 0.3707203269004822, "lr": 1.1045341541375638e-05}
{"epoch": 6, "step": 300, "loss": 0.2370886206626892, "lr": 1.1032187627428543e-05}
{"epoch": 6, "step": 350, "loss": 0.5421202182769775, "lr": 1.1019033713481446e-05}
{"epoch": 6, "step": 400, "loss": 0.4711523950099945, "lr": 1.1005879799534352e-05}
{"epoch": 6, "step": 450, "loss": 0.2183009684085846, "lr": 1.0992725885587257e-05}
{"epoch": 6, "step": 500, "loss": 0.4180384576320648, "lr": 1.0979571971640162e-05}
{"epoch": 6, "step": 550, "loss": 0.42038166522979736, "lr": 1.0966418057693067e-05}
{"epoch": 6, "step": 600, "loss": 0.38057056069374084, "lr": 1.0953264143745972e-05}
{"epoch": 6, "step": 650, "loss": 0.31066253781318665, "lr": 1.0940110229798878e-05}
{"epoch": 6, "step": 700, "loss": 0.3091195523738861, "lr": 1.0926956315851783e-05}
{"epoch": 6, "step": 750, "loss": 0.37654754519462585, "lr": 1.0913802401904688e-05}
{"epoch": 6, "step": 800, "loss": 0.33256569504737854, "lr": 1.0900648487957593e-05}
{"epoch": 6, "step": 850, "loss": 0.3798511028289795, "lr": 1.0887494574010497e-05}
{"epoch": 6, "step": 900, "loss": 0.3096168041229248, "lr": 1.0874340660063402e-05}
{"epoch": 6, "step": 950, "loss": 0.1710716187953949, "lr": 1.0861186746116307e-05}
{"epoch": 6, "step": 1000, "loss": 0.423882395029068, "lr": 1.0848032832169212e-05}
{"epoch": 6, "step": 1050, "loss": 0.5577933192253113, "lr": 1.0834878918222118e-05}
{"epoch": 6, "step": 1100, "loss": 0.4539632797241211, "lr": 1.0821725004275023e-05}
{"epoch": 6, "step": 1150, "loss": 0.433536171913147, "lr": 1.0808571090327928e-05}
{"epoch": 6, "step": 1200, "loss": 0.30944472551345825, "lr": 1.0795417176380833e-05}
{"epoch": 6, "step": 1250, "loss": 0.5185518860816956, "lr": 1.0782263262433738e-05}
{"epoch": 6, "step": 1300, "loss": 0.5349456667900085, "lr": 1.0769109348486644e-05}
{"epoch": 6, "step": 1350, "loss": 0.2449764758348465, "lr": 1.0755955434539549e-05}
{"epoch": 6, "step": 1400, "loss": 0.3671571612358093, "lr": 1.0742801520592454e-05}
{"epoch": 6, "step": 1450, "loss": 0.2048264592885971, "lr": 1.072964760664536e-05}
{"epoch": 6, "step": 1500, "loss": 0.4373185932636261, "lr": 1.0716493692698265e-05}
{"epoch": 6, "step": 1550, "loss": 0.21565166115760803, "lr": 1.0703339778751168e-05}
{"epoch": 6, "step": 1600, "loss": 0.2817475497722626, "lr": 1.0690185864804072e-05}
{"epoch": 6, "step": 1650, "loss": 0.3874911367893219, "lr": 1.0677031950856977e-05}
{"epoch": 6, "step": 1700, "loss": 0.39182981848716736, "lr": 1.0663878036909882e-05}
{"epoch": 6, "step": 1750, "loss": 0.39498594403266907, "lr": 1.0650724122962787e-05}
{"epoch": 6, "step": 1800, "loss": 0.3342329263687134, "lr": 1.0637570209015692e-05}
{"epoch": 6, "step": 1850, "loss": 0.21250969171524048, "lr": 1.0624416295068598e-05}
{"epoch": 6, "step": 1900, "loss": 0.4854486286640167, "lr": 1.0611262381121503e-05}
{"epoch": 6, "step": 1950, "loss": 0.15259869396686554, "lr": 1.0598108467174408e-05}
{"epoch": 6, "step": 2000, "loss": 0.15465274453163147, "lr": 1.0584954553227313e-05}
{"epoch": 6, "step": 2050, "loss": 0.13573682308197021, "lr": 1.0571800639280218e-05}
{"epoch": 6, "step": 2100, "loss": 0.3253854513168335, "lr": 1.0558646725333124e-05}
{"epoch": 6, "step": 2150, "loss": 0.4471437335014343, "lr": 1.0545492811386029e-05}
{"epoch": 6, "step": 2200, "loss": 0.29461151361465454, "lr": 1.0532338897438934e-05}
{"epoch": 6, "step": 2250, "loss": 0.2941402792930603, "lr": 1.051918498349184e-05}
{"epoch": 6, "step": 2300, "loss": 0.3522774875164032, "lr": 1.0506031069544744e-05}
{"epoch": 6, "step": 2350, "loss": 0.37004977464675903, "lr": 1.049287715559765e-05}
{"epoch": 6, "step": 2400, "loss": 0.45294877886772156, "lr": 1.0479723241650555e-05}
{"epoch": 6, "step": 2450, "loss": 0.3670060336589813, "lr": 1.046656932770346e-05}
{"epoch": 6, "step": 2500, "loss": 0.417186975479126, "lr": 1.0453415413756365e-05}
{"epoch": 6, "step": 2550, "loss": 0.40642184019088745, "lr": 1.044026149980927e-05}
{"epoch": 6, "step": 2600, "loss": 0.4858287572860718, "lr": 1.0427107585862176e-05}
{"epoch": 6, "step": 2650, "loss": 0.44567447900772095, "lr": 1.0413953671915081e-05}
{"epoch": 6, "step": 2700, "loss": 0.28100231289863586, "lr": 1.0400799757967983e-05}
{"epoch": 6, "step": 2750, "loss": 0.3947145342826843, "lr": 1.0387645844020888e-05}
{"epoch": 6, "step": 2800, "loss": 0.6688768863677979, "lr": 1.0374491930073793e-05}
{"epoch": 6, "step": 2850, "loss": 0.4330383241176605, "lr": 1.0361338016126698e-05}
{"epoch": 6, "step": 2900, "loss": 0.44397881627082825, "lr": 1.0348184102179604e-05}
{"epoch": 6, "step": 2950, "loss": 0.33852043747901917, "lr": 1.0335030188232509e-05}
{"epoch": 6, "step": 3000, "loss": 0.42129257321357727, "lr": 1.0321876274285414e-05}
{"epoch": 6, "step": 3050, "loss": 0.5476396083831787, "lr": 1.030872236033832e-05}
{"epoch": 6, "step": 3100, "loss": 0.38089486956596375, "lr": 1.0295568446391224e-05}
{"epoch": 6, "step": 3150, "loss": 0.24711874127388, "lr": 1.028241453244413e-05}
{"epoch": 6, "step": 3200, "loss": 0.23811540007591248, "lr": 1.0269260618497035e-05}
{"epoch": 6, "step": 3250, "loss": 0.3403112590312958, "lr": 1.025610670454994e-05}
{"epoch": 6, "step": 3300, "loss": 0.6209303736686707, "lr": 1.0242952790602845e-05}
{"epoch": 6, "step": 3350, "loss": 0.27643877267837524, "lr": 1.022979887665575e-05}
{"epoch": 6, "step": 3400, "loss": 0.20059695839881897, "lr": 1.0216644962708656e-05}
{"epoch": 6, "step": 3450, "loss": 0.37776026129722595, "lr": 1.0203491048761561e-05}
{"epoch": 6, "step": 3500, "loss": 0.25835973024368286, "lr": 1.0190337134814466e-05}
{"epoch": 6, "step": 3550, "loss": 0.26721838116645813, "lr": 1.017718322086737e-05}
{"epoch": 6, "step": 3600, "loss": 0.5497764945030212, "lr": 1.0164029306920275e-05}
{"epoch": 6, "step": 3650, "loss": 0.34517040848731995, "lr": 1.015087539297318e-05}
{"epoch": 6, "step": 3700, "loss": 0.24705973267555237, "lr": 1.0137721479026085e-05}
{"epoch": 6, "step": 3750, "loss": 0.2464512586593628, "lr": 1.012456756507899e-05}
{"epoch": 6, "step": 3800, "loss": 0.7660471200942993, "lr": 1.0111413651131896e-05}
{"epoch": 6, "step": 3850, "loss": 0.5787496566772461, "lr": 1.0098259737184801e-05}
{"epoch": 6, "step": 3900, "loss": 0.7501890659332275, "lr": 1.0085105823237704e-05}
{"epoch": 6, "step": 3950, "loss": 0.3054431676864624, "lr": 1.007195190929061e-05}
{"epoch": 6, "step": 4000, "loss": 0.4324815571308136, "lr": 1.0058797995343515e-05}
{"epoch": 6, "step": 4050, "loss": 0.5589351058006287, "lr": 1.004564408139642e-05}
{"epoch": 6, "step": 4100, "loss": 0.3009994626045227, "lr": 1.0032490167449325e-05}
{"epoch": 6, "step": 4150, "loss": 0.4710012972354889, "lr": 1.001933625350223e-05}
{"epoch": 6, "step": 4200, "loss": 0.2018967568874359, "lr": 1.0006182339555136e-05}
{"epoch": 6, "step": 4250, "loss": 0.45407092571258545, "lr": 9.993028425608041e-06}
{"epoch": 6, "step": 4300, "loss": 0.1997581571340561, "lr": 9.979874511660946e-06}
{"epoch": 6, "step": 4350, "loss": 0.5207781791687012, "lr": 9.96672059771385e-06}
{"epoch": 6, "step": 4400, "loss": 0.24878637492656708, "lr": 9.953566683766755e-06}
{"epoch": 6, "step": 4450, "loss": 0.5300502777099609, "lr": 9.94041276981966e-06}
{"epoch": 6, "step": 4500, "loss": 0.6478402018547058, "lr": 9.927258855872565e-06}
{"epoch": 6, "step": 4550, "loss": 0.41475704312324524, "lr": 9.91410494192547e-06}
{"epoch": 6, "step": 4600, "loss": 0.29035210609436035, "lr": 9.900951027978376e-06}
{"epoch": 6, "step": 4650, "loss": 0.272975891828537, "lr": 9.88779711403128e-06}
{"epoch": 6, "step": 4700, "loss": 0.37073221802711487, "lr": 9.874643200084186e-06}
{"epoch": 6, "step": 4750, "loss": 0.33649352192878723, "lr": 9.861489286137091e-06}
{"epoch": 6, "step": 4800, "loss": 0.3675989806652069, "lr": 9.848335372189995e-06}
{"epoch": 6, "step": 4850, "loss": 0.4114118218421936, "lr": 9.8351814582429e-06}
{"epoch": 6, "step": 4900, "loss": 0.33781641721725464, "lr": 9.822027544295805e-06}
{"epoch": 6, "step": 4950, "loss": 0.49386098980903625, "lr": 9.80887363034871e-06}
{"epoch": 6, "step": 5000, "loss": 0.35604092478752136, "lr": 9.795719716401616e-06}
{"epoch": 6, "step": 5050, "loss": 0.4824816882610321, "lr": 9.78256580245452e-06}
{"epoch": 6, "step": 5100, "loss": 0.6453114748001099, "lr": 9.769411888507426e-06}
{"epoch": 6, "step": 5150, "loss": 0.2926904857158661, "lr": 9.756257974560331e-06}
{"epoch": 6, "step": 5200, "loss": 0.2991986870765686, "lr": 9.743104060613236e-06}
{"epoch": 6, "step": 5250, "loss": 0.45864370465278625, "lr": 9.729950146666142e-06}
{"epoch": 6, "step": 5300, "loss": 0.2256159782409668, "lr": 9.716796232719047e-06}
{"epoch": 6, "step": 5350, "loss": 0.4044201672077179, "lr": 9.70364231877195e-06}
{"epoch": 6, "step": 5400, "loss": 0.374083936214447, "lr": 9.690488404824856e-06}
{"epoch": 6, "step": 5450, "loss": 0.2230118066072464, "lr": 9.67733449087776e-06}
{"epoch": 6, "step": 5500, "loss": 0.3690553903579712, "lr": 9.664180576930666e-06}
{"epoch": 6, "step": 5550, "loss": 0.44070738554000854, "lr": 9.651026662983571e-06}
{"epoch": 6, "step": 5600, "loss": 0.49925264716148376, "lr": 9.637872749036476e-06}
{"epoch": 6, "step": 5650, "loss": 0.24008670449256897, "lr": 9.624718835089382e-06}
{"epoch": 6, "step": 5700, "loss": 0.4832872152328491, "lr": 9.611564921142287e-06}
{"epoch": 6, "step": 5750, "loss": 0.5403420329093933, "lr": 9.598411007195192e-06}
{"epoch": 6, "step": 5800, "loss": 0.14559632539749146, "lr": 9.585257093248097e-06}
{"epoch": 6, "step": 5850, "loss": 0.47863325476646423, "lr": 9.572103179301002e-06}
{"epoch": 6, "step": 5900, "loss": 0.27747842669487, "lr": 9.558949265353908e-06}
{"epoch": 6, "step": 5950, "loss": 0.3108535706996918, "lr": 9.545795351406811e-06}
{"epoch": 6, "step": 6000, "loss": 0.3972686529159546, "lr": 9.532641437459716e-06}
{"epoch": 6, "step": 6050, "loss": 0.5979215502738953, "lr": 9.519487523512622e-06}
{"epoch": 6, "step": 6100, "loss": 0.5963043570518494, "lr": 9.506333609565527e-06}
{"epoch": 6, "step": 6150, "loss": 0.6476603150367737, "lr": 9.493179695618432e-06}
{"epoch": 6, "step": 6200, "loss": 0.5586178302764893, "lr": 9.480025781671337e-06}
{"epoch": 6, "step": 6250, "loss": 0.3331349492073059, "lr": 9.466871867724242e-06}
{"epoch": 6, "step": 6300, "loss": 0.28810611367225647, "lr": 9.453717953777148e-06}
{"epoch": 6, "step": 6350, "loss": 0.3554608225822449, "lr": 9.440564039830053e-06}
{"epoch": 6, "step": 6400, "loss": 0.6757927536964417, "lr": 9.427410125882958e-06}
{"epoch": 6, "step": 6450, "loss": 0.3272036910057068, "lr": 9.414256211935863e-06}
{"epoch": 6, "step": 6500, "loss": 0.4698697030544281, "lr": 9.401102297988769e-06}
{"epoch": 6, "step": 6550, "loss": 0.4937104284763336, "lr": 9.387948384041672e-06}
{"epoch": 6, "step": 6600, "loss": 0.24886178970336914, "lr": 9.374794470094577e-06}
{"epoch": 6, "step": 6650, "loss": 0.7207154631614685, "lr": 9.361640556147482e-06}
{"epoch": 6, "step": 6700, "loss": 0.2873639464378357, "lr": 9.348486642200388e-06}
{"epoch": 6, "step": 6750, "loss": 0.5581433176994324, "lr": 9.335332728253293e-06}
{"epoch": 6, "step": 6800, "loss": 0.2767203450202942, "lr": 9.322178814306198e-06}
{"epoch": 6, "step": 6850, "loss": 0.22880367934703827, "lr": 9.309024900359103e-06}
{"epoch": 6, "step": 6900, "loss": 0.48273441195487976, "lr": 9.295870986412008e-06}
{"epoch": 6, "step": 6950, "loss": 0.506678581237793, "lr": 9.282717072464914e-06}
{"epoch": 6, "step": 7000, "loss": 0.29443347454071045, "lr": 9.269563158517819e-06}
{"epoch": 6, "step": 7050, "loss": 0.2993650734424591, "lr": 9.256409244570722e-06}
{"epoch": 6, "step": 7100, "loss": 0.37305310368537903, "lr": 9.243255330623628e-06}
{"epoch": 6, "step": 7150, "loss": 0.32717251777648926, "lr": 9.230101416676533e-06}
{"epoch": 6, "step": 7200, "loss": 0.51850426197052, "lr": 9.216947502729438e-06}
{"epoch": 6, "step": 7250, "loss": 0.18022307753562927, "lr": 9.203793588782343e-06}
{"epoch": 6, "step": 7300, "loss": 0.326164186000824, "lr": 9.190639674835248e-06}
{"epoch": 6, "step": 7350, "loss": 0.3326442241668701, "lr": 9.177485760888154e-06}
{"epoch": 6, "step": 7400, "loss": 0.26043272018432617, "lr": 9.164331846941059e-06}
{"epoch": 6, "step": 7450, "loss": 0.29518771171569824, "lr": 9.151177932993962e-06}
{"epoch": 6, "step": 7500, "loss": 0.3405843675136566, "lr": 9.138024019046868e-06}
{"epoch": 6, "step": 7550, "loss": 0.4699476659297943, "lr": 9.124870105099773e-06}
{"epoch": 6, "step": 7600, "loss": 0.25870296359062195, "lr": 9.111716191152678e-06}
{"epoch": 6, "step": 7650, "loss": 0.3937331736087799, "lr": 9.098562277205583e-06}
{"epoch": 6, "step": 7700, "loss": 0.2366960346698761, "lr": 9.085408363258488e-06}
{"epoch": 6, "step": 7750, "loss": 0.5044102668762207, "lr": 9.072254449311394e-06}
{"epoch": 6, "step": 7800, "loss": 0.3826664984226227, "lr": 9.059100535364299e-06}
{"epoch": 6, "step": 7850, "loss": 0.21689295768737793, "lr": 9.045946621417202e-06}
{"epoch": 6, "step": 7900, "loss": 0.5040165185928345, "lr": 9.032792707470108e-06}
{"epoch": 6, "step": 7950, "loss": 0.22507041692733765, "lr": 9.019638793523013e-06}
{"epoch": 6, "step": 8000, "loss": 0.624789834022522, "lr": 9.006484879575918e-06}
{"epoch": 6, "step": 8050, "loss": 0.6172699928283691, "lr": 8.993330965628823e-06}
{"epoch": 6, "step": 8100, "loss": 0.23117659986019135, "lr": 8.980177051681728e-06}
{"epoch": 6, "step": 8150, "loss": 0.1522587239742279, "lr": 8.967023137734634e-06}
{"epoch": 6, "step": 8200, "loss": 0.2719655930995941, "lr": 8.953869223787539e-06}
{"epoch": 6, "step": 8250, "loss": 0.39303654432296753, "lr": 8.940715309840444e-06}
{"epoch": 6, "step": 8300, "loss": 0.3436342775821686, "lr": 8.927561395893348e-06}
{"epoch": 6, "step": 8350, "loss": 0.5955063104629517, "lr": 8.914407481946253e-06}
{"epoch": 6, "step": 8400, "loss": 0.3139444887638092, "lr": 8.901253567999158e-06}
{"epoch": 6, "weighted_f1": 0.6087622491864478, "checkpoint": "/home/rishank/Projects/major project/Test/results/checkpoints/dnabert2_splitb_seed3/epoch_06.pt"}
{"epoch": 7, "step": 1, "loss": 0.49112263321876526, "lr": 8.888625810609948e-06}
{"epoch": 7, "step": 50, "loss": 0.5507189035415649, "lr": 8.875734974941794e-06}
{"epoch": 7, "step": 100, "loss": 0.5066206455230713, "lr": 8.862581060994699e-06}
{"epoch": 7, "step": 150, "loss": 0.139618381857872, "lr": 8.849427147047604e-06}
{"epoch": 7, "step": 200, "loss": 0.19971995055675507, "lr": 8.836273233100509e-06}
{"epoch": 7, "step": 250, "loss": 0.5052179098129272, "lr": 8.823119319153414e-06}
{"epoch": 7, "step": 300, "loss": 0.30134904384613037, "lr": 8.80996540520632e-06}
{"epoch": 7, "step": 350, "loss": 0.2995997965335846, "lr": 8.796811491259225e-06}
{"epoch": 7, "step": 400, "loss": 0.19496139883995056, "lr": 8.78365757731213e-06}
{"epoch": 7, "step": 450, "loss": 0.23341496288776398, "lr": 8.770503663365035e-06}
{"epoch": 7, "step": 500, "loss": 0.2927336096763611, "lr": 8.75734974941794e-06}
{"epoch": 7, "step": 550, "loss": 0.411199688911438, "lr": 8.744195835470846e-06}
{"epoch": 7, "step": 600, "loss": 0.2725878059864044, "lr": 8.731041921523749e-06}
{"epoch": 7, "step": 650, "loss": 0.2168143391609192, "lr": 8.717888007576654e-06}
{"epoch": 7, "step": 700, "loss": 0.3270803689956665, "lr": 8.70473409362956e-06}
{"epoch": 7, "step": 750, "loss": 0.4202759563922882, "lr": 8.691580179682465e-06}
{"epoch": 7, "step": 800, "loss": 0.6310329437255859, "lr": 8.67842626573537e-06}
{"epoch": 7, "step": 850, "loss": 0.43052273988723755, "lr": 8.665272351788275e-06}
{"epoch": 7, "step": 900, "loss": 0.38046613335609436, "lr": 8.65211843784118e-06}
{"epoch": 7, "step": 950, "loss": 0.2560238838195801, "lr": 8.638964523894086e-06}
{"epoch": 7, "step": 1000, "loss": 0.34274303913116455, "lr": 8.62581060994699e-06}
{"epoch": 7, "step": 1050, "loss": 0.2881154417991638, "lr": 8.612656695999896e-06}
{"epoch": 7, "step": 1100, "loss": 0.2228078991174698, "lr": 8.599502782052801e-06}
{"epoch": 7, "step": 1150, "loss": 0.6207419633865356, "lr": 8.586348868105705e-06}
{"epoch": 7, "step": 1200, "loss": 0.2369300127029419, "lr": 8.57319495415861e-06}
{"epoch": 7, "step": 1250, "loss": 0.5227466821670532, "lr": 8.560041040211515e-06}
{"epoch": 7, "step": 1300, "loss": 0.23822364211082458, "lr": 8.54688712626442e-06}
{"epoch": 7, "step": 1350, "loss": 0.15291474759578705, "lr": 8.533733212317326e-06}
{"epoch": 7, "step": 1400, "loss": 0.1723499447107315, "lr": 8.52057929837023e-06}
{"epoch": 7, "step": 1450, "loss": 0.2407388836145401, "lr": 8.507425384423136e-06}
{"epoch": 7, "step": 1500, "loss": 0.24688519537448883, "lr": 8.494271470476041e-06}
{"epoch": 7, "step": 1550, "loss": 0.5054337978363037, "lr": 8.481117556528946e-06}
{"epoch": 7, "step": 1600, "loss": 0.4225538671016693, "lr": 8.467963642581852e-06}
{"epoch": 7, "step": 1650, "loss": 0.34455177187919617, "lr": 8.454809728634757e-06}
{"epoch": 7, "step": 1700, "loss": 0.2647887170314789, "lr": 8.441655814687662e-06}
{"epoch": 7, "step": 1750, "loss": 0.1802210509777069, "lr": 8.428501900740566e-06}
{"epoch": 7, "step": 1800, "loss": 0.35112589597702026, "lr": 8.41534798679347e-06}
{"epoch": 7, "step": 1850, "loss": 0.18582604825496674, "lr": 8.402194072846376e-06}
{"epoch": 7, "step": 1900, "loss": 0.42349937558174133, "lr": 8.389040158899281e-06}
{"epoch": 7, "step": 1950, "loss": 0.26824951171875, "lr": 8.375886244952186e-06}
{"epoch": 7, "step": 2000, "loss": 0.1740085929632187, "lr": 8.362732331005092e-06}
{"epoch": 7, "step": 2050, "loss": 0.3854375183582306, "lr": 8.349578417057997e-06}
{"epoch": 7, "step": 2100, "loss": 0.42772340774536133, "lr": 8.336424503110902e-06}
{"epoch": 7, "step": 2150, "loss": 0.4521690309047699, "lr": 8.323270589163807e-06}
{"epoch": 7, "step": 2200, "loss": 0.23102715611457825, "lr": 8.310116675216712e-06}
{"epoch": 7, "step": 2250, "loss": 0.3453150987625122, "lr": 8.296962761269618e-06}
{"epoch": 7, "step": 2300, "loss": 0.2173517942428589, "lr": 8.283808847322523e-06}
{"epoch": 7, "step": 2350, "loss": 0.33316320180892944, "lr": 8.270654933375426e-06}
{"epoch": 7, "step": 2400, "loss": 0.6499208807945251, "lr": 8.257501019428332e-06}
{"epoch": 7, "step": 2450, "loss": 0.6132835149765015, "lr": 8.244347105481237e-06}
{"epoch": 7, "step": 2500, "loss": 0.4055708944797516, "lr": 8.231193191534142e-06}
{"epoch": 7, "step": 2550, "loss": 0.509000301361084, "lr": 8.218039277587047e-06}
{"epoch": 7, "step": 2600, "loss": 0.23238599300384521, "lr": 8.204885363639952e-06}
{"epoch": 7, "step": 2650, "loss": 0.23858824372291565, "lr": 8.191731449692858e-06}
{"epoch": 7, "step": 2700, "loss": 0.5247681140899658, "lr": 8.178577535745761e-06}
{"epoch": 7, "step": 2750, "loss": 0.45711925625801086, "lr": 8.165423621798666e-06}
{"epoch": 7, "step": 2800, "loss": 0.23772287368774414, "lr": 8.152269707851572e-06}
{"epoch": 7, "step": 2850, "loss": 0.4270569682121277, "lr": 8.139115793904477e-06}
{"epoch": 7, "step": 2900, "loss": 0.6322941780090332, "lr": 8.125961879957382e-06}
{"epoch": 7, "step": 2950, "loss": 0.44434812664985657, "lr": 8.112807966010287e-06}
{"epoch": 7, "step": 3000, "loss": 0.2544143497943878, "lr": 8.099654052063192e-06}
{"epoch": 7, "step": 3050, "loss": 0.490079790353775, "lr": 8.086500138116098e-06}
{"epoch": 7, "step": 3100, "loss": 0.45795243978500366, "lr": 8.073346224169001e-06}
{"epoch": 7, "step": 3150, "loss": 0.41078490018844604, "lr": 8.060192310221906e-06}
{"epoch": 7, "step": 3200, "loss": 0.47125110030174255, "lr": 8.047038396274812e-06}
{"epoch": 7, "step": 3250, "loss": 0.516382098197937, "lr": 8.033884482327717e-06}
{"epoch": 7, "step": 3300, "loss": 0.23155783116817474, "lr": 8.020730568380622e-06}
{"epoch": 7, "step": 3350, "loss": 0.5215415358543396, "lr": 8.007576654433527e-06}
{"epoch": 7, "step": 3400, "loss": 0.4285053014755249, "lr": 7.994422740486432e-06}
{"epoch": 7, "step": 3450, "loss": 0.1893729865550995, "lr": 7.981268826539338e-06}
{"epoch": 7, "step": 3500, "loss": 0.5124856233596802, "lr": 7.968114912592243e-06}
{"epoch": 7, "step": 3550, "loss": 0.5751724243164062, "lr": 7.954960998645146e-06}
{"epoch": 7, "step": 3600, "loss": 0.3029625415802002, "lr": 7.941807084698051e-06}
{"epoch": 7, "step": 3650, "loss": 0.2522397041320801, "lr": 7.928653170750957e-06}
{"epoch": 7, "step": 3700, "loss": 0.2391369491815567, "lr": 7.915499256803862e-06}
{"epoch": 7, "step": 3750, "loss": 0.18963052332401276, "lr": 7.902345342856767e-06}
{"epoch": 7, "step": 3800, "loss": 0.2299235761165619, "lr": 7.889191428909672e-06}
{"epoch": 7, "step": 3850, "loss": 0.32153013348579407, "lr": 7.876037514962578e-06}
{"epoch": 7, "step": 3900, "loss": 0.375216007232666, "lr": 7.862883601015483e-06}
{"epoch": 7, "step": 3950, "loss": 0.17611843347549438, "lr": 7.849729687068388e-06}
{"epoch": 7, "step": 4000, "loss": 0.46180015802383423, "lr": 7.836575773121293e-06}
{"epoch": 7, "step": 4050, "loss": 0.32140031456947327, "lr": 7.823421859174198e-06}
{"epoch": 7, "step": 4100, "loss": 0.5324950814247131, "lr": 7.810267945227102e-06}
{"epoch": 7, "step": 4150, "loss": 0.6793450713157654, "lr": 7.797114031280007e-06}
{"epoch": 7, "step": 4200, "loss": 0.5922559499740601, "lr": 7.783960117332912e-06}
{"epoch": 7, "step": 4250, "loss": 0.32010558247566223, "lr": 7.770806203385818e-06}
{"epoch": 7, "step": 4300, "loss": 0.3708192706108093, "lr": 7.757652289438723e-06}
{"epoch": 7, "step": 4350, "loss": 0.4031604826450348, "lr": 7.744498375491628e-06}
{"epoch": 7, "step": 4400, "loss": 0.23689031600952148, "lr": 7.731344461544533e-06}
{"epoch": 7, "step": 4450, "loss": 0.45470401644706726, "lr": 7.718190547597438e-06}
{"epoch": 7, "step": 4500, "loss": 0.40606915950775146, "lr": 7.705036633650344e-06}
{"epoch": 7, "step": 4550, "loss": 0.3735131621360779, "lr": 7.691882719703249e-06}
{"epoch": 7, "step": 4600, "loss": 0.28200849890708923, "lr": 7.678728805756154e-06}
{"epoch": 7, "step": 4650, "loss": 0.38772523403167725, "lr": 7.66557489180906e-06}
{"epoch": 7, "step": 4700, "loss": 0.2489456683397293, "lr": 7.652420977861963e-06}
{"epoch": 7, "step": 4750, "loss": 0.21564903855323792, "lr": 7.639267063914868e-06}
{"epoch": 7, "step": 4800, "loss": 0.1288364678621292, "lr": 7.626113149967773e-06}
{"epoch": 7, "step": 4850, "loss": 0.2407381683588028, "lr": 7.612959236020678e-06}
{"epoch": 7, "step": 4900, "loss": 0.4211868643760681, "lr": 7.5998053220735835e-06}
{"epoch": 7, "step": 4950, "loss": 0.3547531068325043, "lr": 7.586651408126489e-06}
{"epoch": 7, "step": 5000, "loss": 0.38142135739326477, "lr": 7.573497494179394e-06}
{"epoch": 7, "step": 5050, "loss": 0.5421580672264099, "lr": 7.560343580232299e-06}
{"epoch": 7, "step": 5100, "loss": 0.17168642580509186, "lr": 7.547189666285204e-06}
{"epoch": 7, "step": 5150, "loss": 0.27781787514686584, "lr": 7.534035752338109e-06}
{"epoch": 7, "step": 5200, "loss": 0.3759137988090515, "lr": 7.520881838391014e-06}
{"epoch": 7, "step": 5250, "loss": 0.3072182238101959, "lr": 7.507727924443919e-06}
{"epoch": 7, "step": 5300, "loss": 0.23632897436618805, "lr": 7.4945740104968235e-06}
{"epoch": 7, "step": 5350, "loss": 0.4886268675327301, "lr": 7.481420096549729e-06}
{"epoch": 7, "step": 5400, "loss": 0.6671193242073059, "lr": 7.468266182602634e-06}
{"epoch": 7, "step": 5450, "loss": 0.24779567122459412, "lr": 7.455112268655539e-06}
{"epoch": 7, "step": 5500, "loss": 0.3381376266479492, "lr": 7.441958354708444e-06}
{"epoch": 7, "step": 5550, "loss": 0.4859204888343811, "lr": 7.428804440761349e-06}
{"epoch": 7, "step": 5600, "loss": 0.2594972550868988, "lr": 7.415650526814254e-06}
{"epoch": 7, "step": 5650, "loss": 0.6444550156593323, "lr": 7.402496612867159e-06}
{"epoch": 7, "step": 5700, "loss": 0.4126549959182739, "lr": 7.389342698920064e-06}
{"epoch": 7, "step": 5750, "loss": 0.5296039581298828, "lr": 7.3761887849729696e-06}
{"epoch": 7, "step": 5800, "loss": 0.36710044741630554, "lr": 7.363034871025875e-06}
{"epoch": 7, "step": 5850, "loss": 0.3293009400367737, "lr": 7.34988095707878e-06}
{"epoch": 7, "step": 5900, "loss": 0.27920499444007874, "lr": 7.336727043131684e-06}
{"epoch": 7, "step": 5950, "loss": 0.5769539475440979, "lr": 7.323573129184589e-06}
{"epoch": 7, "step": 6000, "loss": 0.39834800362586975, "lr": 7.310419215237494e-06}
{"epoch": 7, "step": 6050, "loss": 0.3885461688041687, "lr": 7.297265301290399e-06}
{"epoch": 7, "step": 6100, "loss": 0.28191566467285156, "lr": 7.284111387343304e-06}
{"epoch": 7, "step": 6150, "loss": 0.34962302446365356, "lr": 7.2709574733962095e-06}
{"epoch": 7, "step": 6200, "loss": 0.30098649859428406, "lr": 7.257803559449115e-06}
{"epoch": 7, "step": 6250, "loss": 0.11128052324056625, "lr": 7.24464964550202e-06}
{"epoch": 7, "step": 6300, "loss": 0.3497680425643921, "lr": 7.231495731554925e-06}
{"epoch": 7, "step": 6350, "loss": 0.19446496665477753, "lr": 7.21834181760783e-06}
{"epoch": 7, "step": 6400, "loss": 0.3588271737098694, "lr": 7.205187903660736e-06}
{"epoch": 7, "step": 6450, "loss": 0.25098520517349243, "lr": 7.192033989713641e-06}
{"epoch": 7, "step": 6500, "loss": 0.34790048003196716, "lr": 7.178880075766544e-06}
{"epoch": 7, "step": 6550, "loss": 0.1860695332288742, "lr": 7.1657261618194495e-06}
{"epoch": 7, "step": 6600, "loss": 0.27374085783958435, "lr": 7.152572247872355e-06}
{"epoch": 7, "step": 6650, "loss": 0.16495290398597717, "lr": 7.13941833392526e-06}
{"epoch": 7, "step": 6700, "loss": 0.3651086986064911, "lr": 7.126264419978165e-06}
{"epoch": 7, "step": 6750, "loss": 0.27139607071876526, "lr": 7.11311050603107e-06}
{"epoch": 7, "step": 6800, "loss": 0.4771815538406372, "lr": 7.0999565920839756e-06}
{"epoch": 7, "step": 6850, "loss": 0.3459479808807373, "lr": 7.086802678136881e-06}
{"epoch": 7, "step": 6900, "loss": 0.2738373279571533, "lr": 7.073648764189785e-06}
{"epoch": 7, "step": 6950, "loss": 0.28939247131347656, "lr": 7.06049485024269e-06}
{"epoch": 7, "step": 7000, "loss": 0.3291877806186676, "lr": 7.0473409362955956e-06}
{"epoch": 7, "step": 7050, "loss": 0.35956230759620667, "lr": 7.034187022348501e-06}
{"epoch": 7, "step": 7100, "loss": 0.489187628030777, "lr": 7.021033108401405e-06}
{"epoch": 7, "step": 7150, "loss": 0.46256551146507263, "lr": 7.00787919445431e-06}
{"epoch": 7, "step": 7200, "loss": 0.2510839104652405, "lr": 6.9947252805072155e-06}
{"epoch": 7, "step": 7250, "loss": 0.49314871430397034, "lr": 6.981571366560121e-06}
{"epoch": 7, "step": 7300, "loss": 0.5393656492233276, "lr": 6.968417452613025e-06}
{"epoch": 7, "step": 7350, "loss": 0.24316854774951935, "lr": 6.95526353866593e-06}
{"epoch": 7, "step": 7400, "loss": 0.39579612016677856, "lr": 6.9421096247188355e-06}
{"epoch": 7, "step": 7450, "loss": 0.35132211446762085, "lr": 6.928955710771741e-06}
{"epoch": 7, "step": 7500, "loss": 0.393085777759552, "lr": 6.915801796824646e-06}
{"epoch": 7, "step": 7550, "loss": 0.3464725613594055, "lr": 6.902647882877551e-06}
{"epoch": 7, "step": 7600, "loss": 0.40821874141693115, "lr": 6.889493968930456e-06}
{"epoch": 7, "step": 7650, "loss": 0.22902005910873413, "lr": 6.876340054983361e-06}
{"epoch": 7, "step": 7700, "loss": 0.5139891505241394, "lr": 6.863186141036265e-06}
{"epoch": 7, "step": 7750, "loss": 0.7402923107147217, "lr": 6.85003222708917e-06}
{"epoch": 7, "step": 7800, "loss": 0.6742082834243774, "lr": 6.8368783131420755e-06}
{"epoch": 7, "step": 7850, "loss": 0.22909697890281677, "lr": 6.823724399194981e-06}
{"epoch": 7, "step": 7900, "loss": 0.37710556387901306, "lr": 6.810570485247886e-06}
{"epoch": 7, "step": 7950, "loss": 0.5406161546707153, "lr": 6.797416571300791e-06}
{"epoch": 7, "step": 8000, "loss": 0.35185056924819946, "lr": 6.784262657353696e-06}
{"epoch": 7, "step": 8050, "loss": 0.5070756673812866, "lr": 6.7711087434066016e-06}
{"epoch": 7, "step": 8100, "loss": 0.7682794332504272, "lr": 6.757954829459507e-06}
{"epoch": 7, "step": 8150, "loss": 0.18013271689414978, "lr": 6.744800915512412e-06}
{"epoch": 7, "step": 8200, "loss": 0.503503680229187, "lr": 6.731647001565317e-06}
{"epoch": 7, "step": 8250, "loss": 0.3753553330898285, "lr": 6.718493087618221e-06}
{"epoch": 7, "step": 8300, "loss": 0.4391835629940033, "lr": 6.705339173671126e-06}
{"epoch": 7, "step": 8350, "loss": 0.3553728461265564, "lr": 6.692185259724031e-06}
{"epoch": 7, "step": 8400, "loss": 0.1267171949148178, "lr": 6.679031345776936e-06}
{"epoch": 7, "weighted_f1": 0.5986548686851351, "checkpoint": "/home/rishank/Projects/major project/Test/results/checkpoints/dnabert2_splitb_seed3/epoch_07.pt"}
{"epoch": 8, "step": 1, "loss": 0.250243216753006, "lr": 6.666403588387725e-06}
{"epoch": 8, "step": 50, "loss": 0.2886417508125305, "lr": 6.653512752719572e-06}
{"epoch": 8, "step": 100, "loss": 0.3398160934448242, "lr": 6.640358838772477e-06}
{"epoch": 8, "step": 150, "loss": 0.3279843330383301, "lr": 6.627204924825382e-06}
{"epoch": 8, "step": 200, "loss": 0.3001335859298706, "lr": 6.6140510108782875e-06}
{"epoch": 8, "step": 250, "loss": 0.4161606729030609, "lr": 6.600897096931193e-06}
{"epoch": 8, "step": 300, "loss": 0.20146718621253967, "lr": 6.587743182984098e-06}
{"epoch": 8, "step": 350, "loss": 0.18679764866828918, "lr": 6.574589269037003e-06}
{"epoch": 8, "step": 400, "loss": 0.21236784756183624, "lr": 6.561435355089908e-06}
{"epoch": 8, "step": 450, "loss": 0.4663832485675812, "lr": 6.548281441142813e-06}
{"epoch": 8, "step": 500, "loss": 0.436157763004303, "lr": 6.535127527195717e-06}
{"epoch": 8, "step": 550, "loss": 0.35943520069122314, "lr": 6.521973613248622e-06}
{"epoch": 8, "step": 600, "loss": 0.5218386054039001, "lr": 6.5088196993015275e-06}
{"epoch": 8, "step": 650, "loss": 0.26009616255760193, "lr": 6.495665785354433e-06}
{"epoch": 8, "step": 700, "loss": 0.15033762156963348, "lr": 6.482511871407338e-06}
{"epoch": 8, "step": 750, "loss": 0.3925187289714813, "lr": 6.469357957460243e-06}
{"epoch": 8, "step": 800, "loss": 0.2781040072441101, "lr": 6.456204043513148e-06}
{"epoch": 8, "step": 850, "loss": 0.14253509044647217, "lr": 6.443050129566053e-06}
{"epoch": 8, "step": 900, "loss": 0.4586447775363922, "lr": 6.429896215618958e-06}
{"epoch": 8, "step": 950, "loss": 0.18121100962162018, "lr": 6.416742301671863e-06}
{"epoch": 8, "step": 1000, "loss": 0.5817062258720398, "lr": 6.403588387724768e-06}
{"epoch": 8, "step": 1050, "loss": 0.3096058964729309, "lr": 6.3904344737776735e-06}
{"epoch": 8, "step": 1100, "loss": 0.28287777304649353, "lr": 6.377280559830578e-06}
{"epoch": 8, "step": 1150, "loss": 0.19005218148231506, "lr": 6.364126645883483e-06}
{"epoch": 8, "step": 1200, "loss": 0.26892757415771484, "lr": 6.350972731936388e-06}
{"epoch": 8, "step": 1250, "loss": 0.5712212920188904, "lr": 6.337818817989293e-06}
{"epoch": 8, "step": 1300, "loss": 0.5272459983825684, "lr": 6.324664904042198e-06}
{"epoch": 8, "step": 1350, "loss": 0.17160926759243011, "lr": 6.311510990095103e-06}
{"epoch": 8, "step": 1400, "loss": 0.15791377425193787, "lr": 6.298357076148008e-06}
{"epoch": 8, "step": 1450, "loss": 0.29150813817977905, "lr": 6.2852031622009135e-06}
{"epoch": 8, "step": 1500, "loss": 0.15856125950813293, "lr": 6.272049248253819e-06}
{"epoch": 8, "step": 1550, "loss": 0.418751060962677, "lr": 6.258895334306724e-06}
{"epoch": 8, "step": 1600, "loss": 0.36437562108039856, "lr": 6.245741420359629e-06}
{"epoch": 8, "step": 1650, "loss": 0.3236728012561798, "lr": 6.232587506412534e-06}
{"epoch": 8, "step": 1700, "loss": 0.5112866759300232, "lr": 6.219433592465438e-06}
{"epoch": 8, "step": 1750, "loss": 0.647646963596344, "lr": 6.206279678518343e-06}
{"epoch": 8, "step": 1800, "loss": 0.33945462107658386, "lr": 6.193125764571248e-06}
{"epoch": 8, "step": 1850, "loss": 0.7379708290100098, "lr": 6.1799718506241535e-06}
{"epoch": 8, "step": 1900, "loss": 0.2494918704032898, "lr": 6.166817936677059e-06}
{"epoch": 8, "step": 1950, "loss": 0.2913953363895416, "lr": 6.153664022729964e-06}
{"epoch": 8, "step": 2000, "loss": 0.2983362674713135, "lr": 6.140510108782869e-06}
{"epoch": 8, "step": 2050, "loss": 0.5243270993232727, "lr": 6.127356194835774e-06}
{"epoch": 8, "step": 2100, "loss": 0.1688011884689331, "lr": 6.1142022808886795e-06}
{"epoch": 8, "step": 2150, "loss": 0.2004667967557907, "lr": 6.101048366941585e-06}
{"epoch": 8, "step": 2200, "loss": 0.4000638723373413, "lr": 6.087894452994489e-06}
{"epoch": 8, "step": 2250, "loss": 0.19339331984519958, "lr": 6.074740539047394e-06}
{"epoch": 8, "step": 2300, "loss": 0.30728164315223694, "lr": 6.061586625100299e-06}
{"epoch": 8, "step": 2350, "loss": 0.0875234305858612, "lr": 6.048432711153204e-06}
{"epoch": 8, "step": 2400, "loss": 0.1933751106262207, "lr": 6.035278797206109e-06}
{"epoch": 8, "step": 2450, "loss": 0.43401259183883667, "lr": 6.022124883259014e-06}
{"epoch": 8, "step": 2500, "loss": 0.1353650689125061, "lr": 6.0089709693119195e-06}
{"epoch": 8, "step": 2550, "loss": 0.4204164743423462, "lr": 5.995817055364825e-06}
{"epoch": 8, "step": 2600, "loss": 0.5212870240211487, "lr": 5.982663141417729e-06}
{"epoch": 8, "step": 2650, "loss": 0.32778435945510864, "lr": 5.969509227470634e-06}
{"epoch": 8, "step": 2700, "loss": 0.4154435098171234, "lr": 5.9563553135235395e-06}
{"epoch": 8, "step": 2750, "loss": 0.09116009622812271, "lr": 5.943201399576445e-06}
{"epoch": 8, "step": 2800, "loss": 0.10399037599563599, "lr": 5.93004748562935e-06}
{"epoch": 8, "step": 2850, "loss": 0.5362840294837952, "lr": 5.916893571682255e-06}
{"epoch": 8, "step": 2900, "loss": 0.12909917533397675, "lr": 5.9037396577351595e-06}
{"epoch": 8, "step": 2950, "loss": 0.20934320986270905, "lr": 5.890585743788065e-06}
{"epoch": 8, "step": 3000, "loss": 0.6060394048690796, "lr": 5.877431829840969e-06}
{"epoch": 8, "step": 3050, "loss": 0.37671324610710144, "lr": 5.864277915893874e-06}
{"epoch": 8, "step": 3100, "loss": 0.45268240571022034, "lr": 5.8511240019467794e-06}
{"epoch": 8, "step": 3150, "loss": 0.3933952748775482, "lr": 5.837970087999685e-06}
{"epoch": 8, "step": 3200, "loss": 0.2146146595478058, "lr": 5.82481617405259e-06}
{"epoch": 8, "step": 3250, "loss": 0.22086060047149658, "lr": 5.811662260105495e-06}
{"epoch": 8, "step": 3300, "loss": 0.5119508504867554, "lr": 5.7985083461584e-06}
{"epoch": 8, "step": 3350, "loss": 0.12313619256019592, "lr": 5.7853544322113055e-06}
{"epoch": 8, "step": 3400, "loss": 0.326515793800354, "lr": 5.772200518264211e-06}
{"epoch": 8, "step": 3450, "loss": 0.10199617594480515, "lr": 5.759046604317114e-06}
{"epoch": 8, "step": 3500, "loss": 0.4541066884994507, "lr": 5.7458926903700194e-06}
{"epoch": 8, "step": 3550, "loss": 0.2111777663230896, "lr": 5.732738776422925e-06}
{"epoch": 8, "step": 3600, "loss": 0.16590027511119843, "lr": 5.71958486247583e-06}
{"epoch": 8, "step": 3650, "loss": 0.6771705746650696, "lr": 5.706430948528735e-06}
{"epoch": 8, "step": 3700, "loss": 0.7862382531166077, "lr": 5.69327703458164e-06}
{"epoch": 8, "step": 3750, "loss": 0.1985008865594864, "lr": 5.6801231206345455e-06}
{"epoch": 8, "step": 3800, "loss": 0.35461166501045227, "lr": 5.666969206687451e-06}
{"epoch": 8, "step": 3850, "loss": 0.22736822068691254, "lr": 5.653815292740356e-06}
{"epoch": 8, "step": 3900, "loss": 0.6112759113311768, "lr": 5.640661378793261e-06}
{"epoch": 8, "step": 3950, "loss": 0.438757061958313, "lr": 5.6275074648461655e-06}
{"epoch": 8, "step": 4000, "loss": 0.12173935025930405, "lr": 5.614353550899071e-06}
{"epoch": 8, "step": 4050, "loss": 0.18425193428993225, "lr": 5.601199636951975e-06}
{"epoch": 8, "step": 4100, "loss": 0.354652464389801, "lr": 5.58804572300488e-06}
{"epoch": 8, "step": 4150, "loss": 0.10425755381584167, "lr": 5.5748918090577855e-06}
{"epoch": 8, "step": 4200, "loss": 0.14837108552455902, "lr": 5.561737895110691e-06}
{"epoch": 8, "step": 4250, "loss": 0.3943503797054291, "lr": 5.548583981163596e-06}
{"epoch": 8, "step": 4300, "loss": 0.33548685908317566, "lr": 5.535430067216501e-06}
{"epoch": 8, "step": 4350, "loss": 0.27030134201049805, "lr": 5.5222761532694054e-06}
{"epoch": 8, "step": 4400, "loss": 0.35292550921440125, "lr": 5.509122239322311e-06}
{"epoch": 8, "step": 4450, "loss": 0.4124862551689148, "lr": 5.495968325375216e-06}
{"epoch": 8, "step": 4500, "loss": 0.3996949791908264, "lr": 5.482814411428121e-06}
{"epoch": 8, "step": 4550, "loss": 0.08693398535251617, "lr": 5.469660497481026e-06}
{"epoch": 8, "step": 4600, "loss": 0.17855234444141388, "lr": 5.4565065835339315e-06}
{"epoch": 8, "step": 4650, "loss": 0.6595674157142639, "lr": 5.443352669586836e-06}
{"epoch": 8, "step": 4700, "loss": 0.3736330270767212, "lr": 5.430198755639741e-06}
{"epoch": 8, "step": 4750, "loss": 0.3016682267189026, "lr": 5.417044841692645e-06}
{"epoch": 8, "step": 4800, "loss": 0.18829496204853058, "lr": 5.403890927745551e-06}
{"epoch": 8, "step": 4850, "loss": 0.4591549336910248, "lr": 5.390737013798456e-06}
{"epoch": 8, "step": 4900, "loss": 0.0816427692770958, "lr": 5.377583099851361e-06}
{"epoch": 8, "step": 4950, "loss": 0.3193650245666504, "lr": 5.364429185904266e-06}
{"epoch": 8, "step": 5000, "loss": 0.6142203211784363, "lr": 5.3512752719571715e-06}
{"epoch": 8, "step": 5050, "loss": 0.1706508845090866, "lr": 5.338121358010077e-06}
{"epoch": 8, "step": 5100, "loss": 0.2574618458747864, "lr": 5.324967444062982e-06}
{"epoch": 8, "step": 5150, "loss": 0.28294241428375244, "lr": 5.311813530115887e-06}
{"epoch": 8, "step": 5200, "loss": 0.310159832239151, "lr": 5.298659616168792e-06}
{"epoch": 8, "step": 5250, "loss": 0.495659738779068, "lr": 5.285505702221696e-06}
{"epoch": 8, "step": 5300, "loss": 0.4235120415687561, "lr": 5.272351788274601e-06}
{"epoch": 8, "step": 5350, "loss": 0.1636112928390503, "lr": 5.259197874327506e-06}
{"epoch": 8, "step": 5400, "loss": 0.6841766834259033, "lr": 5.2460439603804114e-06}
{"epoch": 8, "step": 5450, "loss": 0.1409071385860443, "lr": 5.232890046433317e-06}
{"epoch": 8, "step": 5500, "loss": 0.16383269429206848, "lr": 5.219736132486222e-06}
{"epoch": 8, "step": 5550, "loss": 0.3174768388271332, "lr": 5.206582218539127e-06}
{"epoch": 8, "step": 5600, "loss": 0.4728752672672272, "lr": 5.193428304592032e-06}
{"epoch": 8, "step": 5650, "loss": 0.4313976466655731, "lr": 5.1802743906449375e-06}
{"epoch": 8, "step": 5700, "loss": 0.4149925112724304, "lr": 5.167120476697842e-06}
{"epoch": 8, "step": 5750, "loss": 0.3698956072330475, "lr": 5.153966562750747e-06}
{"epoch": 8, "step": 5800, "loss": 0.402052104473114, "lr": 5.140812648803652e-06}
{"epoch": 8, "step": 5850, "loss": 0.3692653477191925, "lr": 5.127658734856557e-06}
{"epoch": 8, "step": 5900, "loss": 0.43984800577163696, "lr": 5.114504820909462e-06}
{"epoch": 8, "step": 5950, "loss": 0.1219622790813446, "lr": 5.101350906962367e-06}
{"epoch": 8, "step": 6000, "loss": 0.7189279198646545, "lr": 5.088196993015272e-06}
{"epoch": 8, "step": 6050, "loss": 0.06765323132276535, "lr": 5.0750430790681775e-06}
{"epoch": 8, "step": 6100, "loss": 0.22025206685066223, "lr": 5.061889165121082e-06}
{"epoch": 8, "step": 6150, "loss": 0.5510894656181335, "lr": 5.048735251173987e-06}
{"epoch": 8, "step": 6200, "loss": 0.43248096108436584, "lr": 5.035581337226892e-06}
{"epoch": 8, "step": 6250, "loss": 0.28897520899772644, "lr": 5.0224274232797975e-06}
{"epoch": 8, "step": 6300, "loss": 0.12138586491346359, "lr": 5.009273509332703e-06}
{"epoch": 8, "step": 6350, "loss": 0.4379109740257263, "lr": 4.996119595385607e-06}
{"epoch": 8, "step": 6400, "loss": 0.22535502910614014, "lr": 4.982965681438512e-06}
{"epoch": 8, "step": 6450, "loss": 0.17689837515354156, "lr": 4.9698117674914174e-06}
{"epoch": 8, "step": 6500, "loss": 0.5133467316627502, "lr": 4.956657853544323e-06}
{"epoch": 8, "step": 6550, "loss": 0.3227272033691406, "lr": 4.943503939597227e-06}
{"epoch": 8, "step": 6600, "loss": 0.26557493209838867, "lr": 4.930350025650132e-06}
{"epoch": 8, "step": 6650, "loss": 0.34210169315338135, "lr": 4.9171961117030374e-06}
{"epoch": 8, "step": 6700, "loss": 0.12430478632450104, "lr": 4.904042197755943e-06}
{"epoch": 8, "step": 6750, "loss": 0.4926266670227051, "lr": 4.890888283808848e-06}
{"epoch": 8, "step": 6800, "loss": 0.35906222462654114, "lr": 4.877734369861753e-06}
{"epoch": 8, "step": 6850, "loss": 0.06901980936527252, "lr": 4.8645804559146574e-06}
{"epoch": 8, "step": 6900, "loss": 0.1867828667163849, "lr": 4.851426541967563e-06}
{"epoch": 8, "step": 6950, "loss": 0.5874068737030029, "lr": 4.838272628020468e-06}
{"epoch": 8, "step": 7000, "loss": 0.4800693094730377, "lr": 4.825118714073373e-06}
{"epoch": 8, "step": 7050, "loss": 0.33993372321128845, "lr": 4.811964800126278e-06}
{"epoch": 8, "step": 7100, "loss": 0.2699902355670929, "lr": 4.7988108861791835e-06}
{"epoch": 8, "step": 7150, "loss": 0.5816847085952759, "lr": 4.785656972232088e-06}
{"epoch": 8, "step": 7200, "loss": 0.48055046796798706, "lr": 4.772503058284993e-06}
{"epoch": 8, "step": 7250, "loss": 0.291695773601532, "lr": 4.759349144337898e-06}
{"epoch": 8, "step": 7300, "loss": 0.3719041049480438, "lr": 4.7461952303908035e-06}
{"epoch": 8, "step": 7350, "loss": 0.30245423316955566, "lr": 4.733041316443709e-06}
{"epoch": 8, "step": 7400, "loss": 0.4361851215362549, "lr": 4.719887402496614e-06}
{"epoch": 8, "step": 7450, "loss": 0.29401588439941406, "lr": 4.706733488549518e-06}
{"epoch": 8, "step": 7500, "loss": 0.8132163286209106, "lr": 4.6935795746024235e-06}
{"epoch": 8, "step": 7550, "loss": 0.36438649892807007, "lr": 4.680425660655329e-06}
{"epoch": 8, "step": 7600, "loss": 0.30660712718963623, "lr": 4.667271746708234e-06}
{"epoch": 8, "step": 7650, "loss": 0.14745424687862396, "lr": 4.654117832761138e-06}
{"epoch": 8, "step": 7700, "loss": 0.43151310086250305, "lr": 4.6409639188140434e-06}
{"epoch": 8, "step": 7750, "loss": 0.3733503818511963, "lr": 4.627810004866949e-06}
{"epoch": 8, "step": 7800, "loss": 0.6621809005737305, "lr": 4.614656090919854e-06}
{"epoch": 8, "step": 7850, "loss": 0.32230573892593384, "lr": 4.601502176972758e-06}
{"epoch": 8, "step": 7900, "loss": 0.4799066185951233, "lr": 4.5883482630256634e-06}
{"epoch": 8, "step": 7950, "loss": 0.4650457799434662, "lr": 4.575194349078569e-06}
{"epoch": 8, "step": 8000, "loss": 0.18859043717384338, "lr": 4.562040435131474e-06}
{"epoch": 8, "step": 8050, "loss": 0.18080420792102814, "lr": 4.548886521184378e-06}
{"epoch": 8, "step": 8100, "loss": 0.22051456570625305, "lr": 4.535732607237283e-06}
{"epoch": 8, "step": 8150, "loss": 0.3352694809436798, "lr": 4.522578693290189e-06}
{"epoch": 8, "step": 8200, "loss": 0.4537409245967865, "lr": 4.509424779343094e-06}
{"epoch": 8, "step": 8250, "loss": 0.13785526156425476, "lr": 4.496270865395999e-06}
{"epoch": 8, "step": 8300, "loss": 0.2365589141845703, "lr": 4.483116951448904e-06}
{"epoch": 8, "step": 8350, "loss": 0.3851521611213684, "lr": 4.469963037501809e-06}
{"epoch": 8, "step": 8400, "loss": 0.4301812946796417, "lr": 4.456809123554714e-06}
{"epoch": 8, "weighted_f1": 0.5879369721539531, "checkpoint": "/home/rishank/Projects/major project/Test/results/checkpoints/dnabert2_splitb_seed3/epoch_08.pt"}
{"epoch": 9, "step": 1, "loss": 0.15790128707885742, "lr": 4.444181366165503e-06}
{"epoch": 9, "step": 50, "loss": 0.27585428953170776, "lr": 4.431290530497349e-06}
{"epoch": 9, "step": 100, "loss": 0.19030067324638367, "lr": 4.4181366165502546e-06}
{"epoch": 9, "step": 150, "loss": 0.17718379199504852, "lr": 4.40498270260316e-06}
{"epoch": 9, "step": 200, "loss": 0.3832116723060608, "lr": 4.391828788656065e-06}
{"epoch": 9, "step": 250, "loss": 0.18994492292404175, "lr": 4.37867487470897e-06}
{"epoch": 9, "step": 300, "loss": 0.5737602710723877, "lr": 4.3655209607618746e-06}
{"epoch": 9, "step": 350, "loss": 0.19138532876968384, "lr": 4.35236704681478e-06}
{"epoch": 9, "step": 400, "loss": 0.16204622387886047, "lr": 4.339213132867685e-06}
{"epoch": 9, "step": 450, "loss": 0.3617388606071472, "lr": 4.32605921892059e-06}
{"epoch": 9, "step": 500, "loss": 0.17316310107707977, "lr": 4.312905304973495e-06}
{"epoch": 9, "step": 550, "loss": 0.2871732711791992, "lr": 4.299751391026401e-06}
{"epoch": 9, "step": 600, "loss": 0.4251096844673157, "lr": 4.286597477079305e-06}
{"epoch": 9, "step": 650, "loss": 0.36852046847343445, "lr": 4.27344356313221e-06}
{"epoch": 9, "step": 700, "loss": 0.20157717168331146, "lr": 4.260289649185115e-06}
{"epoch": 9, "step": 750, "loss": 0.5284270644187927, "lr": 4.247135735238021e-06}
{"epoch": 9, "step": 800, "loss": 0.1048082485795021, "lr": 4.233981821290926e-06}
{"epoch": 9, "step": 850, "loss": 0.14253677427768707, "lr": 4.220827907343831e-06}
{"epoch": 9, "step": 900, "loss": 0.5863397121429443, "lr": 4.207673993396735e-06}
{"epoch": 9, "step": 950, "loss": 0.7273105382919312, "lr": 4.194520079449641e-06}
{"epoch": 9, "step": 1000, "loss": 0.4800383150577545, "lr": 4.181366165502546e-06}
{"epoch": 9, "step": 1050, "loss": 0.43303969502449036, "lr": 4.168212251555451e-06}
{"epoch": 9, "step": 1100, "loss": 0.10605086386203766, "lr": 4.155058337608356e-06}
{"epoch": 9, "step": 1150, "loss": 0.2854487895965576, "lr": 4.141904423661261e-06}
{"epoch": 9, "step": 1200, "loss": 0.21360553801059723, "lr": 4.128750509714166e-06}
{"epoch": 9, "step": 1250, "loss": 0.19659706950187683, "lr": 4.115596595767071e-06}
{"epoch": 9, "step": 1300, "loss": 0.36160027980804443, "lr": 4.102442681819976e-06}
{"epoch": 9, "step": 1350, "loss": 0.38851290941238403, "lr": 4.0892887678728806e-06}
{"epoch": 9, "step": 1400, "loss": 0.14261476695537567, "lr": 4.076134853925786e-06}
{"epoch": 9, "step": 1450, "loss": 0.46604353189468384, "lr": 4.062980939978691e-06}
{"epoch": 9, "step": 1500, "loss": 0.3124127984046936, "lr": 4.049827026031596e-06}
{"epoch": 9, "step": 1550, "loss": 0.18545885384082794, "lr": 4.0366731120845005e-06}
{"epoch": 9, "step": 1600, "loss": 0.44162502884864807, "lr": 4.023519198137406e-06}
{"epoch": 9, "step": 1650, "loss": 0.2745012640953064, "lr": 4.010365284190311e-06}
{"epoch": 9, "step": 1700, "loss": 0.10853320360183716, "lr": 3.997211370243216e-06}
{"epoch": 9, "step": 1750, "loss": 0.22886817157268524, "lr": 3.984057456296121e-06}
{"epoch": 9, "step": 1800, "loss": 0.2300560027360916, "lr": 3.970903542349026e-06}
{"epoch": 9, "step": 1850, "loss": 0.3368191123008728, "lr": 3.957749628401931e-06}
{"epoch": 9, "step": 1900, "loss": 0.26762768626213074, "lr": 3.944595714454836e-06}
{"epoch": 9, "step": 1950, "loss": 0.28583937883377075, "lr": 3.931441800507741e-06}
{"epoch": 9, "step": 2000, "loss": 0.3296458125114441, "lr": 3.918287886560647e-06}
{"epoch": 9, "step": 2050, "loss": 0.18061357736587524, "lr": 3.905133972613551e-06}
{"epoch": 9, "step": 2100, "loss": 0.20512323081493378, "lr": 3.891980058666456e-06}
{"epoch": 9, "step": 2150, "loss": 0.3459014892578125, "lr": 3.878826144719361e-06}
{"epoch": 9, "step": 2200, "loss": 0.2583431899547577, "lr": 3.8656722307722666e-06}
{"epoch": 9, "step": 2250, "loss": 0.4119354784488678, "lr": 3.852518316825172e-06}
{"epoch": 9, "step": 2300, "loss": 0.3855948746204376, "lr": 3.839364402878077e-06}
{"epoch": 9, "step": 2350, "loss": 0.5281240940093994, "lr": 3.826210488930981e-06}
{"epoch": 9, "step": 2400, "loss": 0.3242473304271698, "lr": 3.8130565749838866e-06}
{"epoch": 9, "step": 2450, "loss": 0.29905611276626587, "lr": 3.7999026610367918e-06}
{"epoch": 9, "step": 2500, "loss": 0.32602420449256897, "lr": 3.786748747089697e-06}
{"epoch": 9, "step": 2550, "loss": 0.45099306106567383, "lr": 3.773594833142602e-06}
{"epoch": 9, "step": 2600, "loss": 0.3304215371608734, "lr": 3.760440919195507e-06}
{"epoch": 9, "step": 2650, "loss": 0.4685872197151184, "lr": 3.7472870052484118e-06}
{"epoch": 9, "step": 2700, "loss": 0.15990670025348663, "lr": 3.734133091301317e-06}
{"epoch": 9, "step": 2750, "loss": 0.5629680156707764, "lr": 3.720979177354222e-06}
{"epoch": 9, "step": 2800, "loss": 0.4736315608024597, "lr": 3.707825263407127e-06}
{"epoch": 9, "step": 2850, "loss": 0.3138144016265869, "lr": 3.694671349460032e-06}
{"epoch": 9, "step": 2900, "loss": 0.16833950579166412, "lr": 3.6815174355129374e-06}
{"epoch": 9, "step": 2950, "loss": 0.2142478972673416, "lr": 3.668363521565842e-06}
{"epoch": 9, "step": 3000, "loss": 0.2092709243297577, "lr": 3.655209607618747e-06}
{"epoch": 9, "step": 3050, "loss": 0.27142563462257385, "lr": 3.642055693671652e-06}
{"epoch": 9, "step": 3100, "loss": 0.2245272845029831, "lr": 3.6289017797245574e-06}
{"epoch": 9, "step": 3150, "loss": 0.20918701589107513, "lr": 3.6157478657774626e-06}
{"epoch": 9, "step": 3200, "loss": 0.5919978618621826, "lr": 3.602593951830368e-06}
{"epoch": 9, "step": 3250, "loss": 0.5119215846061707, "lr": 3.589440037883272e-06}
{"epoch": 9, "step": 3300, "loss": 0.462105929851532, "lr": 3.5762861239361774e-06}
{"epoch": 9, "step": 3350, "loss": 0.22673667967319489, "lr": 3.5631322099890826e-06}
{"epoch": 9, "step": 3400, "loss": 0.10729429870843887, "lr": 3.5499782960419878e-06}
{"epoch": 9, "step": 3450, "loss": 0.3449259102344513, "lr": 3.5368243820948926e-06}
{"epoch": 9, "step": 3500, "loss": 0.11663687229156494, "lr": 3.5236704681477978e-06}
{"epoch": 9, "step": 3550, "loss": 0.06288494169712067, "lr": 3.5105165542007026e-06}
{"epoch": 9, "step": 3600, "loss": 0.3190186619758606, "lr": 3.4973626402536078e-06}
{"epoch": 9, "step": 3650, "loss": 0.5080181360244751, "lr": 3.4842087263065126e-06}
{"epoch": 9, "step": 3700, "loss": 0.09216063469648361, "lr": 3.4710548123594178e-06}
{"epoch": 9, "step": 3750, "loss": 0.4206708073616028, "lr": 3.457900898412323e-06}
{"epoch": 9, "step": 3800, "loss": 0.07541443407535553, "lr": 3.444746984465228e-06}
{"epoch": 9, "step": 3850, "loss": 0.4636002480983734, "lr": 3.4315930705181325e-06}
{"epoch": 9, "step": 3900, "loss": 0.40546655654907227, "lr": 3.4184391565710378e-06}
{"epoch": 9, "step": 3950, "loss": 0.34679359197616577, "lr": 3.405285242623943e-06}
{"epoch": 9, "step": 4000, "loss": 0.47602295875549316, "lr": 3.392131328676848e-06}
{"epoch": 9, "step": 4050, "loss": 0.11262878030538559, "lr": 3.3789774147297534e-06}
{"epoch": 9, "step": 4100, "loss": 0.5164982676506042, "lr": 3.3658235007826586e-06}
{"epoch": 9, "step": 4150, "loss": 0.35574039816856384, "lr": 3.352669586835563e-06}
{"epoch": 9, "step": 4200, "loss": 0.2657773494720459, "lr": 3.339515672888468e-06}
{"epoch": 9, "step": 4250, "loss": 0.17550157010555267, "lr": 3.3263617589413734e-06}
{"epoch": 9, "step": 4300, "loss": 0.26118484139442444, "lr": 3.3132078449942786e-06}
{"epoch": 9, "step": 4350, "loss": 0.7383169531822205, "lr": 3.3000539310471834e-06}
{"epoch": 9, "step": 4400, "loss": 0.3862496316432953, "lr": 3.2869000171000886e-06}
{"epoch": 9, "step": 4450, "loss": 0.23464655876159668, "lr": 3.2737461031529934e-06}
{"epoch": 9, "step": 4500, "loss": 0.2576344609260559, "lr": 3.2605921892058986e-06}
{"epoch": 9, "step": 4550, "loss": 0.28112009167671204, "lr": 3.2474382752588034e-06}
{"epoch": 9, "step": 4600, "loss": 0.10837545245885849, "lr": 3.2342843613117086e-06}
{"epoch": 9, "step": 4650, "loss": 0.23345127701759338, "lr": 3.2211304473646138e-06}
{"epoch": 9, "step": 4700, "loss": 0.14230215549468994, "lr": 3.207976533417519e-06}
{"epoch": 9, "step": 4750, "loss": 0.45494675636291504, "lr": 3.1948226194704233e-06}
{"epoch": 9, "step": 4800, "loss": 0.1234612986445427, "lr": 3.1816687055233286e-06}
{"epoch": 9, "step": 4850, "loss": 0.283273309469223, "lr": 3.1685147915762338e-06}
{"epoch": 9, "step": 4900, "loss": 0.6559684872627258, "lr": 3.155360877629139e-06}
{"epoch": 9, "step": 4950, "loss": 0.18150122463703156, "lr": 3.142206963682044e-06}
{"epoch": 9, "step": 5000, "loss": 0.7415935397148132, "lr": 3.129053049734949e-06}
{"epoch": 9, "step": 5050, "loss": 0.5583240389823914, "lr": 3.1158991357878538e-06}
{"epoch": 9, "step": 5100, "loss": 0.37326303124427795, "lr": 3.102745221840759e-06}
{"epoch": 9, "step": 5150, "loss": 0.5734437704086304, "lr": 3.089591307893664e-06}
{"epoch": 9, "step": 5200, "loss": 0.1455683708190918, "lr": 3.076437393946569e-06}
{"epoch": 9, "step": 5250, "loss": 0.11035723239183426, "lr": 3.063283479999474e-06}
{"epoch": 9, "step": 5300, "loss": 0.15271052718162537, "lr": 3.050129566052379e-06}
{"epoch": 9, "step": 5350, "loss": 0.4911911189556122, "lr": 3.036975652105284e-06}
{"epoch": 9, "step": 5400, "loss": 0.5515199899673462, "lr": 3.023821738158189e-06}
{"epoch": 9, "step": 5450, "loss": 0.32356026768684387, "lr": 3.010667824211094e-06}
{"epoch": 9, "step": 5500, "loss": 0.24758969247341156, "lr": 2.9975139102639994e-06}
{"epoch": 9, "step": 5550, "loss": 0.2507646977901459, "lr": 2.9843599963169046e-06}
{"epoch": 9, "step": 5600, "loss": 0.31226903200149536, "lr": 2.971206082369809e-06}
{"epoch": 9, "step": 5650, "loss": 0.5110894441604614, "lr": 2.958052168422714e-06}
{"epoch": 9, "step": 5700, "loss": 0.1952088326215744, "lr": 2.9448982544756194e-06}
{"epoch": 9, "step": 5750, "loss": 0.1449166238307953, "lr": 2.9317443405285246e-06}
{"epoch": 9, "step": 5800, "loss": 0.23666246235370636, "lr": 2.9185904265814298e-06}
{"epoch": 9, "step": 5850, "loss": 0.17429615557193756, "lr": 2.905436512634335e-06}
{"epoch": 9, "step": 5900, "loss": 0.1404184103012085, "lr": 2.8922825986872393e-06}
{"epoch": 9, "step": 5950, "loss": 0.10912963002920151, "lr": 2.8791286847401446e-06}
{"epoch": 9, "step": 6000, "loss": 0.1568574756383896, "lr": 2.8659747707930498e-06}
{"epoch": 9, "step": 6050, "loss": 0.2802419364452362, "lr": 2.852820856845955e-06}
{"epoch": 9, "step": 6100, "loss": 0.3742320239543915, "lr": 2.8396669428988598e-06}
{"epoch": 9, "step": 6150, "loss": 0.06074974685907364, "lr": 2.826513028951765e-06}
{"epoch": 9, "step": 6200, "loss": 0.21277813613414764, "lr": 2.8133591150046698e-06}
{"epoch": 9, "step": 6250, "loss": 0.20260898768901825, "lr": 2.800205201057575e-06}
{"epoch": 9, "step": 6300, "loss": 0.1990646868944168, "lr": 2.7870512871104797e-06}
{"epoch": 9, "step": 6350, "loss": 0.5245067477226257, "lr": 2.773897373163385e-06}
{"epoch": 9, "step": 6400, "loss": 0.42420780658721924, "lr": 2.76074345921629e-06}
{"epoch": 9, "step": 6450, "loss": 0.15181037783622742, "lr": 2.7475895452691954e-06}
{"epoch": 9, "step": 6500, "loss": 0.5829958319664001, "lr": 2.7344356313220997e-06}
{"epoch": 9, "step": 6550, "loss": 0.27874574065208435, "lr": 2.721281717375005e-06}
{"epoch": 9, "step": 6600, "loss": 0.5801113247871399, "lr": 2.70812780342791e-06}
{"epoch": 9, "step": 6650, "loss": 0.3485974371433258, "lr": 2.6949738894808154e-06}
{"epoch": 9, "step": 6700, "loss": 0.5966223478317261, "lr": 2.6818199755337206e-06}
{"epoch": 9, "step": 6750, "loss": 0.8848050832748413, "lr": 2.6686660615866254e-06}
{"epoch": 9, "step": 6800, "loss": 0.1809166967868805, "lr": 2.65551214763953e-06}
{"epoch": 9, "step": 6850, "loss": 0.20247408747673035, "lr": 2.6423582336924354e-06}
{"epoch": 9, "step": 6900, "loss": 0.41124752163887024, "lr": 2.6292043197453406e-06}
{"epoch": 9, "step": 6950, "loss": 0.15930399298667908, "lr": 2.6160504057982453e-06}
{"epoch": 9, "step": 7000, "loss": 0.246505007147789, "lr": 2.6028964918511506e-06}
{"epoch": 9, "step": 7050, "loss": 0.13833776116371155, "lr": 2.5897425779040558e-06}
{"epoch": 9, "step": 7100, "loss": 0.16878855228424072, "lr": 2.5765886639569606e-06}
{"epoch": 9, "step": 7150, "loss": 0.5671610236167908, "lr": 2.5634347500098653e-06}
{"epoch": 9, "step": 7200, "loss": 0.3322697877883911, "lr": 2.5502808360627705e-06}
{"epoch": 9, "step": 7250, "loss": 0.2773561477661133, "lr": 2.5371269221156758e-06}
{"epoch": 9, "step": 7300, "loss": 0.3423159420490265, "lr": 2.523973008168581e-06}
{"epoch": 9, "step": 7350, "loss": 0.2579156458377838, "lr": 2.510819094221486e-06}
{"epoch": 9, "step": 7400, "loss": 0.24730460345745087, "lr": 2.497665180274391e-06}
{"epoch": 9, "step": 7450, "loss": 0.1201278567314148, "lr": 2.4845112663272957e-06}
{"epoch": 9, "step": 7500, "loss": 0.46308571100234985, "lr": 2.471357352380201e-06}
{"epoch": 9, "step": 7550, "loss": 0.27619412541389465, "lr": 2.458203438433106e-06}
{"epoch": 9, "step": 7600, "loss": 0.20749308168888092, "lr": 2.445049524486011e-06}
{"epoch": 9, "step": 7650, "loss": 0.4813372790813446, "lr": 2.431895610538916e-06}
{"epoch": 9, "step": 7700, "loss": 0.627496063709259, "lr": 2.4187416965918214e-06}
{"epoch": 9, "step": 7750, "loss": 0.29913780093193054, "lr": 2.405587782644726e-06}
{"epoch": 9, "step": 7800, "loss": 0.15309633314609528, "lr": 2.3924338686976314e-06}
{"epoch": 9, "step": 7850, "loss": 0.24326859414577484, "lr": 2.379279954750536e-06}
{"epoch": 9, "step": 7900, "loss": 0.0731738731265068, "lr": 2.3661260408034414e-06}
{"epoch": 9, "step": 7950, "loss": 0.3969178795814514, "lr": 2.352972126856346e-06}
{"epoch": 9, "step": 8000, "loss": 0.16744981706142426, "lr": 2.3398182129092514e-06}
{"epoch": 9, "step": 8050, "loss": 0.4235810339450836, "lr": 2.326664298962156e-06}
{"epoch": 9, "step": 8100, "loss": 0.3391938805580139, "lr": 2.3135103850150613e-06}
{"epoch": 9, "step": 8150, "loss": 0.0976477786898613, "lr": 2.3003564710679666e-06}
{"epoch": 9, "step": 8200, "loss": 0.20075394213199615, "lr": 2.2872025571208713e-06}
{"epoch": 9, "step": 8250, "loss": 0.26712632179260254, "lr": 2.2740486431737766e-06}
{"epoch": 9, "step": 8300, "loss": 0.5561138391494751, "lr": 2.2608947292266818e-06}
{"epoch": 9, "step": 8350, "loss": 0.5659218430519104, "lr": 2.2477408152795865e-06}
{"epoch": 9, "step": 8400, "loss": 0.41688698530197144, "lr": 2.2345869013324918e-06}
{"epoch": 9, "weighted_f1": 0.5923034465846299, "checkpoint": "/home/rishank/Projects/major project/Test/results/checkpoints/dnabert2_splitb_seed3/epoch_09.pt"}
{"epoch": 10, "step": 1, "loss": 0.5747401714324951, "lr": 2.2219591439432807e-06}
{"epoch": 10, "step": 50, "loss": 0.3745827078819275, "lr": 2.2090683082751273e-06}
{"epoch": 10, "step": 100, "loss": 0.154832124710083, "lr": 2.1959143943280325e-06}
{"epoch": 10, "step": 150, "loss": 0.3028583228588104, "lr": 2.1827604803809373e-06}
{"epoch": 10, "step": 200, "loss": 0.25134965777397156, "lr": 2.1696065664338425e-06}
{"epoch": 10, "step": 250, "loss": 0.13240456581115723, "lr": 2.1564526524867477e-06}
{"epoch": 10, "step": 300, "loss": 0.1898597627878189, "lr": 2.1432987385396525e-06}
{"epoch": 10, "step": 350, "loss": 0.24038437008857727, "lr": 2.1301448245925577e-06}
{"epoch": 10, "step": 400, "loss": 0.4694821238517761, "lr": 2.116990910645463e-06}
{"epoch": 10, "step": 450, "loss": 0.22231438755989075, "lr": 2.1038369966983677e-06}
{"epoch": 10, "step": 500, "loss": 0.23263169825077057, "lr": 2.090683082751273e-06}
{"epoch": 10, "step": 550, "loss": 0.37385398149490356, "lr": 2.077529168804178e-06}
{"epoch": 10, "step": 600, "loss": 0.4740281105041504, "lr": 2.064375254857083e-06}
{"epoch": 10, "step": 650, "loss": 0.13304118812084198, "lr": 2.051221340909988e-06}
{"epoch": 10, "step": 700, "loss": 0.3279601037502289, "lr": 2.038067426962893e-06}
{"epoch": 10, "step": 750, "loss": 0.2264862060546875, "lr": 2.024913513015798e-06}
{"epoch": 10, "step": 800, "loss": 0.4407483637332916, "lr": 2.011759599068703e-06}
{"epoch": 10, "step": 850, "loss": 0.39309754967689514, "lr": 1.998605685121608e-06}
{"epoch": 10, "step": 900, "loss": 0.3420117497444153, "lr": 1.985451771174513e-06}
{"epoch": 10, "step": 950, "loss": 0.5400534868240356, "lr": 1.972297857227418e-06}
{"epoch": 10, "step": 1000, "loss": 0.32765766978263855, "lr": 1.9591439432803233e-06}
{"epoch": 10, "step": 1050, "loss": 0.3962806761264801, "lr": 1.945990029333228e-06}
{"epoch": 10, "step": 1100, "loss": 0.22991134226322174, "lr": 1.9328361153861333e-06}
{"epoch": 10, "step": 1150, "loss": 0.13356037437915802, "lr": 1.9196822014390385e-06}
{"epoch": 10, "step": 1200, "loss": 0.09146792441606522, "lr": 1.9065282874919433e-06}
{"epoch": 10, "step": 1250, "loss": 0.3588438332080841, "lr": 1.8933743735448485e-06}
{"epoch": 10, "step": 1300, "loss": 0.353303462266922, "lr": 1.8802204595977535e-06}
{"epoch": 10, "step": 1350, "loss": 0.1226772591471672, "lr": 1.8670665456506585e-06}
{"epoch": 10, "step": 1400, "loss": 0.44322535395622253, "lr": 1.8539126317035635e-06}
{"epoch": 10, "step": 1450, "loss": 0.31062424182891846, "lr": 1.8407587177564687e-06}
{"epoch": 10, "step": 1500, "loss": 0.3189832270145416, "lr": 1.8276048038093735e-06}
{"epoch": 10, "step": 1550, "loss": 0.06744177639484406, "lr": 1.8144508898622787e-06}
{"epoch": 10, "step": 1600, "loss": 0.10444478690624237, "lr": 1.801296975915184e-06}
{"epoch": 10, "step": 1650, "loss": 0.19325634837150574, "lr": 1.7881430619680887e-06}
{"epoch": 10, "step": 1700, "loss": 0.07476770877838135, "lr": 1.7749891480209939e-06}
{"epoch": 10, "step": 1750, "loss": 0.19544947147369385, "lr": 1.7618352340738989e-06}
{"epoch": 10, "step": 1800, "loss": 0.08410784602165222, "lr": 1.7486813201268039e-06}
{"epoch": 10, "step": 1850, "loss": 0.5634113550186157, "lr": 1.7355274061797089e-06}
{"epoch": 10, "step": 1900, "loss": 0.4680393636226654, "lr": 1.722373492232614e-06}
{"epoch": 10, "step": 1950, "loss": 0.27706846594810486, "lr": 1.7092195782855189e-06}
{"epoch": 10, "step": 2000, "loss": 0.25659599900245667, "lr": 1.696065664338424e-06}
{"epoch": 10, "step": 2050, "loss": 0.08332409709692001, "lr": 1.6829117503913293e-06}
{"epoch": 10, "step": 2100, "loss": 0.22249506413936615, "lr": 1.669757836444234e-06}
{"epoch": 10, "step": 2150, "loss": 0.14403894543647766, "lr": 1.6566039224971393e-06}
{"epoch": 10, "step": 2200, "loss": 0.4609373211860657, "lr": 1.6434500085500443e-06}
{"epoch": 10, "step": 2250, "loss": 0.637620210647583, "lr": 1.6302960946029493e-06}
{"epoch": 10, "step": 2300, "loss": 0.45426103472709656, "lr": 1.6171421806558543e-06}
{"epoch": 10, "step": 2350, "loss": 0.37363317608833313, "lr": 1.6039882667087595e-06}
{"epoch": 10, "step": 2400, "loss": 0.35758593678474426, "lr": 1.5908343527616643e-06}
{"epoch": 10, "step": 2450, "loss": 0.09760364890098572, "lr": 1.5776804388145695e-06}
{"epoch": 10, "step": 2500, "loss": 0.47561541199684143, "lr": 1.5645265248674745e-06}
{"epoch": 10, "step": 2550, "loss": 0.10208245366811752, "lr": 1.5513726109203795e-06}
{"epoch": 10, "step": 2600, "loss": 0.3400862514972687, "lr": 1.5382186969732845e-06}
{"epoch": 10, "step": 2650, "loss": 0.5083644986152649, "lr": 1.5250647830261895e-06}
{"epoch": 10, "step": 2700, "loss": 0.04934258759021759, "lr": 1.5119108690790945e-06}
{"epoch": 10, "step": 2750, "loss": 0.11783703416585922, "lr": 1.4987569551319997e-06}
{"epoch": 10, "step": 2800, "loss": 0.21310493350028992, "lr": 1.4856030411849045e-06}
{"epoch": 10, "step": 2850, "loss": 0.14643992483615875, "lr": 1.4724491272378097e-06}
{"epoch": 10, "step": 2900, "loss": 0.06938813626766205, "lr": 1.4592952132907149e-06}
{"epoch": 10, "step": 2950, "loss": 0.40093573927879333, "lr": 1.4461412993436197e-06}
{"epoch": 10, "step": 3000, "loss": 0.5014238953590393, "lr": 1.4329873853965249e-06}
{"epoch": 10, "step": 3050, "loss": 0.24914665520191193, "lr": 1.4198334714494299e-06}
{"epoch": 10, "step": 3100, "loss": 0.5332182049751282, "lr": 1.4066795575023349e-06}
{"epoch": 10, "step": 3150, "loss": 0.44894176721572876, "lr": 1.3935256435552399e-06}
{"epoch": 10, "step": 3200, "loss": 0.33524709939956665, "lr": 1.380371729608145e-06}
{"epoch": 10, "step": 3250, "loss": 0.23713929951190948, "lr": 1.3672178156610499e-06}
{"epoch": 10, "step": 3300, "loss": 0.3500542938709259, "lr": 1.354063901713955e-06}
{"epoch": 10, "step": 3350, "loss": 0.7152959704399109, "lr": 1.3409099877668603e-06}
{"epoch": 10, "step": 3400, "loss": 0.16751481592655182, "lr": 1.327756073819765e-06}
{"epoch": 10, "step": 3450, "loss": 0.13622266054153442, "lr": 1.3146021598726703e-06}
{"epoch": 10, "step": 3500, "loss": 0.2829795777797699, "lr": 1.3014482459255753e-06}
{"epoch": 10, "step": 3550, "loss": 0.11007232218980789, "lr": 1.2882943319784803e-06}
{"epoch": 10, "step": 3600, "loss": 0.35096997022628784, "lr": 1.2751404180313853e-06}
{"epoch": 10, "step": 3650, "loss": 0.12121637165546417, "lr": 1.2619865040842905e-06}
{"epoch": 10, "step": 3700, "loss": 0.24234367907047272, "lr": 1.2488325901371955e-06}
{"epoch": 10, "step": 3750, "loss": 0.5981395840644836, "lr": 1.2356786761901005e-06}
{"epoch": 10, "step": 3800, "loss": 0.15125975012779236, "lr": 1.2225247622430055e-06}
{"epoch": 10, "step": 3850, "loss": 0.19485242664813995, "lr": 1.2093708482959107e-06}
{"epoch": 10, "step": 3900, "loss": 0.38118481636047363, "lr": 1.1962169343488157e-06}
{"epoch": 10, "step": 3950, "loss": 0.15945643186569214, "lr": 1.1830630204017207e-06}
{"epoch": 10, "step": 4000, "loss": 0.3530357778072357, "lr": 1.1699091064546257e-06}
{"epoch": 10, "step": 4050, "loss": 0.5721957683563232, "lr": 1.1567551925075307e-06}
{"epoch": 10, "step": 4100, "loss": 0.23831786215305328, "lr": 1.1436012785604357e-06}
{"epoch": 10, "step": 4150, "loss": 0.23862560093402863, "lr": 1.1304473646133409e-06}
{"epoch": 10, "step": 4200, "loss": 0.03857477009296417, "lr": 1.1172934506662459e-06}
{"epoch": 10, "step": 4250, "loss": 0.23384134471416473, "lr": 1.1041395367191509e-06}
{"epoch": 10, "step": 4300, "loss": 0.5290210247039795, "lr": 1.0909856227720559e-06}
{"epoch": 10, "step": 4350, "loss": 0.3508123457431793, "lr": 1.0778317088249609e-06}
{"epoch": 10, "step": 4400, "loss": 0.5818494558334351, "lr": 1.0646777948778659e-06}
{"epoch": 10, "step": 4450, "loss": 0.13532376289367676, "lr": 1.051523880930771e-06}
{"epoch": 10, "step": 4500, "loss": 0.38140183687210083, "lr": 1.038369966983676e-06}
{"epoch": 10, "step": 4550, "loss": 0.11304440349340439, "lr": 1.025216053036581e-06}
{"epoch": 10, "step": 4600, "loss": 0.09087607264518738, "lr": 1.0120621390894863e-06}
{"epoch": 10, "step": 4650, "loss": 0.2332698404788971, "lr": 9.989082251423913e-07}
{"epoch": 10, "step": 4700, "loss": 0.2750331461429596, "lr": 9.857543111952963e-07}
{"epoch": 10, "step": 4750, "loss": 0.3390990197658539, "lr": 9.726003972482013e-07}
{"epoch": 10, "step": 4800, "loss": 0.3673649728298187, "lr": 9.594464833011063e-07}
{"epoch": 10, "step": 4850, "loss": 0.6551803946495056, "lr": 9.462925693540114e-07}
{"epoch": 10, "step": 4900, "loss": 0.10046489536762238, "lr": 9.331386554069164e-07}
{"epoch": 10, "step": 4950, "loss": 0.0593055859208107, "lr": 9.199847414598215e-07}
{"epoch": 10, "step": 5000, "loss": 0.446227103471756, "lr": 9.068308275127265e-07}
{"epoch": 10, "step": 5050, "loss": 0.4517543911933899, "lr": 8.936769135656315e-07}
{"epoch": 10, "step": 5100, "loss": 0.3830278217792511, "lr": 8.805229996185366e-07}
{"epoch": 10, "step": 5150, "loss": 0.17411334812641144, "lr": 8.673690856714416e-07}
{"epoch": 10, "step": 5200, "loss": 0.3019995391368866, "lr": 8.542151717243466e-07}
{"epoch": 10, "step": 5250, "loss": 0.053721968084573746, "lr": 8.410612577772518e-07}
{"epoch": 10, "step": 5300, "loss": 0.1003323420882225, "lr": 8.279073438301568e-07}
{"epoch": 10, "step": 5350, "loss": 0.15062420070171356, "lr": 8.147534298830618e-07}
{"epoch": 10, "step": 5400, "loss": 0.267333060503006, "lr": 8.015995159359669e-07}
{"epoch": 10, "step": 5450, "loss": 0.06371798366308212, "lr": 7.884456019888719e-07}
{"epoch": 10, "step": 5500, "loss": 0.6306623816490173, "lr": 7.752916880417769e-07}
{"epoch": 10, "step": 5550, "loss": 0.28483590483665466, "lr": 7.62137774094682e-07}
{"epoch": 10, "step": 5600, "loss": 0.24377581477165222, "lr": 7.48983860147587e-07}
{"epoch": 10, "step": 5650, "loss": 0.45161041617393494, "lr": 7.35829946200492e-07}
{"epoch": 10, "step": 5700, "loss": 0.17357024550437927, "lr": 7.226760322533971e-07}
{"epoch": 10, "step": 5750, "loss": 0.6017637848854065, "lr": 7.095221183063021e-07}
{"epoch": 10, "step": 5800, "loss": 0.061286721378564835, "lr": 6.963682043592071e-07}
{"epoch": 10, "step": 5850, "loss": 0.2047751545906067, "lr": 6.832142904121123e-07}
{"epoch": 10, "step": 5900, "loss": 0.0979386493563652, "lr": 6.700603764650173e-07}
{"epoch": 10, "step": 5950, "loss": 0.3720104694366455, "lr": 6.569064625179223e-07}
{"epoch": 10, "step": 6000, "loss": 0.35648688673973083, "lr": 6.437525485708274e-07}
{"epoch": 10, "step": 6050, "loss": 0.40662744641304016, "lr": 6.305986346237324e-07}
{"epoch": 10, "step": 6100, "loss": 0.16534262895584106, "lr": 6.174447206766374e-07}
{"epoch": 10, "step": 6150, "loss": 0.15276014804840088, "lr": 6.042908067295425e-07}
{"epoch": 10, "step": 6200, "loss": 0.3743821382522583, "lr": 5.911368927824475e-07}
{"epoch": 10, "step": 6250, "loss": 0.09424461424350739, "lr": 5.779829788353525e-07}
{"epoch": 10, "step": 6300, "loss": 0.47429728507995605, "lr": 5.648290648882576e-07}
{"epoch": 10, "step": 6350, "loss": 0.4546356499195099, "lr": 5.516751509411626e-07}
{"epoch": 10, "step": 6400, "loss": 0.3668734133243561, "lr": 5.385212369940676e-07}
{"epoch": 10, "step": 6450, "loss": 0.2841747999191284, "lr": 5.253673230469727e-07}
{"epoch": 10, "step": 6500, "loss": 0.13436871767044067, "lr": 5.122134090998778e-07}
{"epoch": 10, "step": 6550, "loss": 0.6035318374633789, "lr": 4.990594951527828e-07}
{"epoch": 10, "step": 6600, "loss": 0.17365580797195435, "lr": 4.859055812056878e-07}
{"epoch": 10, "step": 6650, "loss": 0.49087169766426086, "lr": 4.7275166725859287e-07}
{"epoch": 10, "step": 6700, "loss": 0.26170817017555237, "lr": 4.5959775331149786e-07}
{"epoch": 10, "step": 6750, "loss": 0.43146997690200806, "lr": 4.464438393644029e-07}
{"epoch": 10, "step": 6800, "loss": 0.06567833572626114, "lr": 4.332899254173079e-07}
{"epoch": 10, "step": 6850, "loss": 0.1662444919347763, "lr": 4.20136011470213e-07}
{"epoch": 10, "step": 6900, "loss": 0.14546464383602142, "lr": 4.0698209752311806e-07}
{"epoch": 10, "step": 6950, "loss": 0.18800629675388336, "lr": 3.9382818357602306e-07}
{"epoch": 10, "step": 7000, "loss": 0.23256883025169373, "lr": 3.806742696289281e-07}
{"epoch": 10, "step": 7050, "loss": 0.3697342574596405, "lr": 3.6752035568183316e-07}
{"epoch": 10, "step": 7100, "loss": 0.37902817130088806, "lr": 3.5436644173473816e-07}
{"epoch": 10, "step": 7150, "loss": 0.3544638454914093, "lr": 3.4121252778764326e-07}
{"epoch": 10, "step": 7200, "loss": 0.4408573806285858, "lr": 3.280586138405483e-07}
{"epoch": 10, "step": 7250, "loss": 0.1501230150461197, "lr": 3.149046998934533e-07}
{"epoch": 10, "step": 7300, "loss": 0.19306308031082153, "lr": 3.0175078594635836e-07}
{"epoch": 10, "step": 7350, "loss": 0.478463739156723, "lr": 2.885968719992634e-07}
{"epoch": 10, "step": 7400, "loss": 0.1556539237499237, "lr": 2.754429580521684e-07}
{"epoch": 10, "step": 7450, "loss": 0.3853176534175873, "lr": 2.622890441050735e-07}
{"epoch": 10, "step": 7500, "loss": 0.3269237279891968, "lr": 2.491351301579785e-07}
{"epoch": 10, "step": 7550, "loss": 0.16687729954719543, "lr": 2.3598121621088356e-07}
{"epoch": 10, "step": 7600, "loss": 0.23160071671009064, "lr": 2.2282730226378864e-07}
{"epoch": 10, "step": 7650, "loss": 0.2758442759513855, "lr": 2.0967338831669366e-07}
{"epoch": 10, "step": 7700, "loss": 0.10907578468322754, "lr": 1.9651947436959868e-07}
{"epoch": 10, "step": 7750, "loss": 0.3055203855037689, "lr": 1.833655604225037e-07}
{"epoch": 10, "step": 7800, "loss": 0.721711277961731, "lr": 1.7021164647540878e-07}
{"epoch": 10, "step": 7850, "loss": 0.3018726110458374, "lr": 1.570577325283138e-07}
{"epoch": 10, "step": 7900, "loss": 0.23384582996368408, "lr": 1.4390381858121886e-07}
{"epoch": 10, "step": 7950, "loss": 0.25842753052711487, "lr": 1.3074990463412388e-07}
{"epoch": 10, "step": 8000, "loss": 0.1711096167564392, "lr": 1.1759599068702895e-07}
{"epoch": 10, "step": 8050, "loss": 0.13447123765945435, "lr": 1.0444207673993397e-07}
{"epoch": 10, "step": 8100, "loss": 0.2562221884727478, "lr": 9.128816279283902e-08}
{"epoch": 10, "step": 8150, "loss": 0.09128271788358688, "lr": 7.813424884574404e-08}
{"epoch": 10, "step": 8200, "loss": 0.23188284039497375, "lr": 6.49803348986491e-08}
{"epoch": 10, "step": 8250, "loss": 0.3522137999534607, "lr": 5.182642095155414e-08}
{"epoch": 10, "step": 8300, "loss": 0.23739078640937805, "lr": 3.867250700445918e-08}
{"epoch": 10, "step": 8350, "loss": 0.17042019963264465, "lr": 2.5518593057364222e-08}
{"epoch": 10, "step": 8400, "loss": 0.17026306688785553, "lr": 1.2364679110269261e-08}
{"epoch": 10, "weighted_f1": 0.5927063877228937, "checkpoint": "/home/rishank/Projects/major project/Test/results/checkpoints/dnabert2_splitb_seed3/epoch_10.pt"}
{"final_result": {"accuracy": 0.6176731793960923, "roc_auc": 0.6640002946035167, "weighted_precision": 0.6164974162950748, "weighted_recall": 0.6176731793960923, "weighted_f1": 0.6108351000916747, "benign_precision": 0.6219733234186922, "benign_recall": 0.7367870513102841, "benign_f1": 0.6745293717396235, "pathogenic_precision": 0.6101280273994945, "pathogenic_recall": 0.4791239754098361, "pathogenic_f1": 0.5367480899601851, "tn": 13383, "fp": 4781, "fn": 8134, "tp": 7482}}
