Some weights of BertModel were not initialized from the model checkpoint at zhihan1996/DNABERT-2-117M and are newly initialized: ['pooler.dense.bias', 'pooler.dense.weight']
You should probably TRAIN this model on a down-stream task to be able to use it for predictions and inference.
max_length used: 200
device: cuda train: 135147 val: 33780 batch_size: 16
LR warmup: 8447/84470 steps (10%), linear 0 -> 2e-5
{"epoch": 1, "step": 1, "loss": 0.6918920278549194, "lr": 2.3677045104770926e-09}
{"epoch": 1, "step": 50, "loss": 0.7112287282943726, "lr": 1.1838522552385464e-07}
{"epoch": 1, "step": 100, "loss": 0.6974665522575378, "lr": 2.3677045104770928e-07}
{"epoch": 1, "step": 150, "loss": 0.6903208494186401, "lr": 3.551556765715639e-07}
{"epoch": 1, "step": 200, "loss": 0.6924216151237488, "lr": 4.7354090209541856e-07}
{"epoch": 1, "step": 250, "loss": 0.7654269933700562, "lr": 5.919261276192732e-07}
{"epoch": 1, "step": 300, "loss": 0.7233225107192993, "lr": 7.103113531431278e-07}
{"epoch": 1, "step": 350, "loss": 0.6866416335105896, "lr": 8.286965786669825e-07}
{"epoch": 1, "step": 400, "loss": 0.6733487248420715, "lr": 9.470818041908371e-07}
{"epoch": 1, "step": 450, "loss": 0.6999215483665466, "lr": 1.0654670297146916e-06}
{"epoch": 1, "step": 500, "loss": 0.7036460638046265, "lr": 1.1838522552385464e-06}
{"epoch": 1, "step": 550, "loss": 0.6913299560546875, "lr": 1.302237480762401e-06}
{"epoch": 1, "step": 600, "loss": 0.6800474524497986, "lr": 1.4206227062862556e-06}
{"epoch": 1, "step": 650, "loss": 0.7173185348510742, "lr": 1.5390079318101102e-06}
{"epoch": 1, "step": 700, "loss": 0.6971399784088135, "lr": 1.657393157333965e-06}
{"epoch": 1, "step": 750, "loss": 0.6695637702941895, "lr": 1.7757783828578196e-06}
{"epoch": 1, "step": 800, "loss": 0.6627507209777832, "lr": 1.8941636083816742e-06}
{"epoch": 1, "step": 850, "loss": 0.7246048450469971, "lr": 2.012548833905529e-06}
{"epoch": 1, "step": 900, "loss": 0.6627277135848999, "lr": 2.1309340594293832e-06}
{"epoch": 1, "step": 950, "loss": 0.6961548924446106, "lr": 2.249319284953238e-06}
{"epoch": 1, "step": 1000, "loss": 0.7077857255935669, "lr": 2.367704510477093e-06}
{"epoch": 1, "step": 1050, "loss": 0.6833640933036804, "lr": 2.4860897360009472e-06}
{"epoch": 1, "step": 1100, "loss": 0.6707128286361694, "lr": 2.604474961524802e-06}
{"epoch": 1, "step": 1150, "loss": 0.6771509051322937, "lr": 2.7228601870486564e-06}
{"epoch": 1, "step": 1200, "loss": 0.7131458520889282, "lr": 2.8412454125725113e-06}
{"epoch": 1, "step": 1250, "loss": 0.7069414854049683, "lr": 2.9596306380963656e-06}
{"epoch": 1, "step": 1300, "loss": 0.6944182515144348, "lr": 3.0780158636202205e-06}
{"epoch": 1, "step": 1350, "loss": 0.6854465007781982, "lr": 3.196401089144075e-06}
{"epoch": 1, "step": 1400, "loss": 0.6978601217269897, "lr": 3.31478631466793e-06}
{"epoch": 1, "step": 1450, "loss": 0.69682776927948, "lr": 3.433171540191784e-06}
{"epoch": 1, "step": 1500, "loss": 0.662940502166748, "lr": 3.5515567657156393e-06}
{"epoch": 1, "step": 1550, "loss": 0.7087821364402771, "lr": 3.6699419912394937e-06}
{"epoch": 1, "step": 1600, "loss": 0.6921098232269287, "lr": 3.7883272167633485e-06}
{"epoch": 1, "step": 1650, "loss": 0.7013092637062073, "lr": 3.906712442287203e-06}
{"epoch": 1, "step": 1700, "loss": 0.699140191078186, "lr": 4.025097667811058e-06}
{"epoch": 1, "step": 1750, "loss": 0.6929800510406494, "lr": 4.143482893334912e-06}
{"epoch": 1, "step": 1800, "loss": 0.676954448223114, "lr": 4.2618681188587665e-06}
{"epoch": 1, "step": 1850, "loss": 0.7053353786468506, "lr": 4.380253344382621e-06}
{"epoch": 1, "step": 1900, "loss": 0.6903277635574341, "lr": 4.498638569906476e-06}
{"epoch": 1, "step": 1950, "loss": 0.6641170382499695, "lr": 4.61702379543033e-06}
{"epoch": 1, "step": 2000, "loss": 0.695654571056366, "lr": 4.735409020954186e-06}
{"epoch": 1, "step": 2050, "loss": 0.6739742755889893, "lr": 4.8537942464780405e-06}
{"epoch": 1, "step": 2100, "loss": 0.6841033697128296, "lr": 4.9721794720018945e-06}
{"epoch": 1, "step": 2150, "loss": 0.6917558908462524, "lr": 5.090564697525749e-06}
{"epoch": 1, "step": 2200, "loss": 0.7027711272239685, "lr": 5.208949923049604e-06}
{"epoch": 1, "step": 2250, "loss": 0.6705799102783203, "lr": 5.327335148573458e-06}
{"epoch": 1, "step": 2300, "loss": 0.6955736875534058, "lr": 5.445720374097313e-06}
{"epoch": 1, "step": 2350, "loss": 0.6901235580444336, "lr": 5.564105599621168e-06}
{"epoch": 1, "step": 2400, "loss": 0.7083460688591003, "lr": 5.6824908251450225e-06}
{"epoch": 1, "step": 2450, "loss": 0.6495851874351501, "lr": 5.8008760506688765e-06}
{"epoch": 1, "step": 2500, "loss": 0.696735680103302, "lr": 5.919261276192731e-06}
{"epoch": 1, "step": 2550, "loss": 0.6849094033241272, "lr": 6.037646501716586e-06}
{"epoch": 1, "step": 2600, "loss": 0.6861876249313354, "lr": 6.156031727240441e-06}
{"epoch": 1, "step": 2650, "loss": 0.659269392490387, "lr": 6.274416952764295e-06}
{"epoch": 1, "step": 2700, "loss": 0.6697648167610168, "lr": 6.39280217828815e-06}
{"epoch": 1, "step": 2750, "loss": 0.6365435123443604, "lr": 6.5111874038120045e-06}
{"epoch": 1, "step": 2800, "loss": 0.6422163248062134, "lr": 6.62957262933586e-06}
{"epoch": 1, "step": 2850, "loss": 0.7201002240180969, "lr": 6.747957854859713e-06}
{"epoch": 1, "step": 2900, "loss": 0.7411047220230103, "lr": 6.866343080383568e-06}
{"epoch": 1, "step": 2950, "loss": 0.6814711689949036, "lr": 6.984728305907424e-06}
{"epoch": 1, "step": 3000, "loss": 0.7000239491462708, "lr": 7.1031135314312786e-06}
{"epoch": 1, "step": 3050, "loss": 0.7227764129638672, "lr": 7.221498756955133e-06}
{"epoch": 1, "step": 3100, "loss": 0.632605791091919, "lr": 7.339883982478987e-06}
{"epoch": 1, "step": 3150, "loss": 0.681272566318512, "lr": 7.458269208002842e-06}
{"epoch": 1, "step": 3200, "loss": 0.6974472403526306, "lr": 7.576654433526697e-06}
{"epoch": 1, "step": 3250, "loss": 0.7009387612342834, "lr": 7.695039659050551e-06}
{"epoch": 1, "step": 3300, "loss": 0.6483846306800842, "lr": 7.813424884574406e-06}
{"epoch": 1, "step": 3350, "loss": 0.691429615020752, "lr": 7.93181011009826e-06}
{"epoch": 1, "step": 3400, "loss": 0.6370051503181458, "lr": 8.050195335622115e-06}
{"epoch": 1, "step": 3450, "loss": 0.7305296659469604, "lr": 8.16858056114597e-06}
{"epoch": 1, "step": 3500, "loss": 0.6520407795906067, "lr": 8.286965786669823e-06}
{"epoch": 1, "step": 3550, "loss": 0.653602123260498, "lr": 8.405351012193678e-06}
{"epoch": 1, "step": 3600, "loss": 0.737252950668335, "lr": 8.523736237717533e-06}
{"epoch": 1, "step": 3650, "loss": 0.6829739809036255, "lr": 8.642121463241388e-06}
{"epoch": 1, "step": 3700, "loss": 0.6793387532234192, "lr": 8.760506688765243e-06}
{"epoch": 1, "step": 3750, "loss": 0.6779187917709351, "lr": 8.878891914289097e-06}
{"epoch": 1, "step": 3800, "loss": 0.7530868649482727, "lr": 8.997277139812952e-06}
{"epoch": 1, "step": 3850, "loss": 0.6379450559616089, "lr": 9.115662365336807e-06}
{"epoch": 1, "step": 3900, "loss": 0.7274197936058044, "lr": 9.23404759086066e-06}
{"epoch": 1, "step": 3950, "loss": 0.607388436794281, "lr": 9.352432816384515e-06}
{"epoch": 1, "step": 4000, "loss": 0.6541538238525391, "lr": 9.470818041908371e-06}
{"epoch": 1, "step": 4050, "loss": 0.711966335773468, "lr": 9.589203267432226e-06}
{"epoch": 1, "step": 4100, "loss": 0.5981706976890564, "lr": 9.707588492956081e-06}
{"epoch": 1, "step": 4150, "loss": 0.684235692024231, "lr": 9.825973718479934e-06}
{"epoch": 1, "step": 4200, "loss": 0.7016797065734863, "lr": 9.944358944003789e-06}
{"epoch": 1, "step": 4250, "loss": 0.7701976895332336, "lr": 1.0062744169527642e-05}
{"epoch": 1, "step": 4300, "loss": 0.7847544550895691, "lr": 1.0181129395051499e-05}
{"epoch": 1, "step": 4350, "loss": 0.6242148876190186, "lr": 1.0299514620575353e-05}
{"epoch": 1, "step": 4400, "loss": 0.7224600315093994, "lr": 1.0417899846099208e-05}
{"epoch": 1, "step": 4450, "loss": 0.6381232142448425, "lr": 1.0536285071623063e-05}
{"epoch": 1, "step": 4500, "loss": 0.6296842694282532, "lr": 1.0654670297146916e-05}
{"epoch": 1, "step": 4550, "loss": 0.7528972625732422, "lr": 1.0773055522670773e-05}
{"epoch": 1, "step": 4600, "loss": 0.6640660762786865, "lr": 1.0891440748194626e-05}
{"epoch": 1, "step": 4650, "loss": 0.6959073543548584, "lr": 1.100982597371848e-05}
{"epoch": 1, "step": 4700, "loss": 0.7097534537315369, "lr": 1.1128211199242335e-05}
{"epoch": 1, "step": 4750, "loss": 0.5993028879165649, "lr": 1.124659642476619e-05}
{"epoch": 1, "step": 4800, "loss": 0.75367671251297, "lr": 1.1364981650290045e-05}
{"epoch": 1, "step": 4850, "loss": 0.6671183705329895, "lr": 1.14833668758139e-05}
{"epoch": 1, "step": 4900, "loss": 0.5828033685684204, "lr": 1.1601752101337753e-05}
{"epoch": 1, "step": 4950, "loss": 0.5919163823127747, "lr": 1.172013732686161e-05}
{"epoch": 1, "step": 5000, "loss": 0.7341260313987732, "lr": 1.1838522552385463e-05}
{"epoch": 1, "step": 5050, "loss": 0.7076289057731628, "lr": 1.1956907777909319e-05}
{"epoch": 1, "step": 5100, "loss": 0.7396488189697266, "lr": 1.2075293003433172e-05}
{"epoch": 1, "step": 5150, "loss": 0.6396700739860535, "lr": 1.2193678228957027e-05}
{"epoch": 1, "step": 5200, "loss": 0.6726067662239075, "lr": 1.2312063454480882e-05}
{"epoch": 1, "step": 5250, "loss": 0.6193206310272217, "lr": 1.2430448680004737e-05}
{"epoch": 1, "step": 5300, "loss": 0.7175657749176025, "lr": 1.254883390552859e-05}
{"epoch": 1, "step": 5350, "loss": 0.7159682512283325, "lr": 1.2667219131052446e-05}
{"epoch": 1, "step": 5400, "loss": 0.6665696501731873, "lr": 1.27856043565763e-05}
{"epoch": 1, "step": 5450, "loss": 0.6821273565292358, "lr": 1.2903989582100156e-05}
{"epoch": 1, "step": 5500, "loss": 0.6853266954421997, "lr": 1.3022374807624009e-05}
{"epoch": 1, "step": 5550, "loss": 0.7101004123687744, "lr": 1.3140760033147864e-05}
{"epoch": 1, "step": 5600, "loss": 0.7679560780525208, "lr": 1.325914525867172e-05}
{"epoch": 1, "step": 5650, "loss": 0.6594054698944092, "lr": 1.3377530484195573e-05}
{"epoch": 1, "step": 5700, "loss": 0.6805416941642761, "lr": 1.3495915709719427e-05}
{"epoch": 1, "step": 5750, "loss": 0.7291904091835022, "lr": 1.3614300935243283e-05}
{"epoch": 1, "step": 5800, "loss": 0.5917643904685974, "lr": 1.3732686160767136e-05}
{"epoch": 1, "step": 5850, "loss": 0.6268702745437622, "lr": 1.3851071386290993e-05}
{"epoch": 1, "step": 5900, "loss": 0.7250756025314331, "lr": 1.3969456611814847e-05}
{"epoch": 1, "step": 5950, "loss": 0.6419512033462524, "lr": 1.40878418373387e-05}
{"epoch": 1, "step": 6000, "loss": 0.7109813094139099, "lr": 1.4206227062862557e-05}
{"epoch": 1, "step": 6050, "loss": 0.6646614670753479, "lr": 1.432461228838641e-05}
{"epoch": 1, "step": 6100, "loss": 0.6249524354934692, "lr": 1.4442997513910267e-05}
{"epoch": 1, "step": 6150, "loss": 0.667113721370697, "lr": 1.456138273943412e-05}
{"epoch": 1, "step": 6200, "loss": 0.49717575311660767, "lr": 1.4679767964957975e-05}
{"epoch": 1, "step": 6250, "loss": 0.6906379461288452, "lr": 1.479815319048183e-05}
{"epoch": 1, "step": 6300, "loss": 0.5132489204406738, "lr": 1.4916538416005684e-05}
{"epoch": 1, "step": 6350, "loss": 0.664993941783905, "lr": 1.5034923641529537e-05}
{"epoch": 1, "step": 6400, "loss": 0.6217658519744873, "lr": 1.5153308867053394e-05}
{"epoch": 1, "step": 6450, "loss": 0.6225149631500244, "lr": 1.5271694092577247e-05}
{"epoch": 1, "step": 6500, "loss": 0.6391268968582153, "lr": 1.5390079318101102e-05}
{"epoch": 1, "step": 6550, "loss": 0.6730632781982422, "lr": 1.5508464543624957e-05}
{"epoch": 1, "step": 6600, "loss": 0.7959341406822205, "lr": 1.562684976914881e-05}
{"epoch": 1, "step": 6650, "loss": 0.6959096789360046, "lr": 1.5745234994672666e-05}
{"epoch": 1, "step": 6700, "loss": 0.7518176436424255, "lr": 1.586362022019652e-05}
{"epoch": 1, "step": 6750, "loss": 0.6342309713363647, "lr": 1.5982005445720376e-05}
{"epoch": 1, "step": 6800, "loss": 0.720473051071167, "lr": 1.610039067124423e-05}
{"epoch": 1, "step": 6850, "loss": 0.5812385082244873, "lr": 1.6218775896768086e-05}
{"epoch": 1, "step": 6900, "loss": 0.664832592010498, "lr": 1.633716112229194e-05}
{"epoch": 1, "step": 6950, "loss": 0.6003742218017578, "lr": 1.6455546347815795e-05}
{"epoch": 1, "step": 7000, "loss": 0.637835681438446, "lr": 1.6573931573339647e-05}
{"epoch": 1, "step": 7050, "loss": 0.6413866877555847, "lr": 1.6692316798863505e-05}
{"epoch": 1, "step": 7100, "loss": 0.5917732119560242, "lr": 1.6810702024387356e-05}
{"epoch": 1, "step": 7150, "loss": 0.6065279841423035, "lr": 1.6929087249911214e-05}
{"epoch": 1, "step": 7200, "loss": 0.6006709933280945, "lr": 1.7047472475435066e-05}
{"epoch": 1, "step": 7250, "loss": 0.7294132709503174, "lr": 1.716585770095892e-05}
{"epoch": 1, "step": 7300, "loss": 0.8223291039466858, "lr": 1.7284242926482775e-05}
{"epoch": 1, "step": 7350, "loss": 0.6787837147712708, "lr": 1.740262815200663e-05}
{"epoch": 1, "step": 7400, "loss": 0.6282534599304199, "lr": 1.7521013377530485e-05}
{"epoch": 1, "step": 7450, "loss": 0.5501589179039001, "lr": 1.763939860305434e-05}
{"epoch": 1, "step": 7500, "loss": 0.6583532094955444, "lr": 1.7757783828578195e-05}
{"epoch": 1, "step": 7550, "loss": 0.7340583205223083, "lr": 1.787616905410205e-05}
{"epoch": 1, "step": 7600, "loss": 0.6247332692146301, "lr": 1.7994554279625904e-05}
{"epoch": 1, "step": 7650, "loss": 0.8012445569038391, "lr": 1.811293950514976e-05}
{"epoch": 1, "step": 7700, "loss": 0.6930944919586182, "lr": 1.8231324730673614e-05}
{"epoch": 1, "step": 7750, "loss": 0.5293370485305786, "lr": 1.834970995619747e-05}
{"epoch": 1, "step": 7800, "loss": 0.7618331909179688, "lr": 1.846809518172132e-05}
{"epoch": 1, "step": 7850, "loss": 0.6966627240180969, "lr": 1.858648040724518e-05}
{"epoch": 1, "step": 7900, "loss": 0.6017609238624573, "lr": 1.870486563276903e-05}
{"epoch": 1, "step": 7950, "loss": 0.6834821701049805, "lr": 1.8823250858292888e-05}
{"epoch": 1, "step": 8000, "loss": 0.6326267123222351, "lr": 1.8941636083816743e-05}
{"epoch": 1, "step": 8050, "loss": 0.6469933986663818, "lr": 1.9060021309340594e-05}
{"epoch": 1, "step": 8100, "loss": 0.5342752933502197, "lr": 1.9178406534864452e-05}
{"epoch": 1, "step": 8150, "loss": 0.6352987885475159, "lr": 1.9296791760388304e-05}
{"epoch": 1, "step": 8200, "loss": 0.6243679523468018, "lr": 1.9415176985912162e-05}
{"epoch": 1, "step": 8250, "loss": 0.5365365147590637, "lr": 1.9533562211436013e-05}
{"epoch": 1, "step": 8300, "loss": 0.7219014167785645, "lr": 1.9651947436959868e-05}
{"epoch": 1, "step": 8350, "loss": 0.8068667054176331, "lr": 1.9770332662483723e-05}
{"epoch": 1, "step": 8400, "loss": 0.7421219348907471, "lr": 1.9888717888007578e-05}
{"epoch": 1, "weighted_f1": 0.5450532408841543, "checkpoint": "/home/rishank/Projects/major project/Test/results/checkpoints/dnabert2_splitb_seed1/epoch_01.pt"}
{"epoch": 2, "step": 1, "loss": 0.6519821882247925, "lr": 1.999973692172106e-05}
{"epoch": 2, "step": 50, "loss": 0.8080825209617615, "lr": 1.9986846086052905e-05}
{"epoch": 2, "step": 100, "loss": 0.8292890191078186, "lr": 1.9973692172105812e-05}
{"epoch": 2, "step": 150, "loss": 0.6188357472419739, "lr": 1.9960538258158716e-05}
{"epoch": 2, "step": 200, "loss": 0.6699540019035339, "lr": 1.9947384344211622e-05}
{"epoch": 2, "step": 250, "loss": 0.6652998924255371, "lr": 1.9934230430264526e-05}
{"epoch": 2, "step": 300, "loss": 0.5902958512306213, "lr": 1.9921076516317433e-05}
{"epoch": 2, "step": 350, "loss": 0.5244557857513428, "lr": 1.9907922602370336e-05}
{"epoch": 2, "step": 400, "loss": 0.8047231435775757, "lr": 1.9894768688423243e-05}
{"epoch": 2, "step": 450, "loss": 0.6202802658081055, "lr": 1.9881614774476147e-05}
{"epoch": 2, "step": 500, "loss": 0.4532070755958557, "lr": 1.9868460860529054e-05}
{"epoch": 2, "step": 550, "loss": 0.6174975037574768, "lr": 1.9855306946581957e-05}
{"epoch": 2, "step": 600, "loss": 0.46488887071609497, "lr": 1.984215303263486e-05}
{"epoch": 2, "step": 650, "loss": 0.5572673678398132, "lr": 1.9828999118687768e-05}
{"epoch": 2, "step": 700, "loss": 0.653393566608429, "lr": 1.981584520474067e-05}
{"epoch": 2, "step": 750, "loss": 0.616787314414978, "lr": 1.9802691290793578e-05}
{"epoch": 2, "step": 800, "loss": 0.6344935894012451, "lr": 1.978953737684648e-05}
{"epoch": 2, "step": 850, "loss": 0.6510739326477051, "lr": 1.9776383462899385e-05}
{"epoch": 2, "step": 900, "loss": 0.523379921913147, "lr": 1.9763229548952292e-05}
{"epoch": 2, "step": 950, "loss": 0.6377164721488953, "lr": 1.9750075635005196e-05}
{"epoch": 2, "step": 1000, "loss": 0.550662636756897, "lr": 1.9736921721058102e-05}
{"epoch": 2, "step": 1050, "loss": 0.6163009405136108, "lr": 1.9723767807111006e-05}
{"epoch": 2, "step": 1100, "loss": 0.745029866695404, "lr": 1.9710613893163913e-05}
{"epoch": 2, "step": 1150, "loss": 0.5800046920776367, "lr": 1.9697459979216816e-05}
{"epoch": 2, "step": 1200, "loss": 0.7881485819816589, "lr": 1.9684306065269723e-05}
{"epoch": 2, "step": 1250, "loss": 0.5603021383285522, "lr": 1.9671152151322627e-05}
{"epoch": 2, "step": 1300, "loss": 0.5920141339302063, "lr": 1.9657998237375534e-05}
{"epoch": 2, "step": 1350, "loss": 0.745171308517456, "lr": 1.9644844323428437e-05}
{"epoch": 2, "step": 1400, "loss": 0.7690975069999695, "lr": 1.9631690409481344e-05}
{"epoch": 2, "step": 1450, "loss": 0.5658751726150513, "lr": 1.9618536495534248e-05}
{"epoch": 2, "step": 1500, "loss": 0.5832162499427795, "lr": 1.9605382581587155e-05}
{"epoch": 2, "step": 1550, "loss": 0.6531106233596802, "lr": 1.9592228667640058e-05}
{"epoch": 2, "step": 1600, "loss": 0.6228957772254944, "lr": 1.9579074753692965e-05}
{"epoch": 2, "step": 1650, "loss": 0.5534014105796814, "lr": 1.956592083974587e-05}
{"epoch": 2, "step": 1700, "loss": 0.669408917427063, "lr": 1.9552766925798775e-05}
{"epoch": 2, "step": 1750, "loss": 0.5582290887832642, "lr": 1.953961301185168e-05}
{"epoch": 2, "step": 1800, "loss": 0.7284925580024719, "lr": 1.9526459097904582e-05}
{"epoch": 2, "step": 1850, "loss": 0.7900441288948059, "lr": 1.9513305183957486e-05}
{"epoch": 2, "step": 1900, "loss": 0.645486056804657, "lr": 1.9500151270010393e-05}
{"epoch": 2, "step": 1950, "loss": 0.6286771893501282, "lr": 1.9486997356063296e-05}
{"epoch": 2, "step": 2000, "loss": 0.7011880278587341, "lr": 1.9473843442116203e-05}
{"epoch": 2, "step": 2050, "loss": 0.7567432522773743, "lr": 1.9460689528169107e-05}
{"epoch": 2, "step": 2100, "loss": 0.537311315536499, "lr": 1.9447535614222014e-05}
{"epoch": 2, "step": 2150, "loss": 0.5362166166305542, "lr": 1.9434381700274917e-05}
{"epoch": 2, "step": 2200, "loss": 0.6984096765518188, "lr": 1.9421227786327824e-05}
{"epoch": 2, "step": 2250, "loss": 0.6101656556129456, "lr": 1.9408073872380728e-05}
{"epoch": 2, "step": 2300, "loss": 0.7827442288398743, "lr": 1.9394919958433634e-05}
{"epoch": 2, "step": 2350, "loss": 0.5856794714927673, "lr": 1.9381766044486538e-05}
{"epoch": 2, "step": 2400, "loss": 0.5935938358306885, "lr": 1.9368612130539445e-05}
{"epoch": 2, "step": 2450, "loss": 0.5974621176719666, "lr": 1.935545821659235e-05}
{"epoch": 2, "step": 2500, "loss": 0.7026973962783813, "lr": 1.9342304302645255e-05}
{"epoch": 2, "step": 2550, "loss": 0.66848224401474, "lr": 1.932915038869816e-05}
{"epoch": 2, "step": 2600, "loss": 0.5803571343421936, "lr": 1.9315996474751066e-05}
{"epoch": 2, "step": 2650, "loss": 0.6851884722709656, "lr": 1.930284256080397e-05}
{"epoch": 2, "step": 2700, "loss": 0.5496290326118469, "lr": 1.9289688646856876e-05}
{"epoch": 2, "step": 2750, "loss": 0.5349298119544983, "lr": 1.927653473290978e-05}
{"epoch": 2, "step": 2800, "loss": 0.6538622975349426, "lr": 1.9263380818962683e-05}
{"epoch": 2, "step": 2850, "loss": 0.676520586013794, "lr": 1.925022690501559e-05}
{"epoch": 2, "step": 2900, "loss": 0.6606191992759705, "lr": 1.9237072991068494e-05}
{"epoch": 2, "step": 2950, "loss": 0.5527921319007874, "lr": 1.92239190771214e-05}
{"epoch": 2, "step": 3000, "loss": 0.5883961915969849, "lr": 1.9210765163174304e-05}
{"epoch": 2, "step": 3050, "loss": 0.5818191766738892, "lr": 1.9197611249227208e-05}
{"epoch": 2, "step": 3100, "loss": 0.7043658494949341, "lr": 1.9184457335280114e-05}
{"epoch": 2, "step": 3150, "loss": 0.6354369521141052, "lr": 1.9171303421333018e-05}
{"epoch": 2, "step": 3200, "loss": 0.5806201100349426, "lr": 1.9158149507385925e-05}
{"epoch": 2, "step": 3250, "loss": 0.4933914244174957, "lr": 1.914499559343883e-05}
{"epoch": 2, "step": 3300, "loss": 0.4358009099960327, "lr": 1.9131841679491735e-05}
{"epoch": 2, "step": 3350, "loss": 0.5702080130577087, "lr": 1.911868776554464e-05}
{"epoch": 2, "step": 3400, "loss": 0.6165374517440796, "lr": 1.9105533851597546e-05}
{"epoch": 2, "step": 3450, "loss": 0.4974077045917511, "lr": 1.909237993765045e-05}
{"epoch": 2, "step": 3500, "loss": 0.5085337162017822, "lr": 1.9079226023703353e-05}
{"epoch": 2, "step": 3550, "loss": 0.4235079884529114, "lr": 1.906607210975626e-05}
{"epoch": 2, "step": 3600, "loss": 0.6354253888130188, "lr": 1.9052918195809163e-05}
{"epoch": 2, "step": 3650, "loss": 0.5762571692466736, "lr": 1.903976428186207e-05}
{"epoch": 2, "step": 3700, "loss": 0.7469127178192139, "lr": 1.9026610367914974e-05}
{"epoch": 2, "step": 3750, "loss": 0.6522199511528015, "lr": 1.901345645396788e-05}
{"epoch": 2, "step": 3800, "loss": 0.48469278216362, "lr": 1.9000302540020784e-05}
{"epoch": 2, "step": 3850, "loss": 0.6196358799934387, "lr": 1.898714862607369e-05}
{"epoch": 2, "step": 3900, "loss": 0.5633670687675476, "lr": 1.8973994712126594e-05}
{"epoch": 2, "step": 3950, "loss": 0.5465997457504272, "lr": 1.89608407981795e-05}
{"epoch": 2, "step": 4000, "loss": 0.5128217935562134, "lr": 1.8947686884232405e-05}
{"epoch": 2, "step": 4050, "loss": 0.650539219379425, "lr": 1.8934532970285312e-05}
{"epoch": 2, "step": 4100, "loss": 0.6126582622528076, "lr": 1.8921379056338215e-05}
{"epoch": 2, "step": 4150, "loss": 0.7853881120681763, "lr": 1.890822514239112e-05}
{"epoch": 2, "step": 4200, "loss": 0.626111626625061, "lr": 1.8895071228444026e-05}
{"epoch": 2, "step": 4250, "loss": 0.7056997418403625, "lr": 1.888191731449693e-05}
{"epoch": 2, "step": 4300, "loss": 0.3931710422039032, "lr": 1.8868763400549833e-05}
{"epoch": 2, "step": 4350, "loss": 0.5804882645606995, "lr": 1.885560948660274e-05}
{"epoch": 2, "step": 4400, "loss": 0.5290483236312866, "lr": 1.8842455572655643e-05}
{"epoch": 2, "step": 4450, "loss": 0.731829047203064, "lr": 1.882930165870855e-05}
{"epoch": 2, "step": 4500, "loss": 0.6105167269706726, "lr": 1.8816147744761454e-05}
{"epoch": 2, "step": 4550, "loss": 0.6271805167198181, "lr": 1.880299383081436e-05}
{"epoch": 2, "step": 4600, "loss": 0.5543732643127441, "lr": 1.8789839916867264e-05}
{"epoch": 2, "step": 4650, "loss": 0.6612215638160706, "lr": 1.877668600292017e-05}
{"epoch": 2, "step": 4700, "loss": 0.5988450050354004, "lr": 1.8763532088973074e-05}
{"epoch": 2, "step": 4750, "loss": 0.6811783909797668, "lr": 1.875037817502598e-05}
{"epoch": 2, "step": 4800, "loss": 0.6626648902893066, "lr": 1.8737224261078885e-05}
{"epoch": 2, "step": 4850, "loss": 0.756325364112854, "lr": 1.872407034713179e-05}
{"epoch": 2, "step": 4900, "loss": 0.5961236953735352, "lr": 1.8710916433184695e-05}
{"epoch": 2, "step": 4950, "loss": 0.45569726824760437, "lr": 1.8697762519237602e-05}
{"epoch": 2, "step": 5000, "loss": 0.6427460312843323, "lr": 1.8684608605290506e-05}
{"epoch": 2, "step": 5050, "loss": 0.6174795627593994, "lr": 1.8671454691343413e-05}
{"epoch": 2, "step": 5100, "loss": 0.6097063422203064, "lr": 1.8658300777396316e-05}
{"epoch": 2, "step": 5150, "loss": 0.5736318826675415, "lr": 1.8645146863449223e-05}
{"epoch": 2, "step": 5200, "loss": 0.6213615536689758, "lr": 1.8631992949502126e-05}
{"epoch": 2, "step": 5250, "loss": 0.6715353727340698, "lr": 1.8618839035555033e-05}
{"epoch": 2, "step": 5300, "loss": 0.6781326532363892, "lr": 1.8605685121607937e-05}
{"epoch": 2, "step": 5350, "loss": 0.761965274810791, "lr": 1.859253120766084e-05}
{"epoch": 2, "step": 5400, "loss": 0.6117536425590515, "lr": 1.8579377293713744e-05}
{"epoch": 2, "step": 5450, "loss": 0.6213904023170471, "lr": 1.856622337976665e-05}
{"epoch": 2, "step": 5500, "loss": 0.5946353077888489, "lr": 1.8553069465819554e-05}
{"epoch": 2, "step": 5550, "loss": 0.7180923223495483, "lr": 1.853991555187246e-05}
{"epoch": 2, "step": 5600, "loss": 0.5435723662376404, "lr": 1.8526761637925365e-05}
{"epoch": 2, "step": 5650, "loss": 0.4203260540962219, "lr": 1.851360772397827e-05}
{"epoch": 2, "step": 5700, "loss": 0.637363612651825, "lr": 1.8500453810031175e-05}
{"epoch": 2, "step": 5750, "loss": 0.7362038493156433, "lr": 1.8487299896084082e-05}
{"epoch": 2, "step": 5800, "loss": 0.6251595616340637, "lr": 1.8474145982136986e-05}
{"epoch": 2, "step": 5850, "loss": 0.5610974431037903, "lr": 1.8460992068189892e-05}
{"epoch": 2, "step": 5900, "loss": 0.7485747337341309, "lr": 1.8447838154242796e-05}
{"epoch": 2, "step": 5950, "loss": 0.6399453282356262, "lr": 1.8434684240295703e-05}
{"epoch": 2, "step": 6000, "loss": 0.5342262983322144, "lr": 1.8421530326348606e-05}
{"epoch": 2, "step": 6050, "loss": 0.4999271035194397, "lr": 1.8408376412401513e-05}
{"epoch": 2, "step": 6100, "loss": 0.6174360513687134, "lr": 1.8395222498454417e-05}
{"epoch": 2, "step": 6150, "loss": 0.42929399013519287, "lr": 1.8382068584507324e-05}
{"epoch": 2, "step": 6200, "loss": 0.5245020985603333, "lr": 1.8368914670560227e-05}
{"epoch": 2, "step": 6250, "loss": 0.6461560726165771, "lr": 1.835576075661313e-05}
{"epoch": 2, "step": 6300, "loss": 0.7254485487937927, "lr": 1.8342606842666038e-05}
{"epoch": 2, "step": 6350, "loss": 0.7008405327796936, "lr": 1.832945292871894e-05}
{"epoch": 2, "step": 6400, "loss": 0.47538629174232483, "lr": 1.8316299014771848e-05}
{"epoch": 2, "step": 6450, "loss": 0.5803263783454895, "lr": 1.830314510082475e-05}
{"epoch": 2, "step": 6500, "loss": 0.4766848683357239, "lr": 1.8289991186877655e-05}
{"epoch": 2, "step": 6550, "loss": 0.5685701370239258, "lr": 1.8276837272930562e-05}
{"epoch": 2, "step": 6600, "loss": 0.5014604926109314, "lr": 1.8263683358983466e-05}
{"epoch": 2, "step": 6650, "loss": 0.6147071123123169, "lr": 1.8250529445036372e-05}
{"epoch": 2, "step": 6700, "loss": 0.6108253598213196, "lr": 1.8237375531089276e-05}
{"epoch": 2, "step": 6750, "loss": 0.4268915057182312, "lr": 1.8224221617142183e-05}
{"epoch": 2, "step": 6800, "loss": 0.5448777079582214, "lr": 1.8211067703195086e-05}
{"epoch": 2, "step": 6850, "loss": 0.6999274492263794, "lr": 1.8197913789247993e-05}
{"epoch": 2, "step": 6900, "loss": 0.6902552247047424, "lr": 1.8184759875300897e-05}
{"epoch": 2, "step": 6950, "loss": 0.39601603150367737, "lr": 1.8171605961353804e-05}
{"epoch": 2, "step": 7000, "loss": 0.6703805327415466, "lr": 1.8158452047406707e-05}
{"epoch": 2, "step": 7050, "loss": 0.7291289567947388, "lr": 1.814529813345961e-05}
{"epoch": 2, "step": 7100, "loss": 0.6510977745056152, "lr": 1.8132144219512518e-05}
{"epoch": 2, "step": 7150, "loss": 0.6447430849075317, "lr": 1.811899030556542e-05}
{"epoch": 2, "step": 7200, "loss": 0.5330599546432495, "lr": 1.8105836391618328e-05}
{"epoch": 2, "step": 7250, "loss": 0.5022768974304199, "lr": 1.809268247767123e-05}
{"epoch": 2, "step": 7300, "loss": 0.6275953054428101, "lr": 1.807952856372414e-05}
{"epoch": 2, "step": 7350, "loss": 0.8661478161811829, "lr": 1.8066374649777042e-05}
{"epoch": 2, "step": 7400, "loss": 0.6042121052742004, "lr": 1.805322073582995e-05}
{"epoch": 2, "step": 7450, "loss": 0.484114408493042, "lr": 1.8040066821882852e-05}
{"epoch": 2, "step": 7500, "loss": 0.7080795168876648, "lr": 1.802691290793576e-05}
{"epoch": 2, "step": 7550, "loss": 0.718086838722229, "lr": 1.8013758993988663e-05}
{"epoch": 2, "step": 7600, "loss": 0.6293121576309204, "lr": 1.800060508004157e-05}
{"epoch": 2, "step": 7650, "loss": 0.8116841316223145, "lr": 1.7987451166094473e-05}
{"epoch": 2, "step": 7700, "loss": 0.6387141346931458, "lr": 1.7974297252147377e-05}
{"epoch": 2, "step": 7750, "loss": 0.52935791015625, "lr": 1.7961143338200284e-05}
{"epoch": 2, "step": 7800, "loss": 0.5757170915603638, "lr": 1.7947989424253187e-05}
{"epoch": 2, "step": 7850, "loss": 0.4862387776374817, "lr": 1.793483551030609e-05}
{"epoch": 2, "step": 7900, "loss": 0.8667347431182861, "lr": 1.7921681596358998e-05}
{"epoch": 2, "step": 7950, "loss": 0.6860299110412598, "lr": 1.79085276824119e-05}
{"epoch": 2, "step": 8000, "loss": 0.3780720829963684, "lr": 1.7895373768464808e-05}
{"epoch": 2, "step": 8050, "loss": 0.5037937760353088, "lr": 1.788221985451771e-05}
{"epoch": 2, "step": 8100, "loss": 0.42376360297203064, "lr": 1.786906594057062e-05}
{"epoch": 2, "step": 8150, "loss": 0.44970646500587463, "lr": 1.7855912026623522e-05}
{"epoch": 2, "step": 8200, "loss": 0.5479563474655151, "lr": 1.784275811267643e-05}
{"epoch": 2, "step": 8250, "loss": 0.8600197434425354, "lr": 1.7829604198729332e-05}
{"epoch": 2, "step": 8300, "loss": 0.4719710648059845, "lr": 1.781645028478224e-05}
{"epoch": 2, "step": 8350, "loss": 0.4829626977443695, "lr": 1.7803296370835143e-05}
{"epoch": 2, "step": 8400, "loss": 0.5654056668281555, "lr": 1.779014245688805e-05}
{"epoch": 2, "weighted_f1": 0.6261902340958962, "checkpoint": "/home/rishank/Projects/major project/Test/results/checkpoints/dnabert2_splitb_seed1/epoch_02.pt"}
{"epoch": 3, "step": 1, "loss": 0.5566480159759521, "lr": 1.7777514699498838e-05}
{"epoch": 3, "step": 50, "loss": 0.3739839792251587, "lr": 1.7764623863830684e-05}
{"epoch": 3, "step": 100, "loss": 0.5714637041091919, "lr": 1.7751469949883587e-05}
{"epoch": 3, "step": 150, "loss": 0.6090181469917297, "lr": 1.7738316035936494e-05}
{"epoch": 3, "step": 200, "loss": 0.4274461567401886, "lr": 1.7725162121989397e-05}
{"epoch": 3, "step": 250, "loss": 0.42367956042289734, "lr": 1.7712008208042304e-05}
{"epoch": 3, "step": 300, "loss": 0.8180561065673828, "lr": 1.7698854294095208e-05}
{"epoch": 3, "step": 350, "loss": 0.4309168756008148, "lr": 1.7685700380148115e-05}
{"epoch": 3, "step": 400, "loss": 0.462103933095932, "lr": 1.7672546466201018e-05}
{"epoch": 3, "step": 450, "loss": 0.41015559434890747, "lr": 1.7659392552253925e-05}
{"epoch": 3, "step": 500, "loss": 0.7829245328903198, "lr": 1.764623863830683e-05}
{"epoch": 3, "step": 550, "loss": 0.6275550723075867, "lr": 1.7633084724359736e-05}
{"epoch": 3, "step": 600, "loss": 0.6358779072761536, "lr": 1.761993081041264e-05}
{"epoch": 3, "step": 650, "loss": 0.2986123859882355, "lr": 1.7606776896465546e-05}
{"epoch": 3, "step": 700, "loss": 0.5574814677238464, "lr": 1.759362298251845e-05}
{"epoch": 3, "step": 750, "loss": 0.4291459023952484, "lr": 1.7580469068571356e-05}
{"epoch": 3, "step": 800, "loss": 0.5026335716247559, "lr": 1.756731515462426e-05}
{"epoch": 3, "step": 850, "loss": 0.578383207321167, "lr": 1.7554161240677167e-05}
{"epoch": 3, "step": 900, "loss": 0.41462188959121704, "lr": 1.754100732673007e-05}
{"epoch": 3, "step": 950, "loss": 0.7165094017982483, "lr": 1.7527853412782977e-05}
{"epoch": 3, "step": 1000, "loss": 0.3204828202724457, "lr": 1.751469949883588e-05}
{"epoch": 3, "step": 1050, "loss": 0.5624375343322754, "lr": 1.7501545584888788e-05}
{"epoch": 3, "step": 1100, "loss": 0.602186918258667, "lr": 1.748839167094169e-05}
{"epoch": 3, "step": 1150, "loss": 0.6201099157333374, "lr": 1.7475237756994595e-05}
{"epoch": 3, "step": 1200, "loss": 0.6130548715591431, "lr": 1.7462083843047498e-05}
{"epoch": 3, "step": 1250, "loss": 0.4065208435058594, "lr": 1.7448929929100405e-05}
{"epoch": 3, "step": 1300, "loss": 0.5575018525123596, "lr": 1.743577601515331e-05}
{"epoch": 3, "step": 1350, "loss": 0.387690007686615, "lr": 1.7422622101206216e-05}
{"epoch": 3, "step": 1400, "loss": 0.660399854183197, "lr": 1.740946818725912e-05}
{"epoch": 3, "step": 1450, "loss": 0.7816994786262512, "lr": 1.7396314273312026e-05}
{"epoch": 3, "step": 1500, "loss": 0.5847885608673096, "lr": 1.738316035936493e-05}
{"epoch": 3, "step": 1550, "loss": 0.5740384459495544, "lr": 1.7370006445417836e-05}
{"epoch": 3, "step": 1600, "loss": 0.49539920687675476, "lr": 1.735685253147074e-05}
{"epoch": 3, "step": 1650, "loss": 0.5266723036766052, "lr": 1.7343698617523647e-05}
{"epoch": 3, "step": 1700, "loss": 0.6348862051963806, "lr": 1.733054470357655e-05}
{"epoch": 3, "step": 1750, "loss": 0.5325164794921875, "lr": 1.7317390789629457e-05}
{"epoch": 3, "step": 1800, "loss": 0.5271679162979126, "lr": 1.730423687568236e-05}
{"epoch": 3, "step": 1850, "loss": 0.6660022735595703, "lr": 1.7291082961735268e-05}
{"epoch": 3, "step": 1900, "loss": 0.4141673743724823, "lr": 1.727792904778817e-05}
{"epoch": 3, "step": 1950, "loss": 0.4228190779685974, "lr": 1.7264775133841075e-05}
{"epoch": 3, "step": 2000, "loss": 0.5548107624053955, "lr": 1.725162121989398e-05}
{"epoch": 3, "step": 2050, "loss": 0.40681979060173035, "lr": 1.7238467305946885e-05}
{"epoch": 3, "step": 2100, "loss": 0.6063367128372192, "lr": 1.7225313391999792e-05}
{"epoch": 3, "step": 2150, "loss": 0.5189725756645203, "lr": 1.7212159478052696e-05}
{"epoch": 3, "step": 2200, "loss": 0.3174525797367096, "lr": 1.7199005564105602e-05}
{"epoch": 3, "step": 2250, "loss": 0.49665048718452454, "lr": 1.7185851650158506e-05}
{"epoch": 3, "step": 2300, "loss": 0.612531304359436, "lr": 1.717269773621141e-05}
{"epoch": 3, "step": 2350, "loss": 0.37600359320640564, "lr": 1.7159543822264316e-05}
{"epoch": 3, "step": 2400, "loss": 0.549383819103241, "lr": 1.714638990831722e-05}
{"epoch": 3, "step": 2450, "loss": 0.7272492051124573, "lr": 1.7133235994370127e-05}
{"epoch": 3, "step": 2500, "loss": 0.6915004849433899, "lr": 1.712008208042303e-05}
{"epoch": 3, "step": 2550, "loss": 0.5689497590065002, "lr": 1.7106928166475937e-05}
{"epoch": 3, "step": 2600, "loss": 0.38092148303985596, "lr": 1.709377425252884e-05}
{"epoch": 3, "step": 2650, "loss": 0.6087575554847717, "lr": 1.7080620338581748e-05}
{"epoch": 3, "step": 2700, "loss": 0.5067709684371948, "lr": 1.706746642463465e-05}
{"epoch": 3, "step": 2750, "loss": 0.5323108434677124, "lr": 1.7054312510687555e-05}
{"epoch": 3, "step": 2800, "loss": 0.697138786315918, "lr": 1.704115859674046e-05}
{"epoch": 3, "step": 2850, "loss": 0.6603832244873047, "lr": 1.7028004682793365e-05}
{"epoch": 3, "step": 2900, "loss": 0.6176478862762451, "lr": 1.7014850768846272e-05}
{"epoch": 3, "step": 2950, "loss": 0.5299736857414246, "lr": 1.7001696854899175e-05}
{"epoch": 3, "step": 3000, "loss": 0.5351095795631409, "lr": 1.6988542940952082e-05}
{"epoch": 3, "step": 3050, "loss": 0.4486705958843231, "lr": 1.6975389027004986e-05}
{"epoch": 3, "step": 3100, "loss": 0.6136993169784546, "lr": 1.6962235113057893e-05}
{"epoch": 3, "step": 3150, "loss": 0.43306753039360046, "lr": 1.6949081199110796e-05}
{"epoch": 3, "step": 3200, "loss": 0.40886494517326355, "lr": 1.6935927285163703e-05}
{"epoch": 3, "step": 3250, "loss": 0.5633492469787598, "lr": 1.6922773371216607e-05}
{"epoch": 3, "step": 3300, "loss": 0.5329075455665588, "lr": 1.6909619457269514e-05}
{"epoch": 3, "step": 3350, "loss": 0.6900766491889954, "lr": 1.6896465543322417e-05}
{"epoch": 3, "step": 3400, "loss": 0.5373608469963074, "lr": 1.6883311629375324e-05}
{"epoch": 3, "step": 3450, "loss": 0.5472765564918518, "lr": 1.6870157715428228e-05}
{"epoch": 3, "step": 3500, "loss": 0.6454130411148071, "lr": 1.685700380148113e-05}
{"epoch": 3, "step": 3550, "loss": 0.6984081864356995, "lr": 1.6843849887534035e-05}
{"epoch": 3, "step": 3600, "loss": 0.8616213798522949, "lr": 1.683069597358694e-05}
{"epoch": 3, "step": 3650, "loss": 0.6384749412536621, "lr": 1.6817542059639845e-05}
{"epoch": 3, "step": 3700, "loss": 0.4112013578414917, "lr": 1.6804388145692752e-05}
{"epoch": 3, "step": 3750, "loss": 0.4733740985393524, "lr": 1.6791234231745655e-05}
{"epoch": 3, "step": 3800, "loss": 0.6323854327201843, "lr": 1.6778080317798562e-05}
{"epoch": 3, "step": 3850, "loss": 0.49781960248947144, "lr": 1.6764926403851466e-05}
{"epoch": 3, "step": 3900, "loss": 0.34191855788230896, "lr": 1.6751772489904373e-05}
{"epoch": 3, "step": 3950, "loss": 0.49447351694107056, "lr": 1.6738618575957276e-05}
{"epoch": 3, "step": 4000, "loss": 0.5661901831626892, "lr": 1.6725464662010183e-05}
{"epoch": 3, "step": 4050, "loss": 0.6019391417503357, "lr": 1.6712310748063087e-05}
{"epoch": 3, "step": 4100, "loss": 0.5553650259971619, "lr": 1.6699156834115994e-05}
{"epoch": 3, "step": 4150, "loss": 0.6154429912567139, "lr": 1.6686002920168897e-05}
{"epoch": 3, "step": 4200, "loss": 0.5139439105987549, "lr": 1.6672849006221804e-05}
{"epoch": 3, "step": 4250, "loss": 0.6458721160888672, "lr": 1.6659695092274708e-05}
{"epoch": 3, "step": 4300, "loss": 0.5582404732704163, "lr": 1.6646541178327614e-05}
{"epoch": 3, "step": 4350, "loss": 0.38195547461509705, "lr": 1.6633387264380518e-05}
{"epoch": 3, "step": 4400, "loss": 0.7193813323974609, "lr": 1.6620233350433425e-05}
{"epoch": 3, "step": 4450, "loss": 0.36678776144981384, "lr": 1.660707943648633e-05}
{"epoch": 3, "step": 4500, "loss": 0.467385470867157, "lr": 1.6593925522539235e-05}
{"epoch": 3, "step": 4550, "loss": 0.5109342336654663, "lr": 1.658077160859214e-05}
{"epoch": 3, "step": 4600, "loss": 0.4695834219455719, "lr": 1.6567617694645046e-05}
{"epoch": 3, "step": 4650, "loss": 0.6389912962913513, "lr": 1.655446378069795e-05}
{"epoch": 3, "step": 4700, "loss": 0.5217208862304688, "lr": 1.6541309866750853e-05}
{"epoch": 3, "step": 4750, "loss": 0.5186172127723694, "lr": 1.6528155952803756e-05}
{"epoch": 3, "step": 4800, "loss": 0.46627944707870483, "lr": 1.6515002038856663e-05}
{"epoch": 3, "step": 4850, "loss": 0.428352415561676, "lr": 1.6501848124909567e-05}
{"epoch": 3, "step": 4900, "loss": 0.683322548866272, "lr": 1.6488694210962474e-05}
{"epoch": 3, "step": 4950, "loss": 0.6828137636184692, "lr": 1.6475540297015377e-05}
{"epoch": 3, "step": 5000, "loss": 0.6293335556983948, "lr": 1.6462386383068284e-05}
{"epoch": 3, "step": 5050, "loss": 0.6427810788154602, "lr": 1.6449232469121187e-05}
{"epoch": 3, "step": 5100, "loss": 0.4240037798881531, "lr": 1.6436078555174094e-05}
{"epoch": 3, "step": 5150, "loss": 0.5644165277481079, "lr": 1.6422924641226998e-05}
{"epoch": 3, "step": 5200, "loss": 0.4539770781993866, "lr": 1.6409770727279905e-05}
{"epoch": 3, "step": 5250, "loss": 0.522193431854248, "lr": 1.639661681333281e-05}
{"epoch": 3, "step": 5300, "loss": 0.4088120460510254, "lr": 1.6383462899385715e-05}
{"epoch": 3, "step": 5350, "loss": 0.8768655061721802, "lr": 1.637030898543862e-05}
{"epoch": 3, "step": 5400, "loss": 0.5491626262664795, "lr": 1.6357155071491522e-05}
{"epoch": 3, "step": 5450, "loss": 0.3966580033302307, "lr": 1.634400115754443e-05}
{"epoch": 3, "step": 5500, "loss": 0.5832726955413818, "lr": 1.6330847243597333e-05}
{"epoch": 3, "step": 5550, "loss": 0.4272516369819641, "lr": 1.631769332965024e-05}
{"epoch": 3, "step": 5600, "loss": 0.5729361176490784, "lr": 1.6304539415703143e-05}
{"epoch": 3, "step": 5650, "loss": 0.8097755312919617, "lr": 1.629138550175605e-05}
{"epoch": 3, "step": 5700, "loss": 0.3515145480632782, "lr": 1.6278231587808953e-05}
{"epoch": 3, "step": 5750, "loss": 0.5641943216323853, "lr": 1.626507767386186e-05}
{"epoch": 3, "step": 5800, "loss": 0.6252459287643433, "lr": 1.6251923759914764e-05}
{"epoch": 3, "step": 5850, "loss": 0.39209941029548645, "lr": 1.6238769845967667e-05}
{"epoch": 3, "step": 5900, "loss": 0.4068751633167267, "lr": 1.6225615932020574e-05}
{"epoch": 3, "step": 5950, "loss": 0.5977664589881897, "lr": 1.6212462018073478e-05}
{"epoch": 3, "step": 6000, "loss": 0.5914942026138306, "lr": 1.6199308104126385e-05}
{"epoch": 3, "step": 6050, "loss": 0.8009483814239502, "lr": 1.6186154190179288e-05}
{"epoch": 3, "step": 6100, "loss": 0.6573237776756287, "lr": 1.6173000276232195e-05}
{"epoch": 3, "step": 6150, "loss": 0.61420077085495, "lr": 1.61598463622851e-05}
{"epoch": 3, "step": 6200, "loss": 0.4048404097557068, "lr": 1.6146692448338002e-05}
{"epoch": 3, "step": 6250, "loss": 0.6125452518463135, "lr": 1.613353853439091e-05}
{"epoch": 3, "step": 6300, "loss": 0.6214078068733215, "lr": 1.6120384620443813e-05}
{"epoch": 3, "step": 6350, "loss": 0.5313023328781128, "lr": 1.610723070649672e-05}
{"epoch": 3, "step": 6400, "loss": 0.5671587586402893, "lr": 1.6094076792549623e-05}
{"epoch": 3, "step": 6450, "loss": 0.4722261428833008, "lr": 1.608092287860253e-05}
{"epoch": 3, "step": 6500, "loss": 0.8737378120422363, "lr": 1.6067768964655433e-05}
{"epoch": 3, "step": 6550, "loss": 0.6029679775238037, "lr": 1.605461505070834e-05}
{"epoch": 3, "step": 6600, "loss": 0.4890234172344208, "lr": 1.6041461136761244e-05}
{"epoch": 3, "step": 6650, "loss": 0.49306991696357727, "lr": 1.602830722281415e-05}
{"epoch": 3, "step": 6700, "loss": 0.5835183262825012, "lr": 1.6015153308867054e-05}
{"epoch": 3, "step": 6750, "loss": 0.6526140570640564, "lr": 1.600199939491996e-05}
{"epoch": 3, "step": 6800, "loss": 0.49035465717315674, "lr": 1.5988845480972865e-05}
{"epoch": 3, "step": 6850, "loss": 0.571276068687439, "lr": 1.597569156702577e-05}
{"epoch": 3, "step": 6900, "loss": 0.5504998564720154, "lr": 1.5962537653078675e-05}
{"epoch": 3, "step": 6950, "loss": 0.4678264260292053, "lr": 1.5949383739131582e-05}
{"epoch": 3, "step": 7000, "loss": 0.33946117758750916, "lr": 1.5936229825184486e-05}
{"epoch": 3, "step": 7050, "loss": 0.6029549837112427, "lr": 1.592307591123739e-05}
{"epoch": 3, "step": 7100, "loss": 0.4466758668422699, "lr": 1.5909921997290293e-05}
{"epoch": 3, "step": 7150, "loss": 0.47501713037490845, "lr": 1.58967680833432e-05}
{"epoch": 3, "step": 7200, "loss": 0.39093899726867676, "lr": 1.5883614169396103e-05}
{"epoch": 3, "step": 7250, "loss": 0.7957251667976379, "lr": 1.587046025544901e-05}
{"epoch": 3, "step": 7300, "loss": 0.33120980858802795, "lr": 1.5857306341501913e-05}
{"epoch": 3, "step": 7350, "loss": 0.5006277561187744, "lr": 1.584415242755482e-05}
{"epoch": 3, "step": 7400, "loss": 0.5599740743637085, "lr": 1.5830998513607724e-05}
{"epoch": 3, "step": 7450, "loss": 0.3760097324848175, "lr": 1.581784459966063e-05}
{"epoch": 3, "step": 7500, "loss": 0.5008224844932556, "lr": 1.5804690685713534e-05}
{"epoch": 3, "step": 7550, "loss": 0.5765039920806885, "lr": 1.579153677176644e-05}
{"epoch": 3, "step": 7600, "loss": 0.49158230423927307, "lr": 1.5778382857819345e-05}
{"epoch": 3, "step": 7650, "loss": 0.5628711581230164, "lr": 1.576522894387225e-05}
{"epoch": 3, "step": 7700, "loss": 0.41761505603790283, "lr": 1.5752075029925155e-05}
{"epoch": 3, "step": 7750, "loss": 0.5215908288955688, "lr": 1.5738921115978062e-05}
{"epoch": 3, "step": 7800, "loss": 0.5687161087989807, "lr": 1.5725767202030966e-05}
{"epoch": 3, "step": 7850, "loss": 0.48197582364082336, "lr": 1.5712613288083872e-05}
{"epoch": 3, "step": 7900, "loss": 0.5767768025398254, "lr": 1.5699459374136776e-05}
{"epoch": 3, "step": 7950, "loss": 0.4510694444179535, "lr": 1.5686305460189683e-05}
{"epoch": 3, "step": 8000, "loss": 0.7313422560691833, "lr": 1.5673151546242586e-05}
{"epoch": 3, "step": 8050, "loss": 0.6278446912765503, "lr": 1.5659997632295493e-05}
{"epoch": 3, "step": 8100, "loss": 0.5561380386352539, "lr": 1.5646843718348397e-05}
{"epoch": 3, "step": 8150, "loss": 0.45185014605522156, "lr": 1.56336898044013e-05}
{"epoch": 3, "step": 8200, "loss": 0.5616347789764404, "lr": 1.5620535890454204e-05}
{"epoch": 3, "step": 8250, "loss": 0.5737775564193726, "lr": 1.560738197650711e-05}
{"epoch": 3, "step": 8300, "loss": 0.7492455840110779, "lr": 1.5594228062560014e-05}
{"epoch": 3, "step": 8350, "loss": 0.6115844249725342, "lr": 1.558107414861292e-05}
{"epoch": 3, "step": 8400, "loss": 0.5867424011230469, "lr": 1.5567920234665825e-05}
{"epoch": 3, "weighted_f1": 0.5998602956494765, "checkpoint": "/home/rishank/Projects/major project/Test/results/checkpoints/dnabert2_splitb_seed1/epoch_03.pt"}
{"epoch": 4, "step": 1, "loss": 0.34832704067230225, "lr": 1.5555292477276616e-05}
{"epoch": 4, "step": 50, "loss": 0.4417303800582886, "lr": 1.5542401641608462e-05}
{"epoch": 4, "step": 100, "loss": 0.4679831564426422, "lr": 1.552924772766137e-05}
{"epoch": 4, "step": 150, "loss": 0.4079452157020569, "lr": 1.5516093813714272e-05}
{"epoch": 4, "step": 200, "loss": 0.41663968563079834, "lr": 1.550293989976718e-05}
{"epoch": 4, "step": 250, "loss": 0.4819062650203705, "lr": 1.5489785985820083e-05}
{"epoch": 4, "step": 300, "loss": 0.6498395204544067, "lr": 1.5476632071872986e-05}
{"epoch": 4, "step": 350, "loss": 0.578962504863739, "lr": 1.5463478157925893e-05}
{"epoch": 4, "step": 400, "loss": 0.2989944815635681, "lr": 1.5450324243978797e-05}
{"epoch": 4, "step": 450, "loss": 0.4763541519641876, "lr": 1.5437170330031704e-05}
{"epoch": 4, "step": 500, "loss": 0.5198887586593628, "lr": 1.5424016416084607e-05}
{"epoch": 4, "step": 550, "loss": 0.4799710512161255, "lr": 1.541086250213751e-05}
{"epoch": 4, "step": 600, "loss": 0.4922792911529541, "lr": 1.5397708588190417e-05}
{"epoch": 4, "step": 650, "loss": 0.27392256259918213, "lr": 1.538455467424332e-05}
{"epoch": 4, "step": 700, "loss": 0.406265527009964, "lr": 1.5371400760296228e-05}
{"epoch": 4, "step": 750, "loss": 0.7114617824554443, "lr": 1.535824684634913e-05}
{"epoch": 4, "step": 800, "loss": 0.4983483552932739, "lr": 1.5345092932402038e-05}
{"epoch": 4, "step": 850, "loss": 0.5623546242713928, "lr": 1.5331939018454942e-05}
{"epoch": 4, "step": 900, "loss": 0.5839001536369324, "lr": 1.531878510450785e-05}
{"epoch": 4, "step": 950, "loss": 0.4226607382297516, "lr": 1.5305631190560752e-05}
{"epoch": 4, "step": 1000, "loss": 0.44359928369522095, "lr": 1.529247727661366e-05}
{"epoch": 4, "step": 1050, "loss": 0.43462899327278137, "lr": 1.5279323362666563e-05}
{"epoch": 4, "step": 1100, "loss": 0.8732379078865051, "lr": 1.5266169448719466e-05}
{"epoch": 4, "step": 1150, "loss": 0.4316580891609192, "lr": 1.5253015534772373e-05}
{"epoch": 4, "step": 1200, "loss": 0.7040550708770752, "lr": 1.5239861620825278e-05}
{"epoch": 4, "step": 1250, "loss": 0.4561919569969177, "lr": 1.5226707706878183e-05}
{"epoch": 4, "step": 1300, "loss": 0.457074910402298, "lr": 1.5213553792931089e-05}
{"epoch": 4, "step": 1350, "loss": 0.705358624458313, "lr": 1.5200399878983994e-05}
{"epoch": 4, "step": 1400, "loss": 0.5170614123344421, "lr": 1.5187245965036899e-05}
{"epoch": 4, "step": 1450, "loss": 0.45101189613342285, "lr": 1.5174092051089804e-05}
{"epoch": 4, "step": 1500, "loss": 0.5259643793106079, "lr": 1.516093813714271e-05}
{"epoch": 4, "step": 1550, "loss": 0.39890044927597046, "lr": 1.5147784223195615e-05}
{"epoch": 4, "step": 1600, "loss": 0.3880690634250641, "lr": 1.513463030924852e-05}
{"epoch": 4, "step": 1650, "loss": 0.34506070613861084, "lr": 1.5121476395301422e-05}
{"epoch": 4, "step": 1700, "loss": 0.5549431443214417, "lr": 1.5108322481354327e-05}
{"epoch": 4, "step": 1750, "loss": 0.4557356834411621, "lr": 1.5095168567407232e-05}
{"epoch": 4, "step": 1800, "loss": 0.5573121905326843, "lr": 1.5082014653460137e-05}
{"epoch": 4, "step": 1850, "loss": 0.5820095539093018, "lr": 1.5068860739513043e-05}
{"epoch": 4, "step": 1900, "loss": 0.4226711392402649, "lr": 1.5055706825565948e-05}
{"epoch": 4, "step": 1950, "loss": 0.4409620761871338, "lr": 1.5042552911618853e-05}
{"epoch": 4, "step": 2000, "loss": 0.5754395723342896, "lr": 1.5029398997671758e-05}
{"epoch": 4, "step": 2050, "loss": 0.46497657895088196, "lr": 1.5016245083724663e-05}
{"epoch": 4, "step": 2100, "loss": 0.4272160232067108, "lr": 1.5003091169777569e-05}
{"epoch": 4, "step": 2150, "loss": 0.3693122863769531, "lr": 1.4989937255830474e-05}
{"epoch": 4, "step": 2200, "loss": 0.4302893280982971, "lr": 1.4976783341883379e-05}
{"epoch": 4, "step": 2250, "loss": 0.5308452248573303, "lr": 1.4963629427936284e-05}
{"epoch": 4, "step": 2300, "loss": 0.7719037532806396, "lr": 1.495047551398919e-05}
{"epoch": 4, "step": 2350, "loss": 0.61458820104599, "lr": 1.4937321600042095e-05}
{"epoch": 4, "step": 2400, "loss": 0.6577340364456177, "lr": 1.4924167686095e-05}
{"epoch": 4, "step": 2450, "loss": 0.3118314743041992, "lr": 1.4911013772147903e-05}
{"epoch": 4, "step": 2500, "loss": 0.8214870095252991, "lr": 1.4897859858200809e-05}
{"epoch": 4, "step": 2550, "loss": 0.35498976707458496, "lr": 1.4884705944253714e-05}
{"epoch": 4, "step": 2600, "loss": 0.4169105291366577, "lr": 1.4871552030306619e-05}
{"epoch": 4, "step": 2650, "loss": 0.5152618288993835, "lr": 1.4858398116359524e-05}
{"epoch": 4, "step": 2700, "loss": 0.5196342468261719, "lr": 1.484524420241243e-05}
{"epoch": 4, "step": 2750, "loss": 0.5106894373893738, "lr": 1.4832090288465335e-05}
{"epoch": 4, "step": 2800, "loss": 0.5964044332504272, "lr": 1.481893637451824e-05}
{"epoch": 4, "step": 2850, "loss": 0.20702826976776123, "lr": 1.4805782460571143e-05}
{"epoch": 4, "step": 2900, "loss": 0.6477433443069458, "lr": 1.4792628546624049e-05}
{"epoch": 4, "step": 2950, "loss": 0.4084722101688385, "lr": 1.4779474632676954e-05}
{"epoch": 4, "step": 3000, "loss": 0.29559460282325745, "lr": 1.4766320718729859e-05}
{"epoch": 4, "step": 3050, "loss": 0.5366179943084717, "lr": 1.4753166804782764e-05}
{"epoch": 4, "step": 3100, "loss": 0.41783130168914795, "lr": 1.474001289083567e-05}
{"epoch": 4, "step": 3150, "loss": 0.5288857221603394, "lr": 1.4726858976888575e-05}
{"epoch": 4, "step": 3200, "loss": 0.5548101663589478, "lr": 1.471370506294148e-05}
{"epoch": 4, "step": 3250, "loss": 0.37371569871902466, "lr": 1.4700551148994383e-05}
{"epoch": 4, "step": 3300, "loss": 0.2593533992767334, "lr": 1.4687397235047289e-05}
{"epoch": 4, "step": 3350, "loss": 0.6054514050483704, "lr": 1.4674243321100194e-05}
{"epoch": 4, "step": 3400, "loss": 0.5122039914131165, "lr": 1.4661089407153099e-05}
{"epoch": 4, "step": 3450, "loss": 0.5029371976852417, "lr": 1.4647935493206004e-05}
{"epoch": 4, "step": 3500, "loss": 0.34834787249565125, "lr": 1.463478157925891e-05}
{"epoch": 4, "step": 3550, "loss": 0.4721466302871704, "lr": 1.4621627665311815e-05}
{"epoch": 4, "step": 3600, "loss": 0.43740394711494446, "lr": 1.460847375136472e-05}
{"epoch": 4, "step": 3650, "loss": 0.3638497591018677, "lr": 1.4595319837417625e-05}
{"epoch": 4, "step": 3700, "loss": 0.3990668058395386, "lr": 1.458216592347053e-05}
{"epoch": 4, "step": 3750, "loss": 0.47541266679763794, "lr": 1.4569012009523435e-05}
{"epoch": 4, "step": 3800, "loss": 0.449726939201355, "lr": 1.455585809557634e-05}
{"epoch": 4, "step": 3850, "loss": 0.5455101132392883, "lr": 1.4542704181629246e-05}
{"epoch": 4, "step": 3900, "loss": 0.3166666626930237, "lr": 1.4529550267682151e-05}
{"epoch": 4, "step": 3950, "loss": 0.3918509781360626, "lr": 1.4516396353735056e-05}
{"epoch": 4, "step": 4000, "loss": 0.39281612634658813, "lr": 1.4503242439787962e-05}
{"epoch": 4, "step": 4050, "loss": 0.3097294569015503, "lr": 1.4490088525840863e-05}
{"epoch": 4, "step": 4100, "loss": 0.26811695098876953, "lr": 1.4476934611893769e-05}
{"epoch": 4, "step": 4150, "loss": 0.4621046781539917, "lr": 1.4463780697946674e-05}
{"epoch": 4, "step": 4200, "loss": 0.5174226760864258, "lr": 1.4450626783999579e-05}
{"epoch": 4, "step": 4250, "loss": 0.3296322226524353, "lr": 1.4437472870052484e-05}
{"epoch": 4, "step": 4300, "loss": 0.3410835564136505, "lr": 1.442431895610539e-05}
{"epoch": 4, "step": 4350, "loss": 0.5264964699745178, "lr": 1.4411165042158295e-05}
{"epoch": 4, "step": 4400, "loss": 0.24580971896648407, "lr": 1.43980111282112e-05}
{"epoch": 4, "step": 4450, "loss": 0.3611954152584076, "lr": 1.4384857214264105e-05}
{"epoch": 4, "step": 4500, "loss": 0.42245379090309143, "lr": 1.437170330031701e-05}
{"epoch": 4, "step": 4550, "loss": 0.2822926640510559, "lr": 1.4358549386369915e-05}
{"epoch": 4, "step": 4600, "loss": 0.662705659866333, "lr": 1.434539547242282e-05}
{"epoch": 4, "step": 4650, "loss": 0.33134913444519043, "lr": 1.4332241558475726e-05}
{"epoch": 4, "step": 4700, "loss": 0.4524645209312439, "lr": 1.4319087644528631e-05}
{"epoch": 4, "step": 4750, "loss": 0.3060416281223297, "lr": 1.4305933730581536e-05}
{"epoch": 4, "step": 4800, "loss": 0.27475833892822266, "lr": 1.4292779816634441e-05}
{"epoch": 4, "step": 4850, "loss": 0.30998873710632324, "lr": 1.4279625902687347e-05}
{"epoch": 4, "step": 4900, "loss": 0.544762909412384, "lr": 1.4266471988740252e-05}
{"epoch": 4, "step": 4950, "loss": 0.7580163478851318, "lr": 1.4253318074793157e-05}
{"epoch": 4, "step": 5000, "loss": 0.41351670026779175, "lr": 1.4240164160846062e-05}
{"epoch": 4, "step": 5050, "loss": 0.3598206639289856, "lr": 1.4227010246898968e-05}
{"epoch": 4, "step": 5100, "loss": 0.7226682305335999, "lr": 1.4213856332951873e-05}
{"epoch": 4, "step": 5150, "loss": 0.36756953597068787, "lr": 1.4200702419004776e-05}
{"epoch": 4, "step": 5200, "loss": 0.4436885416507721, "lr": 1.418754850505768e-05}
{"epoch": 4, "step": 5250, "loss": 0.4988097846508026, "lr": 1.4174394591110585e-05}
{"epoch": 4, "step": 5300, "loss": 0.5516322255134583, "lr": 1.416124067716349e-05}
{"epoch": 4, "step": 5350, "loss": 0.39204272627830505, "lr": 1.4148086763216395e-05}
{"epoch": 4, "step": 5400, "loss": 0.24673756957054138, "lr": 1.41349328492693e-05}
{"epoch": 4, "step": 5450, "loss": 0.5270954966545105, "lr": 1.4121778935322206e-05}
{"epoch": 4, "step": 5500, "loss": 0.40791988372802734, "lr": 1.4108625021375111e-05}
{"epoch": 4, "step": 5550, "loss": 0.7203789353370667, "lr": 1.4095471107428016e-05}
{"epoch": 4, "step": 5600, "loss": 0.3848658800125122, "lr": 1.4082317193480921e-05}
{"epoch": 4, "step": 5650, "loss": 0.40900689363479614, "lr": 1.4069163279533827e-05}
{"epoch": 4, "step": 5700, "loss": 0.3211272358894348, "lr": 1.4056009365586732e-05}
{"epoch": 4, "step": 5750, "loss": 0.4531012773513794, "lr": 1.4042855451639637e-05}
{"epoch": 4, "step": 5800, "loss": 0.3476325571537018, "lr": 1.4029701537692542e-05}
{"epoch": 4, "step": 5850, "loss": 0.42645034193992615, "lr": 1.4016547623745447e-05}
{"epoch": 4, "step": 5900, "loss": 0.36582767963409424, "lr": 1.4003393709798353e-05}
{"epoch": 4, "step": 5950, "loss": 0.3306960165500641, "lr": 1.3990239795851256e-05}
{"epoch": 4, "step": 6000, "loss": 0.5091871619224548, "lr": 1.3977085881904161e-05}
{"epoch": 4, "step": 6050, "loss": 0.5480339527130127, "lr": 1.3963931967957067e-05}
{"epoch": 4, "step": 6100, "loss": 0.5007316470146179, "lr": 1.3950778054009972e-05}
{"epoch": 4, "step": 6150, "loss": 0.49765491485595703, "lr": 1.3937624140062877e-05}
{"epoch": 4, "step": 6200, "loss": 0.4784375727176666, "lr": 1.3924470226115782e-05}
{"epoch": 4, "step": 6250, "loss": 0.5413855910301208, "lr": 1.3911316312168687e-05}
{"epoch": 4, "step": 6300, "loss": 0.42778506875038147, "lr": 1.3898162398221593e-05}
{"epoch": 4, "step": 6350, "loss": 0.2861688435077667, "lr": 1.3885008484274498e-05}
{"epoch": 4, "step": 6400, "loss": 0.4323999583721161, "lr": 1.3871854570327401e-05}
{"epoch": 4, "step": 6450, "loss": 0.4476443827152252, "lr": 1.3858700656380307e-05}
{"epoch": 4, "step": 6500, "loss": 0.6829673051834106, "lr": 1.3845546742433212e-05}
{"epoch": 4, "step": 6550, "loss": 0.3535344898700714, "lr": 1.3832392828486117e-05}
{"epoch": 4, "step": 6600, "loss": 0.3160400986671448, "lr": 1.3819238914539022e-05}
{"epoch": 4, "step": 6650, "loss": 0.22446560859680176, "lr": 1.3806085000591927e-05}
{"epoch": 4, "step": 6700, "loss": 0.5995255708694458, "lr": 1.3792931086644833e-05}
{"epoch": 4, "step": 6750, "loss": 0.4865208566188812, "lr": 1.3779777172697736e-05}
{"epoch": 4, "step": 6800, "loss": 0.9662631750106812, "lr": 1.3766623258750641e-05}
{"epoch": 4, "step": 6850, "loss": 0.38009464740753174, "lr": 1.3753469344803547e-05}
{"epoch": 4, "step": 6900, "loss": 0.3406237065792084, "lr": 1.3740315430856452e-05}
{"epoch": 4, "step": 6950, "loss": 0.30371129512786865, "lr": 1.3727161516909357e-05}
{"epoch": 4, "step": 7000, "loss": 0.3782530128955841, "lr": 1.3714007602962262e-05}
{"epoch": 4, "step": 7050, "loss": 0.4117629826068878, "lr": 1.3700853689015167e-05}
{"epoch": 4, "step": 7100, "loss": 0.3168396055698395, "lr": 1.3687699775068073e-05}
{"epoch": 4, "step": 7150, "loss": 0.5309513807296753, "lr": 1.3674545861120978e-05}
{"epoch": 4, "step": 7200, "loss": 0.4323227107524872, "lr": 1.3661391947173883e-05}
{"epoch": 4, "step": 7250, "loss": 0.3488503396511078, "lr": 1.3648238033226788e-05}
{"epoch": 4, "step": 7300, "loss": 0.2888205945491791, "lr": 1.3635084119279693e-05}
{"epoch": 4, "step": 7350, "loss": 0.3688826262950897, "lr": 1.3621930205332599e-05}
{"epoch": 4, "step": 7400, "loss": 0.40064799785614014, "lr": 1.3608776291385504e-05}
{"epoch": 4, "step": 7450, "loss": 0.4258176386356354, "lr": 1.3595622377438409e-05}
{"epoch": 4, "step": 7500, "loss": 0.480744868516922, "lr": 1.3582468463491314e-05}
{"epoch": 4, "step": 7550, "loss": 0.3845045566558838, "lr": 1.3569314549544216e-05}
{"epoch": 4, "step": 7600, "loss": 0.5781881809234619, "lr": 1.3556160635597121e-05}
{"epoch": 4, "step": 7650, "loss": 0.39685696363449097, "lr": 1.3543006721650027e-05}
{"epoch": 4, "step": 7700, "loss": 0.5023884177207947, "lr": 1.3529852807702932e-05}
{"epoch": 4, "step": 7750, "loss": 0.5193401575088501, "lr": 1.3516698893755837e-05}
{"epoch": 4, "step": 7800, "loss": 0.4873248338699341, "lr": 1.3503544979808742e-05}
{"epoch": 4, "step": 7850, "loss": 0.322101891040802, "lr": 1.3490391065861647e-05}
{"epoch": 4, "step": 7900, "loss": 0.46218201518058777, "lr": 1.3477237151914553e-05}
{"epoch": 4, "step": 7950, "loss": 0.3315403461456299, "lr": 1.3464083237967458e-05}
{"epoch": 4, "step": 8000, "loss": 0.32315176725387573, "lr": 1.3450929324020363e-05}
{"epoch": 4, "step": 8050, "loss": 0.80533766746521, "lr": 1.3437775410073268e-05}
{"epoch": 4, "step": 8100, "loss": 0.5797537565231323, "lr": 1.3424621496126173e-05}
{"epoch": 4, "step": 8150, "loss": 0.42561301589012146, "lr": 1.3411467582179079e-05}
{"epoch": 4, "step": 8200, "loss": 0.41114184260368347, "lr": 1.3398313668231984e-05}
{"epoch": 4, "step": 8250, "loss": 0.5764341950416565, "lr": 1.3385159754284889e-05}
{"epoch": 4, "step": 8300, "loss": 0.3421868681907654, "lr": 1.3372005840337794e-05}
{"epoch": 4, "step": 8350, "loss": 0.26631104946136475, "lr": 1.33588519263907e-05}
{"epoch": 4, "step": 8400, "loss": 0.5006047487258911, "lr": 1.3345698012443605e-05}
{"epoch": 4, "weighted_f1": 0.5872597229688783, "checkpoint": "/home/rishank/Projects/major project/Test/results/checkpoints/dnabert2_splitb_seed1/epoch_04.pt"}
{"epoch": 5, "step": 1, "loss": 0.37857693433761597, "lr": 1.3333070255054393e-05}
{"epoch": 5, "step": 50, "loss": 0.34921902418136597, "lr": 1.3320179419386239e-05}
{"epoch": 5, "step": 100, "loss": 0.38273850083351135, "lr": 1.3307025505439144e-05}
{"epoch": 5, "step": 150, "loss": 0.37067848443984985, "lr": 1.3293871591492049e-05}
{"epoch": 5, "step": 200, "loss": 0.6407166123390198, "lr": 1.3280717677544954e-05}
{"epoch": 5, "step": 250, "loss": 0.6100719571113586, "lr": 1.326756376359786e-05}
{"epoch": 5, "step": 300, "loss": 0.5134114623069763, "lr": 1.3254409849650765e-05}
{"epoch": 5, "step": 350, "loss": 0.44846734404563904, "lr": 1.324125593570367e-05}
{"epoch": 5, "step": 400, "loss": 0.4628176689147949, "lr": 1.3228102021756575e-05}
{"epoch": 5, "step": 450, "loss": 0.6595432758331299, "lr": 1.321494810780948e-05}
{"epoch": 5, "step": 500, "loss": 0.4776747226715088, "lr": 1.3201794193862385e-05}
{"epoch": 5, "step": 550, "loss": 0.4890371263027191, "lr": 1.318864027991529e-05}
{"epoch": 5, "step": 600, "loss": 0.19021223485469818, "lr": 1.3175486365968196e-05}
{"epoch": 5, "step": 650, "loss": 0.49227607250213623, "lr": 1.3162332452021101e-05}
{"epoch": 5, "step": 700, "loss": 0.5825287103652954, "lr": 1.3149178538074006e-05}
{"epoch": 5, "step": 750, "loss": 0.3728454113006592, "lr": 1.3136024624126911e-05}
{"epoch": 5, "step": 800, "loss": 0.421816885471344, "lr": 1.3122870710179817e-05}
{"epoch": 5, "step": 850, "loss": 0.34026476740837097, "lr": 1.310971679623272e-05}
{"epoch": 5, "step": 900, "loss": 0.7466579079627991, "lr": 1.3096562882285625e-05}
{"epoch": 5, "step": 950, "loss": 0.3973987102508545, "lr": 1.308340896833853e-05}
{"epoch": 5, "step": 1000, "loss": 0.4766474962234497, "lr": 1.3070255054391434e-05}
{"epoch": 5, "step": 1050, "loss": 0.29899534583091736, "lr": 1.305710114044434e-05}
{"epoch": 5, "step": 1100, "loss": 0.32482609152793884, "lr": 1.3043947226497245e-05}
{"epoch": 5, "step": 1150, "loss": 0.5209981799125671, "lr": 1.303079331255015e-05}
{"epoch": 5, "step": 1200, "loss": 0.6278035044670105, "lr": 1.3017639398603055e-05}
{"epoch": 5, "step": 1250, "loss": 0.35651054978370667, "lr": 1.300448548465596e-05}
{"epoch": 5, "step": 1300, "loss": 0.19082441926002502, "lr": 1.2991331570708865e-05}
{"epoch": 5, "step": 1350, "loss": 0.4043409824371338, "lr": 1.297817765676177e-05}
{"epoch": 5, "step": 1400, "loss": 0.28494036197662354, "lr": 1.2965023742814676e-05}
{"epoch": 5, "step": 1450, "loss": 0.7106347680091858, "lr": 1.2951869828867581e-05}
{"epoch": 5, "step": 1500, "loss": 0.2992139756679535, "lr": 1.2938715914920486e-05}
{"epoch": 5, "step": 1550, "loss": 0.3936585485935211, "lr": 1.2925562000973391e-05}
{"epoch": 5, "step": 1600, "loss": 0.2768948972225189, "lr": 1.2912408087026297e-05}
{"epoch": 5, "step": 1650, "loss": 0.9251605272293091, "lr": 1.28992541730792e-05}
{"epoch": 5, "step": 1700, "loss": 0.2584289610385895, "lr": 1.2886100259132105e-05}
{"epoch": 5, "step": 1750, "loss": 0.384039968252182, "lr": 1.287294634518501e-05}
{"epoch": 5, "step": 1800, "loss": 0.29002872109413147, "lr": 1.2859792431237916e-05}
{"epoch": 5, "step": 1850, "loss": 0.5482679605484009, "lr": 1.2846638517290821e-05}
{"epoch": 5, "step": 1900, "loss": 0.436401903629303, "lr": 1.2833484603343726e-05}
{"epoch": 5, "step": 1950, "loss": 0.3935139775276184, "lr": 1.2820330689396631e-05}
{"epoch": 5, "step": 2000, "loss": 0.6795832514762878, "lr": 1.2807176775449537e-05}
{"epoch": 5, "step": 2050, "loss": 0.20732952654361725, "lr": 1.2794022861502442e-05}
{"epoch": 5, "step": 2100, "loss": 0.3943101465702057, "lr": 1.2780868947555347e-05}
{"epoch": 5, "step": 2150, "loss": 0.2983839809894562, "lr": 1.2767715033608252e-05}
{"epoch": 5, "step": 2200, "loss": 0.36435171961784363, "lr": 1.2754561119661156e-05}
{"epoch": 5, "step": 2250, "loss": 0.319254070520401, "lr": 1.2741407205714061e-05}
{"epoch": 5, "step": 2300, "loss": 0.47143587470054626, "lr": 1.2728253291766966e-05}
{"epoch": 5, "step": 2350, "loss": 0.4311443567276001, "lr": 1.2715099377819871e-05}
{"epoch": 5, "step": 2400, "loss": 0.36252453923225403, "lr": 1.2701945463872777e-05}
{"epoch": 5, "step": 2450, "loss": 0.3586874008178711, "lr": 1.268879154992568e-05}
{"epoch": 5, "step": 2500, "loss": 0.5967364311218262, "lr": 1.2675637635978585e-05}
{"epoch": 5, "step": 2550, "loss": 0.3616918921470642, "lr": 1.266248372203149e-05}
{"epoch": 5, "step": 2600, "loss": 0.601403534412384, "lr": 1.2649329808084396e-05}
{"epoch": 5, "step": 2650, "loss": 0.3188455104827881, "lr": 1.2636175894137301e-05}
{"epoch": 5, "step": 2700, "loss": 0.3889693021774292, "lr": 1.2623021980190206e-05}
{"epoch": 5, "step": 2750, "loss": 0.5647284984588623, "lr": 1.2609868066243111e-05}
{"epoch": 5, "step": 2800, "loss": 0.5999157428741455, "lr": 1.2596714152296017e-05}
{"epoch": 5, "step": 2850, "loss": 0.3945351243019104, "lr": 1.2583560238348922e-05}
{"epoch": 5, "step": 2900, "loss": 0.545915424823761, "lr": 1.2570406324401827e-05}
{"epoch": 5, "step": 2950, "loss": 0.6030020713806152, "lr": 1.2557252410454732e-05}
{"epoch": 5, "step": 3000, "loss": 0.39717936515808105, "lr": 1.2544098496507637e-05}
{"epoch": 5, "step": 3050, "loss": 0.36594158411026, "lr": 1.2530944582560543e-05}
{"epoch": 5, "step": 3100, "loss": 0.5775376558303833, "lr": 1.2517790668613448e-05}
{"epoch": 5, "step": 3150, "loss": 0.4246211647987366, "lr": 1.2504636754666353e-05}
{"epoch": 5, "step": 3200, "loss": 0.24278007447719574, "lr": 1.2491482840719258e-05}
{"epoch": 5, "step": 3250, "loss": 0.7291428446769714, "lr": 1.2478328926772163e-05}
{"epoch": 5, "step": 3300, "loss": 0.552789568901062, "lr": 1.2465175012825069e-05}
{"epoch": 5, "step": 3350, "loss": 0.4128282368183136, "lr": 1.245202109887797e-05}
{"epoch": 5, "step": 3400, "loss": 0.5965782403945923, "lr": 1.2438867184930876e-05}
{"epoch": 5, "step": 3450, "loss": 0.4804881513118744, "lr": 1.2425713270983781e-05}
{"epoch": 5, "step": 3500, "loss": 0.4770701229572296, "lr": 1.2412559357036686e-05}
{"epoch": 5, "step": 3550, "loss": 0.3706657588481903, "lr": 1.2399405443089591e-05}
{"epoch": 5, "step": 3600, "loss": 0.6981598734855652, "lr": 1.2386251529142496e-05}
{"epoch": 5, "step": 3650, "loss": 0.44237256050109863, "lr": 1.2373097615195402e-05}
{"epoch": 5, "step": 3700, "loss": 0.34533756971359253, "lr": 1.2359943701248307e-05}
{"epoch": 5, "step": 3750, "loss": 0.5792546272277832, "lr": 1.2346789787301212e-05}
{"epoch": 5, "step": 3800, "loss": 0.563696026802063, "lr": 1.2333635873354117e-05}
{"epoch": 5, "step": 3850, "loss": 0.4769599139690399, "lr": 1.2320481959407023e-05}
{"epoch": 5, "step": 3900, "loss": 0.36793461441993713, "lr": 1.2307328045459928e-05}
{"epoch": 5, "step": 3950, "loss": 0.42618608474731445, "lr": 1.2294174131512833e-05}
{"epoch": 5, "step": 4000, "loss": 0.5844319462776184, "lr": 1.2281020217565738e-05}
{"epoch": 5, "step": 4050, "loss": 0.5237550735473633, "lr": 1.2267866303618643e-05}
{"epoch": 5, "step": 4100, "loss": 0.2521667778491974, "lr": 1.2254712389671549e-05}
{"epoch": 5, "step": 4150, "loss": 0.5336560010910034, "lr": 1.2241558475724454e-05}
{"epoch": 5, "step": 4200, "loss": 0.46319395303726196, "lr": 1.2228404561777359e-05}
{"epoch": 5, "step": 4250, "loss": 0.6958706378936768, "lr": 1.2215250647830264e-05}
{"epoch": 5, "step": 4300, "loss": 0.7227201461791992, "lr": 1.220209673388317e-05}
{"epoch": 5, "step": 4350, "loss": 0.4745762348175049, "lr": 1.2188942819936073e-05}
{"epoch": 5, "step": 4400, "loss": 0.37393590807914734, "lr": 1.2175788905988978e-05}
{"epoch": 5, "step": 4450, "loss": 0.3854537904262543, "lr": 1.2162634992041883e-05}
{"epoch": 5, "step": 4500, "loss": 0.3917309641838074, "lr": 1.2149481078094789e-05}
{"epoch": 5, "step": 4550, "loss": 0.3967648446559906, "lr": 1.2136327164147692e-05}
{"epoch": 5, "step": 4600, "loss": 0.41903743147850037, "lr": 1.2123173250200597e-05}
{"epoch": 5, "step": 4650, "loss": 0.5538835525512695, "lr": 1.2110019336253502e-05}
{"epoch": 5, "step": 4700, "loss": 0.49483564496040344, "lr": 1.2096865422306408e-05}
{"epoch": 5, "step": 4750, "loss": 0.3059731125831604, "lr": 1.2083711508359313e-05}
{"epoch": 5, "step": 4800, "loss": 0.7622164487838745, "lr": 1.2070557594412218e-05}
{"epoch": 5, "step": 4850, "loss": 0.4875868856906891, "lr": 1.2057403680465123e-05}
{"epoch": 5, "step": 4900, "loss": 0.3142971694469452, "lr": 1.2044249766518029e-05}
{"epoch": 5, "step": 4950, "loss": 0.29018133878707886, "lr": 1.2031095852570934e-05}
{"epoch": 5, "step": 5000, "loss": 0.3971861004829407, "lr": 1.2017941938623839e-05}
{"epoch": 5, "step": 5050, "loss": 0.4759579300880432, "lr": 1.2004788024676744e-05}
{"epoch": 5, "step": 5100, "loss": 0.47472062706947327, "lr": 1.199163411072965e-05}
{"epoch": 5, "step": 5150, "loss": 0.4689006507396698, "lr": 1.1978480196782553e-05}
{"epoch": 5, "step": 5200, "loss": 0.4299289584159851, "lr": 1.1965326282835458e-05}
{"epoch": 5, "step": 5250, "loss": 0.5209874510765076, "lr": 1.1952172368888363e-05}
{"epoch": 5, "step": 5300, "loss": 0.5409085750579834, "lr": 1.1939018454941269e-05}
{"epoch": 5, "step": 5350, "loss": 0.20816515386104584, "lr": 1.1925864540994174e-05}
{"epoch": 5, "step": 5400, "loss": 0.28203439712524414, "lr": 1.1912710627047079e-05}
{"epoch": 5, "step": 5450, "loss": 0.3706575334072113, "lr": 1.1899556713099984e-05}
{"epoch": 5, "step": 5500, "loss": 0.4086745083332062, "lr": 1.188640279915289e-05}
{"epoch": 5, "step": 5550, "loss": 0.3307342827320099, "lr": 1.1873248885205795e-05}
{"epoch": 5, "step": 5600, "loss": 0.5037105679512024, "lr": 1.18600949712587e-05}
{"epoch": 5, "step": 5650, "loss": 0.3386053144931793, "lr": 1.1846941057311605e-05}
{"epoch": 5, "step": 5700, "loss": 0.5698773264884949, "lr": 1.183378714336451e-05}
{"epoch": 5, "step": 5750, "loss": 0.3322189748287201, "lr": 1.1820633229417414e-05}
{"epoch": 5, "step": 5800, "loss": 0.2121911495923996, "lr": 1.1807479315470319e-05}
{"epoch": 5, "step": 5850, "loss": 0.4338816702365875, "lr": 1.1794325401523224e-05}
{"epoch": 5, "step": 5900, "loss": 0.40336737036705017, "lr": 1.178117148757613e-05}
{"epoch": 5, "step": 5950, "loss": 0.5161775946617126, "lr": 1.1768017573629033e-05}
{"epoch": 5, "step": 6000, "loss": 0.42241382598876953, "lr": 1.1754863659681938e-05}
{"epoch": 5, "step": 6050, "loss": 0.3716478943824768, "lr": 1.1741709745734843e-05}
{"epoch": 5, "step": 6100, "loss": 0.7264282703399658, "lr": 1.1728555831787748e-05}
{"epoch": 5, "step": 6150, "loss": 0.40705907344818115, "lr": 1.1715401917840654e-05}
{"epoch": 5, "step": 6200, "loss": 0.5104852318763733, "lr": 1.1702248003893559e-05}
{"epoch": 5, "step": 6250, "loss": 0.538201093673706, "lr": 1.1689094089946464e-05}
{"epoch": 5, "step": 6300, "loss": 0.441440612077713, "lr": 1.167594017599937e-05}
{"epoch": 5, "step": 6350, "loss": 0.2865316867828369, "lr": 1.1662786262052275e-05}
{"epoch": 5, "step": 6400, "loss": 0.24707531929016113, "lr": 1.164963234810518e-05}
{"epoch": 5, "step": 6450, "loss": 0.4707924425601959, "lr": 1.1636478434158085e-05}
{"epoch": 5, "step": 6500, "loss": 0.5675219893455505, "lr": 1.162332452021099e-05}
{"epoch": 5, "step": 6550, "loss": 0.3822666108608246, "lr": 1.1610170606263895e-05}
{"epoch": 5, "step": 6600, "loss": 0.37015649676322937, "lr": 1.15970166923168e-05}
{"epoch": 5, "step": 6650, "loss": 0.31740474700927734, "lr": 1.1583862778369706e-05}
{"epoch": 5, "step": 6700, "loss": 0.39421790838241577, "lr": 1.1570708864422611e-05}
{"epoch": 5, "step": 6750, "loss": 0.5725013017654419, "lr": 1.1557554950475516e-05}
{"epoch": 5, "step": 6800, "loss": 0.4726387560367584, "lr": 1.1544401036528421e-05}
{"epoch": 5, "step": 6850, "loss": 0.26024526357650757, "lr": 1.1531247122581327e-05}
{"epoch": 5, "step": 6900, "loss": 0.3958672285079956, "lr": 1.1518093208634228e-05}
{"epoch": 5, "step": 6950, "loss": 0.439529687166214, "lr": 1.1504939294687134e-05}
{"epoch": 5, "step": 7000, "loss": 0.3325963020324707, "lr": 1.1491785380740039e-05}
{"epoch": 5, "step": 7050, "loss": 0.5895237326622009, "lr": 1.1478631466792944e-05}
{"epoch": 5, "step": 7100, "loss": 0.6393446922302246, "lr": 1.146547755284585e-05}
{"epoch": 5, "step": 7150, "loss": 0.36606884002685547, "lr": 1.1452323638898754e-05}
{"epoch": 5, "step": 7200, "loss": 0.5666242241859436, "lr": 1.143916972495166e-05}
{"epoch": 5, "step": 7250, "loss": 0.35120889544487, "lr": 1.1426015811004565e-05}
{"epoch": 5, "step": 7300, "loss": 0.3889481723308563, "lr": 1.141286189705747e-05}
{"epoch": 5, "step": 7350, "loss": 0.3062792122364044, "lr": 1.1399707983110375e-05}
{"epoch": 5, "step": 7400, "loss": 0.6335234642028809, "lr": 1.138655406916328e-05}
{"epoch": 5, "step": 7450, "loss": 0.2686040699481964, "lr": 1.1373400155216186e-05}
{"epoch": 5, "step": 7500, "loss": 0.5261877179145813, "lr": 1.1360246241269091e-05}
{"epoch": 5, "step": 7550, "loss": 0.39361488819122314, "lr": 1.1347092327321996e-05}
{"epoch": 5, "step": 7600, "loss": 0.33815380930900574, "lr": 1.1333938413374901e-05}
{"epoch": 5, "step": 7650, "loss": 0.1408095806837082, "lr": 1.1320784499427807e-05}
{"epoch": 5, "step": 7700, "loss": 0.5310506820678711, "lr": 1.1307630585480712e-05}
{"epoch": 5, "step": 7750, "loss": 0.49807673692703247, "lr": 1.1294476671533617e-05}
{"epoch": 5, "step": 7800, "loss": 0.22339989244937897, "lr": 1.1281322757586522e-05}
{"epoch": 5, "step": 7850, "loss": 0.27896106243133545, "lr": 1.1268168843639426e-05}
{"epoch": 5, "step": 7900, "loss": 0.3225071132183075, "lr": 1.1255014929692331e-05}
{"epoch": 5, "step": 7950, "loss": 0.6766301989555359, "lr": 1.1241861015745236e-05}
{"epoch": 5, "step": 8000, "loss": 0.4767225682735443, "lr": 1.1228707101798141e-05}
{"epoch": 5, "step": 8050, "loss": 0.6394342184066772, "lr": 1.1215553187851047e-05}
{"epoch": 5, "step": 8100, "loss": 0.2183489054441452, "lr": 1.120239927390395e-05}
{"epoch": 5, "step": 8150, "loss": 0.4912374019622803, "lr": 1.1189245359956855e-05}
{"epoch": 5, "step": 8200, "loss": 0.32444754242897034, "lr": 1.117609144600976e-05}
{"epoch": 5, "step": 8250, "loss": 0.4197743833065033, "lr": 1.1162937532062666e-05}
{"epoch": 5, "step": 8300, "loss": 1.0330997705459595, "lr": 1.1149783618115571e-05}
{"epoch": 5, "step": 8350, "loss": 0.4092283546924591, "lr": 1.1136629704168476e-05}
{"epoch": 5, "step": 8400, "loss": 0.31725847721099854, "lr": 1.1123475790221381e-05}
{"epoch": 5, "weighted_f1": 0.5844581303748332, "checkpoint": "/home/rishank/Projects/major project/Test/results/checkpoints/dnabert2_splitb_seed1/epoch_05.pt"}
{"epoch": 6, "step": 1, "loss": 0.4022602438926697, "lr": 1.1110848032832171e-05}
{"epoch": 6, "step": 50, "loss": 0.27550336718559265, "lr": 1.1097957197164017e-05}
{"epoch": 6, "step": 100, "loss": 0.3711385726928711, "lr": 1.1084803283216922e-05}
{"epoch": 6, "step": 150, "loss": 0.20083241164684296, "lr": 1.1071649369269827e-05}
{"epoch": 6, "step": 200, "loss": 0.21047227084636688, "lr": 1.1058495455322732e-05}
{"epoch": 6, "step": 250, "loss": 0.47219228744506836, "lr": 1.1045341541375638e-05}
{"epoch": 6, "step": 300, "loss": 0.5359655022621155, "lr": 1.1032187627428543e-05}
{"epoch": 6, "step": 350, "loss": 0.1991530805826187, "lr": 1.1019033713481446e-05}
{"epoch": 6, "step": 400, "loss": 0.38513386249542236, "lr": 1.1005879799534352e-05}
{"epoch": 6, "step": 450, "loss": 0.3460381329059601, "lr": 1.0992725885587257e-05}
{"epoch": 6, "step": 500, "loss": 0.6116628050804138, "lr": 1.0979571971640162e-05}
{"epoch": 6, "step": 550, "loss": 0.2537083625793457, "lr": 1.0966418057693067e-05}
{"epoch": 6, "step": 600, "loss": 0.5114796757698059, "lr": 1.0953264143745972e-05}
{"epoch": 6, "step": 650, "loss": 0.4704652726650238, "lr": 1.0940110229798878e-05}
{"epoch": 6, "step": 700, "loss": 0.6261827945709229, "lr": 1.0926956315851783e-05}
{"epoch": 6, "step": 750, "loss": 0.48114538192749023, "lr": 1.0913802401904688e-05}
{"epoch": 6, "step": 800, "loss": 0.4105234146118164, "lr": 1.0900648487957593e-05}
{"epoch": 6, "step": 850, "loss": 0.6326588988304138, "lr": 1.0887494574010497e-05}
{"epoch": 6, "step": 900, "loss": 0.4290432929992676, "lr": 1.0874340660063402e-05}
{"epoch": 6, "step": 950, "loss": 0.37407663464546204, "lr": 1.0861186746116307e-05}
{"epoch": 6, "step": 1000, "loss": 0.0992668867111206, "lr": 1.0848032832169212e-05}
{"epoch": 6, "step": 1050, "loss": 0.3711857199668884, "lr": 1.0834878918222118e-05}
{"epoch": 6, "step": 1100, "loss": 0.26201725006103516, "lr": 1.0821725004275023e-05}
{"epoch": 6, "step": 1150, "loss": 0.38678106665611267, "lr": 1.0808571090327928e-05}
{"epoch": 6, "step": 1200, "loss": 0.36235296726226807, "lr": 1.0795417176380833e-05}
{"epoch": 6, "step": 1250, "loss": 0.637372612953186, "lr": 1.0782263262433738e-05}
{"epoch": 6, "step": 1300, "loss": 0.4380200207233429, "lr": 1.0769109348486644e-05}
{"epoch": 6, "step": 1350, "loss": 0.28988203406333923, "lr": 1.0755955434539549e-05}
{"epoch": 6, "step": 1400, "loss": 0.2838284373283386, "lr": 1.0742801520592454e-05}
{"epoch": 6, "step": 1450, "loss": 0.4545440971851349, "lr": 1.072964760664536e-05}
{"epoch": 6, "step": 1500, "loss": 0.41419994831085205, "lr": 1.0716493692698265e-05}
{"epoch": 6, "step": 1550, "loss": 0.7145419120788574, "lr": 1.0703339778751168e-05}
{"epoch": 6, "step": 1600, "loss": 0.6374477744102478, "lr": 1.0690185864804072e-05}
{"epoch": 6, "step": 1650, "loss": 0.41542401909828186, "lr": 1.0677031950856977e-05}
{"epoch": 6, "step": 1700, "loss": 0.36842504143714905, "lr": 1.0663878036909882e-05}
{"epoch": 6, "step": 1750, "loss": 0.30896705389022827, "lr": 1.0650724122962787e-05}
{"epoch": 6, "step": 1800, "loss": 0.2968013882637024, "lr": 1.0637570209015692e-05}
{"epoch": 6, "step": 1850, "loss": 0.29308682680130005, "lr": 1.0624416295068598e-05}
{"epoch": 6, "step": 1900, "loss": 0.3465619385242462, "lr": 1.0611262381121503e-05}
{"epoch": 6, "step": 1950, "loss": 0.22923432290554047, "lr": 1.0598108467174408e-05}
{"epoch": 6, "step": 2000, "loss": 0.4435644745826721, "lr": 1.0584954553227313e-05}
{"epoch": 6, "step": 2050, "loss": 0.5068581700325012, "lr": 1.0571800639280218e-05}
{"epoch": 6, "step": 2100, "loss": 0.7750179171562195, "lr": 1.0558646725333124e-05}
{"epoch": 6, "step": 2150, "loss": 0.5730180740356445, "lr": 1.0545492811386029e-05}
{"epoch": 6, "step": 2200, "loss": 0.45024093985557556, "lr": 1.0532338897438934e-05}
{"epoch": 6, "step": 2250, "loss": 0.525906503200531, "lr": 1.051918498349184e-05}
{"epoch": 6, "step": 2300, "loss": 0.23051874339580536, "lr": 1.0506031069544744e-05}
{"epoch": 6, "step": 2350, "loss": 0.6434746384620667, "lr": 1.049287715559765e-05}
{"epoch": 6, "step": 2400, "loss": 0.3817897140979767, "lr": 1.0479723241650555e-05}
{"epoch": 6, "step": 2450, "loss": 0.28633442521095276, "lr": 1.046656932770346e-05}
{"epoch": 6, "step": 2500, "loss": 0.574121356010437, "lr": 1.0453415413756365e-05}
{"epoch": 6, "step": 2550, "loss": 0.3390224575996399, "lr": 1.044026149980927e-05}
{"epoch": 6, "step": 2600, "loss": 0.43673989176750183, "lr": 1.0427107585862176e-05}
{"epoch": 6, "step": 2650, "loss": 0.41026851534843445, "lr": 1.0413953671915081e-05}
{"epoch": 6, "step": 2700, "loss": 0.28372806310653687, "lr": 1.0400799757967983e-05}
{"epoch": 6, "step": 2750, "loss": 0.21234573423862457, "lr": 1.0387645844020888e-05}
{"epoch": 6, "step": 2800, "loss": 0.39026063680648804, "lr": 1.0374491930073793e-05}
{"epoch": 6, "step": 2850, "loss": 0.460054874420166, "lr": 1.0361338016126698e-05}
{"epoch": 6, "step": 2900, "loss": 0.35258230566978455, "lr": 1.0348184102179604e-05}
{"epoch": 6, "step": 2950, "loss": 0.39757850766181946, "lr": 1.0335030188232509e-05}
{"epoch": 6, "step": 3000, "loss": 0.47041910886764526, "lr": 1.0321876274285414e-05}
{"epoch": 6, "step": 3050, "loss": 0.5154063701629639, "lr": 1.030872236033832e-05}
{"epoch": 6, "step": 3100, "loss": 0.6766653060913086, "lr": 1.0295568446391224e-05}
{"epoch": 6, "step": 3150, "loss": 0.35612985491752625, "lr": 1.028241453244413e-05}
{"epoch": 6, "step": 3200, "loss": 0.2687605321407318, "lr": 1.0269260618497035e-05}
{"epoch": 6, "step": 3250, "loss": 0.21320483088493347, "lr": 1.025610670454994e-05}
{"epoch": 6, "step": 3300, "loss": 0.40635359287261963, "lr": 1.0242952790602845e-05}
{"epoch": 6, "step": 3350, "loss": 0.24357804656028748, "lr": 1.022979887665575e-05}
{"epoch": 6, "step": 3400, "loss": 0.2696383595466614, "lr": 1.0216644962708656e-05}
{"epoch": 6, "step": 3450, "loss": 0.43417230248451233, "lr": 1.0203491048761561e-05}
{"epoch": 6, "step": 3500, "loss": 0.5528765320777893, "lr": 1.0190337134814466e-05}
{"epoch": 6, "step": 3550, "loss": 0.429607093334198, "lr": 1.017718322086737e-05}
{"epoch": 6, "step": 3600, "loss": 0.41069507598876953, "lr": 1.0164029306920275e-05}
{"epoch": 6, "step": 3650, "loss": 0.3076306879520416, "lr": 1.015087539297318e-05}
{"epoch": 6, "step": 3700, "loss": 0.22081781923770905, "lr": 1.0137721479026085e-05}
{"epoch": 6, "step": 3750, "loss": 0.20966388285160065, "lr": 1.012456756507899e-05}
{"epoch": 6, "step": 3800, "loss": 0.1838497668504715, "lr": 1.0111413651131896e-05}
{"epoch": 6, "step": 3850, "loss": 0.2743489444255829, "lr": 1.0098259737184801e-05}
{"epoch": 6, "step": 3900, "loss": 0.6000174283981323, "lr": 1.0085105823237704e-05}
{"epoch": 6, "step": 3950, "loss": 0.8282131552696228, "lr": 1.007195190929061e-05}
{"epoch": 6, "step": 4000, "loss": 0.25385233759880066, "lr": 1.0058797995343515e-05}
{"epoch": 6, "step": 4050, "loss": 0.20316052436828613, "lr": 1.004564408139642e-05}
{"epoch": 6, "step": 4100, "loss": 0.3474007248878479, "lr": 1.0032490167449325e-05}
{"epoch": 6, "step": 4150, "loss": 0.25889989733695984, "lr": 1.001933625350223e-05}
{"epoch": 6, "step": 4200, "loss": 0.28433796763420105, "lr": 1.0006182339555136e-05}
{"epoch": 6, "step": 4250, "loss": 0.4032323658466339, "lr": 9.993028425608041e-06}
{"epoch": 6, "step": 4300, "loss": 0.4962064325809479, "lr": 9.979874511660946e-06}
{"epoch": 6, "step": 4350, "loss": 0.4548691511154175, "lr": 9.96672059771385e-06}
{"epoch": 6, "step": 4400, "loss": 0.7052549719810486, "lr": 9.953566683766755e-06}
{"epoch": 6, "step": 4450, "loss": 0.2879425585269928, "lr": 9.94041276981966e-06}
{"epoch": 6, "step": 4500, "loss": 0.10694257915019989, "lr": 9.927258855872565e-06}
{"epoch": 6, "step": 4550, "loss": 0.13495635986328125, "lr": 9.91410494192547e-06}
{"epoch": 6, "step": 4600, "loss": 0.23585020005702972, "lr": 9.900951027978376e-06}
{"epoch": 6, "step": 4650, "loss": 0.4184020161628723, "lr": 9.88779711403128e-06}
{"epoch": 6, "step": 4700, "loss": 0.7037428021430969, "lr": 9.874643200084186e-06}
{"epoch": 6, "step": 4750, "loss": 0.3979487419128418, "lr": 9.861489286137091e-06}
{"epoch": 6, "step": 4800, "loss": 0.26610568165779114, "lr": 9.848335372189995e-06}
{"epoch": 6, "step": 4850, "loss": 0.360414981842041, "lr": 9.8351814582429e-06}
{"epoch": 6, "step": 4900, "loss": 0.6632592678070068, "lr": 9.822027544295805e-06}
{"epoch": 6, "step": 4950, "loss": 0.19662176072597504, "lr": 9.80887363034871e-06}
{"epoch": 6, "step": 5000, "loss": 0.19327548146247864, "lr": 9.795719716401616e-06}
{"epoch": 6, "step": 5050, "loss": 0.34773051738739014, "lr": 9.78256580245452e-06}
{"epoch": 6, "step": 5100, "loss": 0.7327653169631958, "lr": 9.769411888507426e-06}
{"epoch": 6, "step": 5150, "loss": 0.4958430826663971, "lr": 9.756257974560331e-06}
{"epoch": 6, "step": 5200, "loss": 0.4883766770362854, "lr": 9.743104060613236e-06}
{"epoch": 6, "step": 5250, "loss": 0.4163980782032013, "lr": 9.729950146666142e-06}
{"epoch": 6, "step": 5300, "loss": 0.34968897700309753, "lr": 9.716796232719047e-06}
{"epoch": 6, "step": 5350, "loss": 0.3176397979259491, "lr": 9.70364231877195e-06}
{"epoch": 6, "step": 5400, "loss": 0.39145341515541077, "lr": 9.690488404824856e-06}
{"epoch": 6, "step": 5450, "loss": 0.3594728410243988, "lr": 9.67733449087776e-06}
{"epoch": 6, "step": 5500, "loss": 0.4337793290615082, "lr": 9.664180576930666e-06}
{"epoch": 6, "step": 5550, "loss": 0.445161372423172, "lr": 9.651026662983571e-06}
{"epoch": 6, "step": 5600, "loss": 0.23579919338226318, "lr": 9.637872749036476e-06}
{"epoch": 6, "step": 5650, "loss": 0.5885571241378784, "lr": 9.624718835089382e-06}
{"epoch": 6, "step": 5700, "loss": 0.15823625028133392, "lr": 9.611564921142287e-06}
{"epoch": 6, "step": 5750, "loss": 0.40808650851249695, "lr": 9.598411007195192e-06}
{"epoch": 6, "step": 5800, "loss": 0.484296977519989, "lr": 9.585257093248097e-06}
{"epoch": 6, "step": 5850, "loss": 0.3628515601158142, "lr": 9.572103179301002e-06}
{"epoch": 6, "step": 5900, "loss": 0.38785794377326965, "lr": 9.558949265353908e-06}
{"epoch": 6, "step": 5950, "loss": 0.8304747939109802, "lr": 9.545795351406811e-06}
{"epoch": 6, "step": 6000, "loss": 0.7778613567352295, "lr": 9.532641437459716e-06}
{"epoch": 6, "step": 6050, "loss": 0.16923373937606812, "lr": 9.519487523512622e-06}
{"epoch": 6, "step": 6100, "loss": 0.3497961461544037, "lr": 9.506333609565527e-06}
{"epoch": 6, "step": 6150, "loss": 0.20945213735103607, "lr": 9.493179695618432e-06}
{"epoch": 6, "step": 6200, "loss": 0.5552463531494141, "lr": 9.480025781671337e-06}
{"epoch": 6, "step": 6250, "loss": 0.4703150689601898, "lr": 9.466871867724242e-06}
{"epoch": 6, "step": 6300, "loss": 0.3602157235145569, "lr": 9.453717953777148e-06}
{"epoch": 6, "step": 6350, "loss": 0.2757899761199951, "lr": 9.440564039830053e-06}
{"epoch": 6, "step": 6400, "loss": 0.2907639443874359, "lr": 9.427410125882958e-06}
{"epoch": 6, "step": 6450, "loss": 0.17440564930438995, "lr": 9.414256211935863e-06}
{"epoch": 6, "step": 6500, "loss": 0.44692736864089966, "lr": 9.401102297988769e-06}
{"epoch": 6, "step": 6550, "loss": 0.4910123646259308, "lr": 9.387948384041672e-06}
{"epoch": 6, "step": 6600, "loss": 0.44697892665863037, "lr": 9.374794470094577e-06}
{"epoch": 6, "step": 6650, "loss": 0.7594668865203857, "lr": 9.361640556147482e-06}
{"epoch": 6, "step": 6700, "loss": 0.1938365399837494, "lr": 9.348486642200388e-06}
{"epoch": 6, "step": 6750, "loss": 0.5725409984588623, "lr": 9.335332728253293e-06}
{"epoch": 6, "step": 6800, "loss": 0.34887680411338806, "lr": 9.322178814306198e-06}
{"epoch": 6, "step": 6850, "loss": 0.4998534619808197, "lr": 9.309024900359103e-06}
{"epoch": 6, "step": 6900, "loss": 0.3182013928890228, "lr": 9.295870986412008e-06}
{"epoch": 6, "step": 6950, "loss": 0.49303704500198364, "lr": 9.282717072464914e-06}
{"epoch": 6, "step": 7000, "loss": 0.3058492839336395, "lr": 9.269563158517819e-06}
{"epoch": 6, "step": 7050, "loss": 0.6322193145751953, "lr": 9.256409244570722e-06}
{"epoch": 6, "step": 7100, "loss": 0.3774547278881073, "lr": 9.243255330623628e-06}
{"epoch": 6, "step": 7150, "loss": 0.35636523365974426, "lr": 9.230101416676533e-06}
{"epoch": 6, "step": 7200, "loss": 0.24327610433101654, "lr": 9.216947502729438e-06}
{"epoch": 6, "step": 7250, "loss": 0.19368703663349152, "lr": 9.203793588782343e-06}
{"epoch": 6, "step": 7300, "loss": 0.19014959037303925, "lr": 9.190639674835248e-06}
{"epoch": 6, "step": 7350, "loss": 0.4901336431503296, "lr": 9.177485760888154e-06}
{"epoch": 6, "step": 7400, "loss": 0.23771420121192932, "lr": 9.164331846941059e-06}
{"epoch": 6, "step": 7450, "loss": 0.2832306921482086, "lr": 9.151177932993962e-06}
{"epoch": 6, "step": 7500, "loss": 0.38634493947029114, "lr": 9.138024019046868e-06}
{"epoch": 6, "step": 7550, "loss": 0.15195292234420776, "lr": 9.124870105099773e-06}
{"epoch": 6, "step": 7600, "loss": 0.8305667042732239, "lr": 9.111716191152678e-06}
{"epoch": 6, "step": 7650, "loss": 0.1940789669752121, "lr": 9.098562277205583e-06}
{"epoch": 6, "step": 7700, "loss": 0.38325822353363037, "lr": 9.085408363258488e-06}
{"epoch": 6, "step": 7750, "loss": 0.1672627180814743, "lr": 9.072254449311394e-06}
{"epoch": 6, "step": 7800, "loss": 0.48285162448883057, "lr": 9.059100535364299e-06}
{"epoch": 6, "step": 7850, "loss": 0.5335933566093445, "lr": 9.045946621417202e-06}
{"epoch": 6, "step": 7900, "loss": 0.3746524751186371, "lr": 9.032792707470108e-06}
{"epoch": 6, "step": 7950, "loss": 0.22135619819164276, "lr": 9.019638793523013e-06}
{"epoch": 6, "step": 8000, "loss": 0.42200955748558044, "lr": 9.006484879575918e-06}
{"epoch": 6, "step": 8050, "loss": 0.3960736393928528, "lr": 8.993330965628823e-06}
{"epoch": 6, "step": 8100, "loss": 0.6261721253395081, "lr": 8.980177051681728e-06}
{"epoch": 6, "step": 8150, "loss": 0.46018484234809875, "lr": 8.967023137734634e-06}
{"epoch": 6, "step": 8200, "loss": 1.0251448154449463, "lr": 8.953869223787539e-06}
{"epoch": 6, "step": 8250, "loss": 0.6345642805099487, "lr": 8.940715309840444e-06}
{"epoch": 6, "step": 8300, "loss": 0.28440266847610474, "lr": 8.927561395893348e-06}
{"epoch": 6, "step": 8350, "loss": 0.39635375142097473, "lr": 8.914407481946253e-06}
{"epoch": 6, "step": 8400, "loss": 0.3712362051010132, "lr": 8.901253567999158e-06}
{"epoch": 6, "weighted_f1": 0.5633567359512088, "checkpoint": "/home/rishank/Projects/major project/Test/results/checkpoints/dnabert2_splitb_seed1/epoch_06.pt"}
{"epoch": 7, "step": 1, "loss": 0.3462759554386139, "lr": 8.888625810609948e-06}
{"epoch": 7, "step": 50, "loss": 0.3638988137245178, "lr": 8.875734974941794e-06}
{"epoch": 7, "step": 100, "loss": 0.4383811950683594, "lr": 8.862581060994699e-06}
{"epoch": 7, "step": 150, "loss": 0.458565890789032, "lr": 8.849427147047604e-06}
{"epoch": 7, "step": 200, "loss": 0.27402636408805847, "lr": 8.836273233100509e-06}
{"epoch": 7, "step": 250, "loss": 0.6195152997970581, "lr": 8.823119319153414e-06}
{"epoch": 7, "step": 300, "loss": 0.40394842624664307, "lr": 8.80996540520632e-06}
{"epoch": 7, "step": 350, "loss": 0.4497172236442566, "lr": 8.796811491259225e-06}
{"epoch": 7, "step": 400, "loss": 0.48183658719062805, "lr": 8.78365757731213e-06}
{"epoch": 7, "step": 450, "loss": 0.599460780620575, "lr": 8.770503663365035e-06}
{"epoch": 7, "step": 500, "loss": 0.20987088978290558, "lr": 8.75734974941794e-06}
{"epoch": 7, "step": 550, "loss": 0.5555049180984497, "lr": 8.744195835470846e-06}
{"epoch": 7, "step": 600, "loss": 0.29884397983551025, "lr": 8.731041921523749e-06}
{"epoch": 7, "step": 650, "loss": 0.22069062292575836, "lr": 8.717888007576654e-06}
{"epoch": 7, "step": 700, "loss": 0.1882508397102356, "lr": 8.70473409362956e-06}
{"epoch": 7, "step": 750, "loss": 0.5640067458152771, "lr": 8.691580179682465e-06}
{"epoch": 7, "step": 800, "loss": 0.24737846851348877, "lr": 8.67842626573537e-06}
{"epoch": 7, "step": 850, "loss": 0.6105599403381348, "lr": 8.665272351788275e-06}
{"epoch": 7, "step": 900, "loss": 0.44608986377716064, "lr": 8.65211843784118e-06}
{"epoch": 7, "step": 950, "loss": 0.4468890130519867, "lr": 8.638964523894086e-06}
{"epoch": 7, "step": 1000, "loss": 0.29290202260017395, "lr": 8.62581060994699e-06}
{"epoch": 7, "step": 1050, "loss": 0.19670754671096802, "lr": 8.612656695999896e-06}
{"epoch": 7, "step": 1100, "loss": 0.22768518328666687, "lr": 8.599502782052801e-06}
{"epoch": 7, "step": 1150, "loss": 0.6601895689964294, "lr": 8.586348868105705e-06}
{"epoch": 7, "step": 1200, "loss": 0.545150876045227, "lr": 8.57319495415861e-06}
{"epoch": 7, "step": 1250, "loss": 0.6275771260261536, "lr": 8.560041040211515e-06}
{"epoch": 7, "step": 1300, "loss": 0.327811062335968, "lr": 8.54688712626442e-06}
{"epoch": 7, "step": 1350, "loss": 0.5857868790626526, "lr": 8.533733212317326e-06}
{"epoch": 7, "step": 1400, "loss": 0.2521653175354004, "lr": 8.52057929837023e-06}
{"epoch": 7, "step": 1450, "loss": 0.3175223767757416, "lr": 8.507425384423136e-06}
{"epoch": 7, "step": 1500, "loss": 0.49267831444740295, "lr": 8.494271470476041e-06}
{"epoch": 7, "step": 1550, "loss": 0.23240946233272552, "lr": 8.481117556528946e-06}
{"epoch": 7, "step": 1600, "loss": 0.2766319811344147, "lr": 8.467963642581852e-06}
{"epoch": 7, "step": 1650, "loss": 0.31274914741516113, "lr": 8.454809728634757e-06}
{"epoch": 7, "step": 1700, "loss": 0.47706785798072815, "lr": 8.441655814687662e-06}
{"epoch": 7, "step": 1750, "loss": 0.19944363832473755, "lr": 8.428501900740566e-06}
{"epoch": 7, "step": 1800, "loss": 0.142006516456604, "lr": 8.41534798679347e-06}
{"epoch": 7, "step": 1850, "loss": 0.2268315851688385, "lr": 8.402194072846376e-06}
{"epoch": 7, "step": 1900, "loss": 0.6685999035835266, "lr": 8.389040158899281e-06}
{"epoch": 7, "step": 1950, "loss": 0.24561801552772522, "lr": 8.375886244952186e-06}
{"epoch": 7, "step": 2000, "loss": 0.22656536102294922, "lr": 8.362732331005092e-06}
{"epoch": 7, "step": 2050, "loss": 0.06732214987277985, "lr": 8.349578417057997e-06}
{"epoch": 7, "step": 2100, "loss": 0.46345895528793335, "lr": 8.336424503110902e-06}
{"epoch": 7, "step": 2150, "loss": 0.18201199173927307, "lr": 8.323270589163807e-06}
{"epoch": 7, "step": 2200, "loss": 0.45446425676345825, "lr": 8.310116675216712e-06}
{"epoch": 7, "step": 2250, "loss": 0.5535616278648376, "lr": 8.296962761269618e-06}
{"epoch": 7, "step": 2300, "loss": 0.2841569185256958, "lr": 8.283808847322523e-06}
{"epoch": 7, "step": 2350, "loss": 0.5286361575126648, "lr": 8.270654933375426e-06}
{"epoch": 7, "step": 2400, "loss": 0.37388017773628235, "lr": 8.257501019428332e-06}
{"epoch": 7, "step": 2450, "loss": 0.6377182602882385, "lr": 8.244347105481237e-06}
{"epoch": 7, "step": 2500, "loss": 0.28558799624443054, "lr": 8.231193191534142e-06}
{"epoch": 7, "step": 2550, "loss": 0.6910350918769836, "lr": 8.218039277587047e-06}
{"epoch": 7, "step": 2600, "loss": 0.3125491440296173, "lr": 8.204885363639952e-06}
{"epoch": 7, "step": 2650, "loss": 0.22762739658355713, "lr": 8.191731449692858e-06}
{"epoch": 7, "step": 2700, "loss": 0.2111891806125641, "lr": 8.178577535745761e-06}
{"epoch": 7, "step": 2750, "loss": 0.8354355096817017, "lr": 8.165423621798666e-06}
{"epoch": 7, "step": 2800, "loss": 0.10446282476186752, "lr": 8.152269707851572e-06}
{"epoch": 7, "step": 2850, "loss": 0.25276416540145874, "lr": 8.139115793904477e-06}
{"epoch": 7, "step": 2900, "loss": 0.23035937547683716, "lr": 8.125961879957382e-06}
{"epoch": 7, "step": 2950, "loss": 0.5852732062339783, "lr": 8.112807966010287e-06}
{"epoch": 7, "step": 3000, "loss": 0.360170841217041, "lr": 8.099654052063192e-06}
{"epoch": 7, "step": 3050, "loss": 0.1617957502603531, "lr": 8.086500138116098e-06}
{"epoch": 7, "step": 3100, "loss": 0.4131089746952057, "lr": 8.073346224169001e-06}
{"epoch": 7, "step": 3150, "loss": 0.24709416925907135, "lr": 8.060192310221906e-06}
{"epoch": 7, "step": 3200, "loss": 0.15717871487140656, "lr": 8.047038396274812e-06}
{"epoch": 7, "step": 3250, "loss": 0.11955742537975311, "lr": 8.033884482327717e-06}
{"epoch": 7, "step": 3300, "loss": 0.4885917007923126, "lr": 8.020730568380622e-06}
{"epoch": 7, "step": 3350, "loss": 0.312461793422699, "lr": 8.007576654433527e-06}
{"epoch": 7, "step": 3400, "loss": 0.5433156490325928, "lr": 7.994422740486432e-06}
{"epoch": 7, "step": 3450, "loss": 0.3714912533760071, "lr": 7.981268826539338e-06}
{"epoch": 7, "step": 3500, "loss": 0.38982105255126953, "lr": 7.968114912592243e-06}
{"epoch": 7, "step": 3550, "loss": 0.5371237993240356, "lr": 7.954960998645146e-06}
{"epoch": 7, "step": 3600, "loss": 0.1858420968055725, "lr": 7.941807084698051e-06}
{"epoch": 7, "step": 3650, "loss": 0.5615126490592957, "lr": 7.928653170750957e-06}
{"epoch": 7, "step": 3700, "loss": 0.7280529737472534, "lr": 7.915499256803862e-06}
{"epoch": 7, "step": 3750, "loss": 0.10474785417318344, "lr": 7.902345342856767e-06}
{"epoch": 7, "step": 3800, "loss": 0.4903220236301422, "lr": 7.889191428909672e-06}
{"epoch": 7, "step": 3850, "loss": 0.32485392689704895, "lr": 7.876037514962578e-06}
{"epoch": 7, "step": 3900, "loss": 0.29843083024024963, "lr": 7.862883601015483e-06}
{"epoch": 7, "step": 3950, "loss": 0.37239590287208557, "lr": 7.849729687068388e-06}
{"epoch": 7, "step": 4000, "loss": 0.2951086163520813, "lr": 7.836575773121293e-06}
{"epoch": 7, "step": 4050, "loss": 0.16139955818653107, "lr": 7.823421859174198e-06}
{"epoch": 7, "step": 4100, "loss": 0.14538171887397766, "lr": 7.810267945227102e-06}
{"epoch": 7, "step": 4150, "loss": 0.25688421726226807, "lr": 7.797114031280007e-06}
{"epoch": 7, "step": 4200, "loss": 0.14377325773239136, "lr": 7.783960117332912e-06}
{"epoch": 7, "step": 4250, "loss": 0.3485535681247711, "lr": 7.770806203385818e-06}
{"epoch": 7, "step": 4300, "loss": 0.35409247875213623, "lr": 7.757652289438723e-06}
{"epoch": 7, "step": 4350, "loss": 0.20159877836704254, "lr": 7.744498375491628e-06}
{"epoch": 7, "step": 4400, "loss": 0.23713119328022003, "lr": 7.731344461544533e-06}
{"epoch": 7, "step": 4450, "loss": 0.42203807830810547, "lr": 7.718190547597438e-06}
{"epoch": 7, "step": 4500, "loss": 0.47583305835723877, "lr": 7.705036633650344e-06}
{"epoch": 7, "step": 4550, "loss": 0.4124460220336914, "lr": 7.691882719703249e-06}
{"epoch": 7, "step": 4600, "loss": 0.3811191916465759, "lr": 7.678728805756154e-06}
{"epoch": 7, "step": 4650, "loss": 0.26654988527297974, "lr": 7.66557489180906e-06}
{"epoch": 7, "step": 4700, "loss": 0.14046336710453033, "lr": 7.652420977861963e-06}
{"epoch": 7, "step": 4750, "loss": 0.41483473777770996, "lr": 7.639267063914868e-06}
{"epoch": 7, "step": 4800, "loss": 0.46103090047836304, "lr": 7.626113149967773e-06}
{"epoch": 7, "step": 4850, "loss": 0.29889822006225586, "lr": 7.612959236020678e-06}
{"epoch": 7, "step": 4900, "loss": 0.3021587133407593, "lr": 7.5998053220735835e-06}
{"epoch": 7, "step": 4950, "loss": 0.3980845510959625, "lr": 7.586651408126489e-06}
{"epoch": 7, "step": 5000, "loss": 0.4466788172721863, "lr": 7.573497494179394e-06}
{"epoch": 7, "step": 5050, "loss": 0.26171451807022095, "lr": 7.560343580232299e-06}
{"epoch": 7, "step": 5100, "loss": 0.42455944418907166, "lr": 7.547189666285204e-06}
{"epoch": 7, "step": 5150, "loss": 0.3540544807910919, "lr": 7.534035752338109e-06}
{"epoch": 7, "step": 5200, "loss": 0.113069087266922, "lr": 7.520881838391014e-06}
{"epoch": 7, "step": 5250, "loss": 0.5101979374885559, "lr": 7.507727924443919e-06}
{"epoch": 7, "step": 5300, "loss": 0.26538532972335815, "lr": 7.4945740104968235e-06}
{"epoch": 7, "step": 5350, "loss": 0.2092779129743576, "lr": 7.481420096549729e-06}
{"epoch": 7, "step": 5400, "loss": 0.16086524724960327, "lr": 7.468266182602634e-06}
{"epoch": 7, "step": 5450, "loss": 0.18505164980888367, "lr": 7.455112268655539e-06}
{"epoch": 7, "step": 5500, "loss": 0.2814798951148987, "lr": 7.441958354708444e-06}
{"epoch": 7, "step": 5550, "loss": 0.3049997091293335, "lr": 7.428804440761349e-06}
{"epoch": 7, "step": 5600, "loss": 0.4098605811595917, "lr": 7.415650526814254e-06}
{"epoch": 7, "step": 5650, "loss": 0.2973628640174866, "lr": 7.402496612867159e-06}
{"epoch": 7, "step": 5700, "loss": 0.41162359714508057, "lr": 7.389342698920064e-06}
{"epoch": 7, "step": 5750, "loss": 0.798244297504425, "lr": 7.3761887849729696e-06}
{"epoch": 7, "step": 5800, "loss": 0.1412227898836136, "lr": 7.363034871025875e-06}
{"epoch": 7, "step": 5850, "loss": 0.4312886893749237, "lr": 7.34988095707878e-06}
{"epoch": 7, "step": 5900, "loss": 0.4215978682041168, "lr": 7.336727043131684e-06}
{"epoch": 7, "step": 5950, "loss": 0.289821982383728, "lr": 7.323573129184589e-06}
{"epoch": 7, "step": 6000, "loss": 0.4082562327384949, "lr": 7.310419215237494e-06}
{"epoch": 7, "step": 6050, "loss": 0.5452337861061096, "lr": 7.297265301290399e-06}
{"epoch": 7, "step": 6100, "loss": 0.23122763633728027, "lr": 7.284111387343304e-06}
{"epoch": 7, "step": 6150, "loss": 0.31474611163139343, "lr": 7.2709574733962095e-06}
{"epoch": 7, "step": 6200, "loss": 0.5756165981292725, "lr": 7.257803559449115e-06}
{"epoch": 7, "step": 6250, "loss": 0.07426325231790543, "lr": 7.24464964550202e-06}
{"epoch": 7, "step": 6300, "loss": 0.11559951305389404, "lr": 7.231495731554925e-06}
{"epoch": 7, "step": 6350, "loss": 0.21767328679561615, "lr": 7.21834181760783e-06}
{"epoch": 7, "step": 6400, "loss": 0.16875365376472473, "lr": 7.205187903660736e-06}
{"epoch": 7, "step": 6450, "loss": 0.18733593821525574, "lr": 7.192033989713641e-06}
{"epoch": 7, "step": 6500, "loss": 0.6519082188606262, "lr": 7.178880075766544e-06}
{"epoch": 7, "step": 6550, "loss": 0.45266541838645935, "lr": 7.1657261618194495e-06}
{"epoch": 7, "step": 6600, "loss": 0.4415648281574249, "lr": 7.152572247872355e-06}
{"epoch": 7, "step": 6650, "loss": 0.3826490342617035, "lr": 7.13941833392526e-06}
{"epoch": 7, "step": 6700, "loss": 0.3849448561668396, "lr": 7.126264419978165e-06}
{"epoch": 7, "step": 6750, "loss": 0.26018211245536804, "lr": 7.11311050603107e-06}
{"epoch": 7, "step": 6800, "loss": 0.6017588376998901, "lr": 7.0999565920839756e-06}
{"epoch": 7, "step": 6850, "loss": 0.24646249413490295, "lr": 7.086802678136881e-06}
{"epoch": 7, "step": 6900, "loss": 0.3049912750720978, "lr": 7.073648764189785e-06}
{"epoch": 7, "step": 6950, "loss": 0.5861487984657288, "lr": 7.06049485024269e-06}
{"epoch": 7, "step": 7000, "loss": 0.2882395386695862, "lr": 7.0473409362955956e-06}
{"epoch": 7, "step": 7050, "loss": 0.6367002725601196, "lr": 7.034187022348501e-06}
{"epoch": 7, "step": 7100, "loss": 0.18283487856388092, "lr": 7.021033108401405e-06}
{"epoch": 7, "step": 7150, "loss": 0.292865127325058, "lr": 7.00787919445431e-06}
{"epoch": 7, "step": 7200, "loss": 0.5154141187667847, "lr": 6.9947252805072155e-06}
{"epoch": 7, "step": 7250, "loss": 0.4110064208507538, "lr": 6.981571366560121e-06}
{"epoch": 7, "step": 7300, "loss": 0.261638879776001, "lr": 6.968417452613025e-06}
{"epoch": 7, "step": 7350, "loss": 0.20068998634815216, "lr": 6.95526353866593e-06}
{"epoch": 7, "step": 7400, "loss": 0.3707028031349182, "lr": 6.9421096247188355e-06}
{"epoch": 7, "step": 7450, "loss": 0.39142531156539917, "lr": 6.928955710771741e-06}
{"epoch": 7, "step": 7500, "loss": 0.44894105195999146, "lr": 6.915801796824646e-06}
{"epoch": 7, "step": 7550, "loss": 0.5484567880630493, "lr": 6.902647882877551e-06}
{"epoch": 7, "step": 7600, "loss": 0.5227900743484497, "lr": 6.889493968930456e-06}
{"epoch": 7, "step": 7650, "loss": 0.4483299255371094, "lr": 6.876340054983361e-06}
{"epoch": 7, "step": 7700, "loss": 0.4956284463405609, "lr": 6.863186141036265e-06}
{"epoch": 7, "step": 7750, "loss": 0.39651715755462646, "lr": 6.85003222708917e-06}
{"epoch": 7, "step": 7800, "loss": 0.27791211009025574, "lr": 6.8368783131420755e-06}
{"epoch": 7, "step": 7850, "loss": 0.08761724829673767, "lr": 6.823724399194981e-06}
{"epoch": 7, "step": 7900, "loss": 0.2124142050743103, "lr": 6.810570485247886e-06}
{"epoch": 7, "step": 7950, "loss": 0.253878116607666, "lr": 6.797416571300791e-06}
{"epoch": 7, "step": 8000, "loss": 0.27775055170059204, "lr": 6.784262657353696e-06}
{"epoch": 7, "step": 8050, "loss": 0.288163959980011, "lr": 6.7711087434066016e-06}
{"epoch": 7, "step": 8100, "loss": 0.4281635284423828, "lr": 6.757954829459507e-06}
{"epoch": 7, "step": 8150, "loss": 0.4754740297794342, "lr": 6.744800915512412e-06}
{"epoch": 7, "step": 8200, "loss": 0.2956937849521637, "lr": 6.731647001565317e-06}
{"epoch": 7, "step": 8250, "loss": 0.715788722038269, "lr": 6.718493087618221e-06}
{"epoch": 7, "step": 8300, "loss": 0.39890220761299133, "lr": 6.705339173671126e-06}
{"epoch": 7, "step": 8350, "loss": 0.35968121886253357, "lr": 6.692185259724031e-06}
{"epoch": 7, "step": 8400, "loss": 0.2746216654777527, "lr": 6.679031345776936e-06}
{"epoch": 7, "weighted_f1": 0.5777035164270998, "checkpoint": "/home/rishank/Projects/major project/Test/results/checkpoints/dnabert2_splitb_seed1/epoch_07.pt"}
{"epoch": 8, "step": 1, "loss": 0.27439820766448975, "lr": 6.666403588387725e-06}
{"epoch": 8, "step": 50, "loss": 0.2705003321170807, "lr": 6.653512752719572e-06}
{"epoch": 8, "step": 100, "loss": 0.1625852882862091, "lr": 6.640358838772477e-06}
{"epoch": 8, "step": 150, "loss": 0.2801136076450348, "lr": 6.627204924825382e-06}
{"epoch": 8, "step": 200, "loss": 0.3106611669063568, "lr": 6.6140510108782875e-06}
{"epoch": 8, "step": 250, "loss": 0.2770881950855255, "lr": 6.600897096931193e-06}
{"epoch": 8, "step": 300, "loss": 0.23587539792060852, "lr": 6.587743182984098e-06}
{"epoch": 8, "step": 350, "loss": 0.2309524118900299, "lr": 6.574589269037003e-06}
{"epoch": 8, "step": 400, "loss": 0.37279394268989563, "lr": 6.561435355089908e-06}
{"epoch": 8, "step": 450, "loss": 0.10382558405399323, "lr": 6.548281441142813e-06}
{"epoch": 8, "step": 500, "loss": 0.46095260977745056, "lr": 6.535127527195717e-06}
{"epoch": 8, "step": 550, "loss": 0.10225275158882141, "lr": 6.521973613248622e-06}
{"epoch": 8, "step": 600, "loss": 0.4824987053871155, "lr": 6.5088196993015275e-06}
{"epoch": 8, "step": 650, "loss": 0.21547746658325195, "lr": 6.495665785354433e-06}
{"epoch": 8, "step": 700, "loss": 0.2775143086910248, "lr": 6.482511871407338e-06}
{"epoch": 8, "step": 750, "loss": 0.24256978929042816, "lr": 6.469357957460243e-06}
{"epoch": 8, "step": 800, "loss": 0.24949239194393158, "lr": 6.456204043513148e-06}
{"epoch": 8, "step": 850, "loss": 0.12820862233638763, "lr": 6.443050129566053e-06}
{"epoch": 8, "step": 900, "loss": 0.2653523087501526, "lr": 6.429896215618958e-06}
{"epoch": 8, "step": 950, "loss": 0.2899024188518524, "lr": 6.416742301671863e-06}
{"epoch": 8, "step": 1000, "loss": 0.2004544734954834, "lr": 6.403588387724768e-06}
{"epoch": 8, "step": 1050, "loss": 0.21600639820098877, "lr": 6.3904344737776735e-06}
{"epoch": 8, "step": 1100, "loss": 0.4179604947566986, "lr": 6.377280559830578e-06}
{"epoch": 8, "step": 1150, "loss": 0.36391767859458923, "lr": 6.364126645883483e-06}
{"epoch": 8, "step": 1200, "loss": 0.46209099888801575, "lr": 6.350972731936388e-06}
{"epoch": 8, "step": 1250, "loss": 0.5569180846214294, "lr": 6.337818817989293e-06}
{"epoch": 8, "step": 1300, "loss": 0.24071533977985382, "lr": 6.324664904042198e-06}
{"epoch": 8, "step": 1350, "loss": 0.24304726719856262, "lr": 6.311510990095103e-06}
{"epoch": 8, "step": 1400, "loss": 0.404989629983902, "lr": 6.298357076148008e-06}
{"epoch": 8, "step": 1450, "loss": 0.5555469393730164, "lr": 6.2852031622009135e-06}
{"epoch": 8, "step": 1500, "loss": 0.6630973219871521, "lr": 6.272049248253819e-06}
{"epoch": 8, "step": 1550, "loss": 0.2668343186378479, "lr": 6.258895334306724e-06}
{"epoch": 8, "step": 1600, "loss": 0.4444056749343872, "lr": 6.245741420359629e-06}
{"epoch": 8, "step": 1650, "loss": 0.32360026240348816, "lr": 6.232587506412534e-06}
{"epoch": 8, "step": 1700, "loss": 0.39427587389945984, "lr": 6.219433592465438e-06}
{"epoch": 8, "step": 1750, "loss": 0.2373039722442627, "lr": 6.206279678518343e-06}
{"epoch": 8, "step": 1800, "loss": 0.2335113137960434, "lr": 6.193125764571248e-06}
{"epoch": 8, "step": 1850, "loss": 0.5821561217308044, "lr": 6.1799718506241535e-06}
{"epoch": 8, "step": 1900, "loss": 0.4433270990848541, "lr": 6.166817936677059e-06}
{"epoch": 8, "step": 1950, "loss": 0.34438472986221313, "lr": 6.153664022729964e-06}
{"epoch": 8, "step": 2000, "loss": 0.3670738935470581, "lr": 6.140510108782869e-06}
{"epoch": 8, "step": 2050, "loss": 0.3215812146663666, "lr": 6.127356194835774e-06}
{"epoch": 8, "step": 2100, "loss": 0.32467588782310486, "lr": 6.1142022808886795e-06}
{"epoch": 8, "step": 2150, "loss": 0.292284220457077, "lr": 6.101048366941585e-06}
{"epoch": 8, "step": 2200, "loss": 0.3380347490310669, "lr": 6.087894452994489e-06}
{"epoch": 8, "step": 2250, "loss": 0.44348567724227905, "lr": 6.074740539047394e-06}
{"epoch": 8, "step": 2300, "loss": 0.2608099579811096, "lr": 6.061586625100299e-06}
{"epoch": 8, "step": 2350, "loss": 0.31491705775260925, "lr": 6.048432711153204e-06}
{"epoch": 8, "step": 2400, "loss": 0.3471262454986572, "lr": 6.035278797206109e-06}
{"epoch": 8, "step": 2450, "loss": 0.4241466820240021, "lr": 6.022124883259014e-06}
{"epoch": 8, "step": 2500, "loss": 0.6675044298171997, "lr": 6.0089709693119195e-06}
{"epoch": 8, "step": 2550, "loss": 0.2885037064552307, "lr": 5.995817055364825e-06}
{"epoch": 8, "step": 2600, "loss": 0.3511044979095459, "lr": 5.982663141417729e-06}
{"epoch": 8, "step": 2650, "loss": 0.7130579352378845, "lr": 5.969509227470634e-06}
{"epoch": 8, "step": 2700, "loss": 0.17642666399478912, "lr": 5.9563553135235395e-06}
{"epoch": 8, "step": 2750, "loss": 0.4010666608810425, "lr": 5.943201399576445e-06}
{"epoch": 8, "step": 2800, "loss": 0.12544973194599152, "lr": 5.93004748562935e-06}
{"epoch": 8, "step": 2850, "loss": 0.11075083911418915, "lr": 5.916893571682255e-06}
{"epoch": 8, "step": 2900, "loss": 0.3899717628955841, "lr": 5.9037396577351595e-06}
{"epoch": 8, "step": 2950, "loss": 0.3282892405986786, "lr": 5.890585743788065e-06}
{"epoch": 8, "step": 3000, "loss": 0.4513578414916992, "lr": 5.877431829840969e-06}
{"epoch": 8, "step": 3050, "loss": 0.5317721962928772, "lr": 5.864277915893874e-06}
{"epoch": 8, "step": 3100, "loss": 0.42154449224472046, "lr": 5.8511240019467794e-06}
{"epoch": 8, "step": 3150, "loss": 0.2000272274017334, "lr": 5.837970087999685e-06}
{"epoch": 8, "step": 3200, "loss": 0.5087735652923584, "lr": 5.82481617405259e-06}
{"epoch": 8, "step": 3250, "loss": 0.38207143545150757, "lr": 5.811662260105495e-06}
{"epoch": 8, "step": 3300, "loss": 0.3837919235229492, "lr": 5.7985083461584e-06}
{"epoch": 8, "step": 3350, "loss": 0.18648962676525116, "lr": 5.7853544322113055e-06}
{"epoch": 8, "step": 3400, "loss": 0.6167954206466675, "lr": 5.772200518264211e-06}
{"epoch": 8, "step": 3450, "loss": 0.18997174501419067, "lr": 5.759046604317114e-06}
{"epoch": 8, "step": 3500, "loss": 0.15557469427585602, "lr": 5.7458926903700194e-06}
{"epoch": 8, "step": 3550, "loss": 0.19843555986881256, "lr": 5.732738776422925e-06}
{"epoch": 8, "step": 3600, "loss": 0.334745854139328, "lr": 5.71958486247583e-06}
{"epoch": 8, "step": 3650, "loss": 0.2850218713283539, "lr": 5.706430948528735e-06}
{"epoch": 8, "step": 3700, "loss": 0.19061022996902466, "lr": 5.69327703458164e-06}
{"epoch": 8, "step": 3750, "loss": 0.3149767220020294, "lr": 5.6801231206345455e-06}
{"epoch": 8, "step": 3800, "loss": 0.12663280963897705, "lr": 5.666969206687451e-06}
{"epoch": 8, "step": 3850, "loss": 0.236598402261734, "lr": 5.653815292740356e-06}
{"epoch": 8, "step": 3900, "loss": 0.4624934196472168, "lr": 5.640661378793261e-06}
{"epoch": 8, "step": 3950, "loss": 0.1515994668006897, "lr": 5.6275074648461655e-06}
{"epoch": 8, "step": 4000, "loss": 0.5471580624580383, "lr": 5.614353550899071e-06}
{"epoch": 8, "step": 4050, "loss": 0.11604911834001541, "lr": 5.601199636951975e-06}
{"epoch": 8, "step": 4100, "loss": 0.40158793330192566, "lr": 5.58804572300488e-06}
{"epoch": 8, "step": 4150, "loss": 0.22342239320278168, "lr": 5.5748918090577855e-06}
{"epoch": 8, "step": 4200, "loss": 0.09410672634840012, "lr": 5.561737895110691e-06}
{"epoch": 8, "step": 4250, "loss": 0.3558511435985565, "lr": 5.548583981163596e-06}
{"epoch": 8, "step": 4300, "loss": 0.10764453560113907, "lr": 5.535430067216501e-06}
{"epoch": 8, "step": 4350, "loss": 0.3520628809928894, "lr": 5.5222761532694054e-06}
{"epoch": 8, "step": 4400, "loss": 0.47354865074157715, "lr": 5.509122239322311e-06}
{"epoch": 8, "step": 4450, "loss": 0.3375338912010193, "lr": 5.495968325375216e-06}
{"epoch": 8, "step": 4500, "loss": 0.23020727932453156, "lr": 5.482814411428121e-06}
{"epoch": 8, "step": 4550, "loss": 0.9119278788566589, "lr": 5.469660497481026e-06}
{"epoch": 8, "step": 4600, "loss": 0.14445723593235016, "lr": 5.4565065835339315e-06}
{"epoch": 8, "step": 4650, "loss": 0.4639260470867157, "lr": 5.443352669586836e-06}
{"epoch": 8, "step": 4700, "loss": 0.15197299420833588, "lr": 5.430198755639741e-06}
{"epoch": 8, "step": 4750, "loss": 0.17314842343330383, "lr": 5.417044841692645e-06}
{"epoch": 8, "step": 4800, "loss": 0.42667466402053833, "lr": 5.403890927745551e-06}
{"epoch": 8, "step": 4850, "loss": 0.4111662209033966, "lr": 5.390737013798456e-06}
{"epoch": 8, "step": 4900, "loss": 0.21131514012813568, "lr": 5.377583099851361e-06}
{"epoch": 8, "step": 4950, "loss": 0.719498872756958, "lr": 5.364429185904266e-06}
{"epoch": 8, "step": 5000, "loss": 0.3998464345932007, "lr": 5.3512752719571715e-06}
{"epoch": 8, "step": 5050, "loss": 0.3884493410587311, "lr": 5.338121358010077e-06}
{"epoch": 8, "step": 5100, "loss": 0.4048804044723511, "lr": 5.324967444062982e-06}
{"epoch": 8, "step": 5150, "loss": 0.42660123109817505, "lr": 5.311813530115887e-06}
{"epoch": 8, "step": 5200, "loss": 0.649081826210022, "lr": 5.298659616168792e-06}
{"epoch": 8, "step": 5250, "loss": 0.20424653589725494, "lr": 5.285505702221696e-06}
{"epoch": 8, "step": 5300, "loss": 0.2764677405357361, "lr": 5.272351788274601e-06}
{"epoch": 8, "step": 5350, "loss": 0.3452501893043518, "lr": 5.259197874327506e-06}
{"epoch": 8, "step": 5400, "loss": 0.1801145225763321, "lr": 5.2460439603804114e-06}
{"epoch": 8, "step": 5450, "loss": 0.23474492132663727, "lr": 5.232890046433317e-06}
{"epoch": 8, "step": 5500, "loss": 0.543609082698822, "lr": 5.219736132486222e-06}
{"epoch": 8, "step": 5550, "loss": 0.2948627471923828, "lr": 5.206582218539127e-06}
{"epoch": 8, "step": 5600, "loss": 0.29453131556510925, "lr": 5.193428304592032e-06}
{"epoch": 8, "step": 5650, "loss": 0.19301655888557434, "lr": 5.1802743906449375e-06}
{"epoch": 8, "step": 5700, "loss": 0.24911025166511536, "lr": 5.167120476697842e-06}
{"epoch": 8, "step": 5750, "loss": 0.2904515564441681, "lr": 5.153966562750747e-06}
{"epoch": 8, "step": 5800, "loss": 0.10459746420383453, "lr": 5.140812648803652e-06}
{"epoch": 8, "step": 5850, "loss": 0.20553606748580933, "lr": 5.127658734856557e-06}
{"epoch": 8, "step": 5900, "loss": 0.37839260697364807, "lr": 5.114504820909462e-06}
{"epoch": 8, "step": 5950, "loss": 0.25793927907943726, "lr": 5.101350906962367e-06}
{"epoch": 8, "step": 6000, "loss": 0.5773830413818359, "lr": 5.088196993015272e-06}
{"epoch": 8, "step": 6050, "loss": 0.2539375424385071, "lr": 5.0750430790681775e-06}
{"epoch": 8, "step": 6100, "loss": 0.3162281811237335, "lr": 5.061889165121082e-06}
{"epoch": 8, "step": 6150, "loss": 0.480838418006897, "lr": 5.048735251173987e-06}
{"epoch": 8, "step": 6200, "loss": 0.28301212191581726, "lr": 5.035581337226892e-06}
{"epoch": 8, "step": 6250, "loss": 0.19777995347976685, "lr": 5.0224274232797975e-06}
{"epoch": 8, "step": 6300, "loss": 0.4487738609313965, "lr": 5.009273509332703e-06}
{"epoch": 8, "step": 6350, "loss": 0.13927975296974182, "lr": 4.996119595385607e-06}
{"epoch": 8, "step": 6400, "loss": 0.3915705978870392, "lr": 4.982965681438512e-06}
{"epoch": 8, "step": 6450, "loss": 0.23965683579444885, "lr": 4.9698117674914174e-06}
{"epoch": 8, "step": 6500, "loss": 0.4455674886703491, "lr": 4.956657853544323e-06}
{"epoch": 8, "step": 6550, "loss": 0.2592531442642212, "lr": 4.943503939597227e-06}
{"epoch": 8, "step": 6600, "loss": 0.23236125707626343, "lr": 4.930350025650132e-06}
{"epoch": 8, "step": 6650, "loss": 0.5534568428993225, "lr": 4.9171961117030374e-06}
{"epoch": 8, "step": 6700, "loss": 0.2790800631046295, "lr": 4.904042197755943e-06}
{"epoch": 8, "step": 6750, "loss": 0.4488365650177002, "lr": 4.890888283808848e-06}
{"epoch": 8, "step": 6800, "loss": 0.10818350315093994, "lr": 4.877734369861753e-06}
{"epoch": 8, "step": 6850, "loss": 0.1515597701072693, "lr": 4.8645804559146574e-06}
{"epoch": 8, "step": 6900, "loss": 0.3238814175128937, "lr": 4.851426541967563e-06}
{"epoch": 8, "step": 6950, "loss": 0.3064426779747009, "lr": 4.838272628020468e-06}
{"epoch": 8, "step": 7000, "loss": 0.49997076392173767, "lr": 4.825118714073373e-06}
{"epoch": 8, "step": 7050, "loss": 0.4415365159511566, "lr": 4.811964800126278e-06}
{"epoch": 8, "step": 7100, "loss": 0.37630385160446167, "lr": 4.7988108861791835e-06}
{"epoch": 8, "step": 7150, "loss": 0.2008318305015564, "lr": 4.785656972232088e-06}
{"epoch": 8, "step": 7200, "loss": 0.1558855175971985, "lr": 4.772503058284993e-06}
{"epoch": 8, "step": 7250, "loss": 0.29669731855392456, "lr": 4.759349144337898e-06}
{"epoch": 8, "step": 7300, "loss": 0.13123178482055664, "lr": 4.7461952303908035e-06}
{"epoch": 8, "step": 7350, "loss": 0.32708099484443665, "lr": 4.733041316443709e-06}
{"epoch": 8, "step": 7400, "loss": 0.4087652266025543, "lr": 4.719887402496614e-06}
{"epoch": 8, "step": 7450, "loss": 0.35223960876464844, "lr": 4.706733488549518e-06}
{"epoch": 8, "step": 7500, "loss": 0.3784775733947754, "lr": 4.6935795746024235e-06}
{"epoch": 8, "step": 7550, "loss": 0.30166858434677124, "lr": 4.680425660655329e-06}
{"epoch": 8, "step": 7600, "loss": 0.3329359292984009, "lr": 4.667271746708234e-06}
{"epoch": 8, "step": 7650, "loss": 0.46099400520324707, "lr": 4.654117832761138e-06}
{"epoch": 8, "step": 7700, "loss": 0.24444244801998138, "lr": 4.6409639188140434e-06}
{"epoch": 8, "step": 7750, "loss": 0.6557056307792664, "lr": 4.627810004866949e-06}
{"epoch": 8, "step": 7800, "loss": 0.45923668146133423, "lr": 4.614656090919854e-06}
{"epoch": 8, "step": 7850, "loss": 0.19392797350883484, "lr": 4.601502176972758e-06}
{"epoch": 8, "step": 7900, "loss": 0.5973670482635498, "lr": 4.5883482630256634e-06}
{"epoch": 8, "step": 7950, "loss": 0.0729338526725769, "lr": 4.575194349078569e-06}
{"epoch": 8, "step": 8000, "loss": 0.16315966844558716, "lr": 4.562040435131474e-06}
{"epoch": 8, "step": 8050, "loss": 0.42194056510925293, "lr": 4.548886521184378e-06}
{"epoch": 8, "step": 8100, "loss": 0.38381320238113403, "lr": 4.535732607237283e-06}
{"epoch": 8, "step": 8150, "loss": 0.40519973635673523, "lr": 4.522578693290189e-06}
{"epoch": 8, "step": 8200, "loss": 0.23186859488487244, "lr": 4.509424779343094e-06}
{"epoch": 8, "step": 8250, "loss": 0.4549635946750641, "lr": 4.496270865395999e-06}
{"epoch": 8, "step": 8300, "loss": 0.5266990661621094, "lr": 4.483116951448904e-06}
{"epoch": 8, "step": 8350, "loss": 0.49844029545783997, "lr": 4.469963037501809e-06}
{"epoch": 8, "step": 8400, "loss": 0.5429542660713196, "lr": 4.456809123554714e-06}
{"epoch": 8, "weighted_f1": 0.5796651722153242, "checkpoint": "/home/rishank/Projects/major project/Test/results/checkpoints/dnabert2_splitb_seed1/epoch_08.pt"}
{"epoch": 9, "step": 1, "loss": 0.092671699821949, "lr": 4.444181366165503e-06}
{"epoch": 9, "step": 50, "loss": 0.23869413137435913, "lr": 4.431290530497349e-06}
{"epoch": 9, "step": 100, "loss": 0.09485755115747452, "lr": 4.4181366165502546e-06}
{"epoch": 9, "step": 150, "loss": 0.3167095482349396, "lr": 4.40498270260316e-06}
{"epoch": 9, "step": 200, "loss": 0.2961183786392212, "lr": 4.391828788656065e-06}
{"epoch": 9, "step": 250, "loss": 0.14396581053733826, "lr": 4.37867487470897e-06}
{"epoch": 9, "step": 300, "loss": 0.5423340201377869, "lr": 4.3655209607618746e-06}
{"epoch": 9, "step": 350, "loss": 0.3589732050895691, "lr": 4.35236704681478e-06}
{"epoch": 9, "step": 400, "loss": 0.4310922920703888, "lr": 4.339213132867685e-06}
{"epoch": 9, "step": 450, "loss": 0.2128722071647644, "lr": 4.32605921892059e-06}
{"epoch": 9, "step": 500, "loss": 0.18356838822364807, "lr": 4.312905304973495e-06}
{"epoch": 9, "step": 550, "loss": 0.31059733033180237, "lr": 4.299751391026401e-06}
{"epoch": 9, "step": 600, "loss": 0.2656433582305908, "lr": 4.286597477079305e-06}
{"epoch": 9, "step": 650, "loss": 0.17328371107578278, "lr": 4.27344356313221e-06}
{"epoch": 9, "step": 700, "loss": 0.3688393533229828, "lr": 4.260289649185115e-06}
{"epoch": 9, "step": 750, "loss": 0.23220191895961761, "lr": 4.247135735238021e-06}
{"epoch": 9, "step": 800, "loss": 0.3688918650150299, "lr": 4.233981821290926e-06}
{"epoch": 9, "step": 850, "loss": 0.21045918762683868, "lr": 4.220827907343831e-06}
{"epoch": 9, "step": 900, "loss": 0.0695086270570755, "lr": 4.207673993396735e-06}
{"epoch": 9, "step": 950, "loss": 0.21796321868896484, "lr": 4.194520079449641e-06}
{"epoch": 9, "step": 1000, "loss": 0.49790292978286743, "lr": 4.181366165502546e-06}
{"epoch": 9, "step": 1050, "loss": 0.22197291254997253, "lr": 4.168212251555451e-06}
{"epoch": 9, "step": 1100, "loss": 0.7015424370765686, "lr": 4.155058337608356e-06}
{"epoch": 9, "step": 1150, "loss": 0.5544915199279785, "lr": 4.141904423661261e-06}
{"epoch": 9, "step": 1200, "loss": 0.41350308060646057, "lr": 4.128750509714166e-06}
{"epoch": 9, "step": 1250, "loss": 0.17639122903347015, "lr": 4.115596595767071e-06}
{"epoch": 9, "step": 1300, "loss": 0.17005616426467896, "lr": 4.102442681819976e-06}
{"epoch": 9, "step": 1350, "loss": 0.28649070858955383, "lr": 4.0892887678728806e-06}
{"epoch": 9, "step": 1400, "loss": 0.22307135164737701, "lr": 4.076134853925786e-06}
{"epoch": 9, "step": 1450, "loss": 0.19945409893989563, "lr": 4.062980939978691e-06}
{"epoch": 9, "step": 1500, "loss": 0.13397985696792603, "lr": 4.049827026031596e-06}
{"epoch": 9, "step": 1550, "loss": 0.24480167031288147, "lr": 4.0366731120845005e-06}
{"epoch": 9, "step": 1600, "loss": 0.5089507102966309, "lr": 4.023519198137406e-06}
{"epoch": 9, "step": 1650, "loss": 0.4221973121166229, "lr": 4.010365284190311e-06}
{"epoch": 9, "step": 1700, "loss": 0.06597933918237686, "lr": 3.997211370243216e-06}
{"epoch": 9, "step": 1750, "loss": 0.3158041834831238, "lr": 3.984057456296121e-06}
{"epoch": 9, "step": 1800, "loss": 0.16605475544929504, "lr": 3.970903542349026e-06}
{"epoch": 9, "step": 1850, "loss": 0.20096810162067413, "lr": 3.957749628401931e-06}
{"epoch": 9, "step": 1900, "loss": 0.4141171872615814, "lr": 3.944595714454836e-06}
{"epoch": 9, "step": 1950, "loss": 0.19356927275657654, "lr": 3.931441800507741e-06}
{"epoch": 9, "step": 2000, "loss": 0.3322416841983795, "lr": 3.918287886560647e-06}
{"epoch": 9, "step": 2050, "loss": 0.24932308495044708, "lr": 3.905133972613551e-06}
{"epoch": 9, "step": 2100, "loss": 0.1547979861497879, "lr": 3.891980058666456e-06}
{"epoch": 9, "step": 2150, "loss": 0.35381120443344116, "lr": 3.878826144719361e-06}
{"epoch": 9, "step": 2200, "loss": 0.243554949760437, "lr": 3.8656722307722666e-06}
{"epoch": 9, "step": 2250, "loss": 0.09080594033002853, "lr": 3.852518316825172e-06}
{"epoch": 9, "step": 2300, "loss": 0.24222014844417572, "lr": 3.839364402878077e-06}
{"epoch": 9, "step": 2350, "loss": 0.22805045545101166, "lr": 3.826210488930981e-06}
{"epoch": 9, "step": 2400, "loss": 0.12705408036708832, "lr": 3.8130565749838866e-06}
{"epoch": 9, "step": 2450, "loss": 0.5949658155441284, "lr": 3.7999026610367918e-06}
{"epoch": 9, "step": 2500, "loss": 0.3740539252758026, "lr": 3.786748747089697e-06}
{"epoch": 9, "step": 2550, "loss": 0.29791519045829773, "lr": 3.773594833142602e-06}
{"epoch": 9, "step": 2600, "loss": 0.4127812385559082, "lr": 3.760440919195507e-06}
{"epoch": 9, "step": 2650, "loss": 0.3708956241607666, "lr": 3.7472870052484118e-06}
{"epoch": 9, "step": 2700, "loss": 0.1809997856616974, "lr": 3.734133091301317e-06}
{"epoch": 9, "step": 2750, "loss": 0.14478538930416107, "lr": 3.720979177354222e-06}
{"epoch": 9, "step": 2800, "loss": 0.05422298237681389, "lr": 3.707825263407127e-06}
{"epoch": 9, "step": 2850, "loss": 0.08100370317697525, "lr": 3.694671349460032e-06}
{"epoch": 9, "step": 2900, "loss": 0.43336227536201477, "lr": 3.6815174355129374e-06}
{"epoch": 9, "step": 2950, "loss": 0.08334838598966599, "lr": 3.668363521565842e-06}
{"epoch": 9, "step": 3000, "loss": 0.4701232612133026, "lr": 3.655209607618747e-06}
{"epoch": 9, "step": 3050, "loss": 0.1489374041557312, "lr": 3.642055693671652e-06}
{"epoch": 9, "step": 3100, "loss": 0.43437010049819946, "lr": 3.6289017797245574e-06}
{"epoch": 9, "step": 3150, "loss": 0.25186723470687866, "lr": 3.6157478657774626e-06}
{"epoch": 9, "step": 3200, "loss": 0.5263729691505432, "lr": 3.602593951830368e-06}
{"epoch": 9, "step": 3250, "loss": 0.38347283005714417, "lr": 3.589440037883272e-06}
{"epoch": 9, "step": 3300, "loss": 0.2672170102596283, "lr": 3.5762861239361774e-06}
{"epoch": 9, "step": 3350, "loss": 0.08491931110620499, "lr": 3.5631322099890826e-06}
{"epoch": 9, "step": 3400, "loss": 0.380581259727478, "lr": 3.5499782960419878e-06}
{"epoch": 9, "step": 3450, "loss": 0.28574138879776, "lr": 3.5368243820948926e-06}
{"epoch": 9, "step": 3500, "loss": 0.2978093922138214, "lr": 3.5236704681477978e-06}
{"epoch": 9, "step": 3550, "loss": 0.21207742393016815, "lr": 3.5105165542007026e-06}
{"epoch": 9, "step": 3600, "loss": 0.359155535697937, "lr": 3.4973626402536078e-06}
{"epoch": 9, "step": 3650, "loss": 0.4690777063369751, "lr": 3.4842087263065126e-06}
{"epoch": 9, "step": 3700, "loss": 0.12554024159908295, "lr": 3.4710548123594178e-06}
{"epoch": 9, "step": 3750, "loss": 0.3826175630092621, "lr": 3.457900898412323e-06}
{"epoch": 9, "step": 3800, "loss": 0.23263446986675262, "lr": 3.444746984465228e-06}
{"epoch": 9, "step": 3850, "loss": 0.14787830412387848, "lr": 3.4315930705181325e-06}
{"epoch": 9, "step": 3900, "loss": 0.35780081152915955, "lr": 3.4184391565710378e-06}
{"epoch": 9, "step": 3950, "loss": 0.3066251277923584, "lr": 3.405285242623943e-06}
{"epoch": 9, "step": 4000, "loss": 0.11118730157613754, "lr": 3.392131328676848e-06}
{"epoch": 9, "step": 4050, "loss": 0.5452696681022644, "lr": 3.3789774147297534e-06}
{"epoch": 9, "step": 4100, "loss": 0.2688758075237274, "lr": 3.3658235007826586e-06}
{"epoch": 9, "step": 4150, "loss": 0.6440741419792175, "lr": 3.352669586835563e-06}
{"epoch": 9, "step": 4200, "loss": 0.310993492603302, "lr": 3.339515672888468e-06}
{"epoch": 9, "step": 4250, "loss": 0.36973944306373596, "lr": 3.3263617589413734e-06}
{"epoch": 9, "step": 4300, "loss": 0.09363967925310135, "lr": 3.3132078449942786e-06}
{"epoch": 9, "step": 4350, "loss": 0.3183664083480835, "lr": 3.3000539310471834e-06}
{"epoch": 9, "step": 4400, "loss": 0.504309892654419, "lr": 3.2869000171000886e-06}
{"epoch": 9, "step": 4450, "loss": 0.4326522946357727, "lr": 3.2737461031529934e-06}
{"epoch": 9, "step": 4500, "loss": 0.4336346387863159, "lr": 3.2605921892058986e-06}
{"epoch": 9, "step": 4550, "loss": 0.1225041002035141, "lr": 3.2474382752588034e-06}
{"epoch": 9, "step": 4600, "loss": 0.5992233753204346, "lr": 3.2342843613117086e-06}
{"epoch": 9, "step": 4650, "loss": 0.32809141278266907, "lr": 3.2211304473646138e-06}
{"epoch": 9, "step": 4700, "loss": 0.25158852338790894, "lr": 3.207976533417519e-06}
{"epoch": 9, "step": 4750, "loss": 0.36038026213645935, "lr": 3.1948226194704233e-06}
{"epoch": 9, "step": 4800, "loss": 0.08406739681959152, "lr": 3.1816687055233286e-06}
{"epoch": 9, "step": 4850, "loss": 0.1308138221502304, "lr": 3.1685147915762338e-06}
{"epoch": 9, "step": 4900, "loss": 0.3489789664745331, "lr": 3.155360877629139e-06}
{"epoch": 9, "step": 4950, "loss": 0.34937915205955505, "lr": 3.142206963682044e-06}
{"epoch": 9, "step": 5000, "loss": 0.06253297626972198, "lr": 3.129053049734949e-06}
{"epoch": 9, "step": 5050, "loss": 0.354514479637146, "lr": 3.1158991357878538e-06}
{"epoch": 9, "step": 5100, "loss": 0.32861003279685974, "lr": 3.102745221840759e-06}
{"epoch": 9, "step": 5150, "loss": 0.4199801981449127, "lr": 3.089591307893664e-06}
{"epoch": 9, "step": 5200, "loss": 0.39720678329467773, "lr": 3.076437393946569e-06}
{"epoch": 9, "step": 5250, "loss": 0.49952763319015503, "lr": 3.063283479999474e-06}
{"epoch": 9, "step": 5300, "loss": 0.08816200494766235, "lr": 3.050129566052379e-06}
{"epoch": 9, "step": 5350, "loss": 0.22417108714580536, "lr": 3.036975652105284e-06}
{"epoch": 9, "step": 5400, "loss": 0.4518841505050659, "lr": 3.023821738158189e-06}
{"epoch": 9, "step": 5450, "loss": 0.2462843358516693, "lr": 3.010667824211094e-06}
{"epoch": 9, "step": 5500, "loss": 0.09426948428153992, "lr": 2.9975139102639994e-06}
{"epoch": 9, "step": 5550, "loss": 0.18619902431964874, "lr": 2.9843599963169046e-06}
{"epoch": 9, "step": 5600, "loss": 0.1993313580751419, "lr": 2.971206082369809e-06}
{"epoch": 9, "step": 5650, "loss": 0.0794968530535698, "lr": 2.958052168422714e-06}
{"epoch": 9, "step": 5700, "loss": 0.10513823479413986, "lr": 2.9448982544756194e-06}
{"epoch": 9, "step": 5750, "loss": 0.15331529080867767, "lr": 2.9317443405285246e-06}
{"epoch": 9, "step": 5800, "loss": 0.360354483127594, "lr": 2.9185904265814298e-06}
{"epoch": 9, "step": 5850, "loss": 0.23130837082862854, "lr": 2.905436512634335e-06}
{"epoch": 9, "step": 5900, "loss": 0.14647431671619415, "lr": 2.8922825986872393e-06}
{"epoch": 9, "step": 5950, "loss": 0.4086151123046875, "lr": 2.8791286847401446e-06}
{"epoch": 9, "step": 6000, "loss": 0.20951834321022034, "lr": 2.8659747707930498e-06}
{"epoch": 9, "step": 6050, "loss": 0.29365959763526917, "lr": 2.852820856845955e-06}
{"epoch": 9, "step": 6100, "loss": 0.3715171813964844, "lr": 2.8396669428988598e-06}
{"epoch": 9, "step": 6150, "loss": 0.36914539337158203, "lr": 2.826513028951765e-06}
{"epoch": 9, "step": 6200, "loss": 0.6467030048370361, "lr": 2.8133591150046698e-06}
{"epoch": 9, "step": 6250, "loss": 0.062233295291662216, "lr": 2.800205201057575e-06}
{"epoch": 9, "step": 6300, "loss": 0.20488275587558746, "lr": 2.7870512871104797e-06}
{"epoch": 9, "step": 6350, "loss": 0.32518553733825684, "lr": 2.773897373163385e-06}
{"epoch": 9, "step": 6400, "loss": 0.4859011173248291, "lr": 2.76074345921629e-06}
{"epoch": 9, "step": 6450, "loss": 0.17693378031253815, "lr": 2.7475895452691954e-06}
{"epoch": 9, "step": 6500, "loss": 0.13592541217803955, "lr": 2.7344356313220997e-06}
{"epoch": 9, "step": 6550, "loss": 0.4488071799278259, "lr": 2.721281717375005e-06}
{"epoch": 9, "step": 6600, "loss": 0.2227889597415924, "lr": 2.70812780342791e-06}
{"epoch": 9, "step": 6650, "loss": 0.23743821680545807, "lr": 2.6949738894808154e-06}
{"epoch": 9, "step": 6700, "loss": 0.19708475470542908, "lr": 2.6818199755337206e-06}
{"epoch": 9, "step": 6750, "loss": 0.592014729976654, "lr": 2.6686660615866254e-06}
{"epoch": 9, "step": 6800, "loss": 0.0891316682100296, "lr": 2.65551214763953e-06}
{"epoch": 9, "step": 6850, "loss": 0.40028148889541626, "lr": 2.6423582336924354e-06}
{"epoch": 9, "step": 6900, "loss": 0.46116700768470764, "lr": 2.6292043197453406e-06}
{"epoch": 9, "step": 6950, "loss": 0.19477838277816772, "lr": 2.6160504057982453e-06}
{"epoch": 9, "step": 7000, "loss": 0.5666496157646179, "lr": 2.6028964918511506e-06}
{"epoch": 9, "step": 7050, "loss": 0.3697657585144043, "lr": 2.5897425779040558e-06}
{"epoch": 9, "step": 7100, "loss": 0.42474448680877686, "lr": 2.5765886639569606e-06}
{"epoch": 9, "step": 7150, "loss": 0.59149569272995, "lr": 2.5634347500098653e-06}
{"epoch": 9, "step": 7200, "loss": 0.15666930377483368, "lr": 2.5502808360627705e-06}
{"epoch": 9, "step": 7250, "loss": 0.3221845030784607, "lr": 2.5371269221156758e-06}
{"epoch": 9, "step": 7300, "loss": 0.24334119260311127, "lr": 2.523973008168581e-06}
{"epoch": 9, "step": 7350, "loss": 0.4064919948577881, "lr": 2.510819094221486e-06}
{"epoch": 9, "step": 7400, "loss": 0.19365033507347107, "lr": 2.497665180274391e-06}
{"epoch": 9, "step": 7450, "loss": 0.32771027088165283, "lr": 2.4845112663272957e-06}
{"epoch": 9, "step": 7500, "loss": 0.13898855447769165, "lr": 2.471357352380201e-06}
{"epoch": 9, "step": 7550, "loss": 0.3491494655609131, "lr": 2.458203438433106e-06}
{"epoch": 9, "step": 7600, "loss": 0.16209572553634644, "lr": 2.445049524486011e-06}
{"epoch": 9, "step": 7650, "loss": 0.13200239837169647, "lr": 2.431895610538916e-06}
{"epoch": 9, "step": 7700, "loss": 0.2185138463973999, "lr": 2.4187416965918214e-06}
{"epoch": 9, "step": 7750, "loss": 0.08065836131572723, "lr": 2.405587782644726e-06}
{"epoch": 9, "step": 7800, "loss": 0.1232493668794632, "lr": 2.3924338686976314e-06}
{"epoch": 9, "step": 7850, "loss": 0.3358752131462097, "lr": 2.379279954750536e-06}
{"epoch": 9, "step": 7900, "loss": 0.3706897795200348, "lr": 2.3661260408034414e-06}
{"epoch": 9, "step": 7950, "loss": 0.1305018812417984, "lr": 2.352972126856346e-06}
{"epoch": 9, "step": 8000, "loss": 0.6998212933540344, "lr": 2.3398182129092514e-06}
{"epoch": 9, "step": 8050, "loss": 0.13749542832374573, "lr": 2.326664298962156e-06}
{"epoch": 9, "step": 8100, "loss": 0.31176891922950745, "lr": 2.3135103850150613e-06}
{"epoch": 9, "step": 8150, "loss": 0.13933280110359192, "lr": 2.3003564710679666e-06}
{"epoch": 9, "step": 8200, "loss": 0.2537943124771118, "lr": 2.2872025571208713e-06}
{"epoch": 9, "step": 8250, "loss": 0.3596228361129761, "lr": 2.2740486431737766e-06}
{"epoch": 9, "step": 8300, "loss": 0.16800999641418457, "lr": 2.2608947292266818e-06}
{"epoch": 9, "step": 8350, "loss": 0.3376578092575073, "lr": 2.2477408152795865e-06}
{"epoch": 9, "step": 8400, "loss": 0.2553561329841614, "lr": 2.2345869013324918e-06}
{"epoch": 9, "weighted_f1": 0.577707100223506, "checkpoint": "/home/rishank/Projects/major project/Test/results/checkpoints/dnabert2_splitb_seed1/epoch_09.pt"}
{"epoch": 10, "step": 1, "loss": 0.4200809597969055, "lr": 2.2219591439432807e-06}
{"epoch": 10, "step": 50, "loss": 0.11159589886665344, "lr": 2.2090683082751273e-06}
{"epoch": 10, "step": 100, "loss": 0.3275514543056488, "lr": 2.1959143943280325e-06}
{"epoch": 10, "step": 150, "loss": 0.49232998490333557, "lr": 2.1827604803809373e-06}
{"epoch": 10, "step": 200, "loss": 0.09490666538476944, "lr": 2.1696065664338425e-06}
{"epoch": 10, "step": 250, "loss": 0.3901619017124176, "lr": 2.1564526524867477e-06}
{"epoch": 10, "step": 300, "loss": 0.2949141263961792, "lr": 2.1432987385396525e-06}
{"epoch": 10, "step": 350, "loss": 0.4109121561050415, "lr": 2.1301448245925577e-06}
{"epoch": 10, "step": 400, "loss": 0.42620226740837097, "lr": 2.116990910645463e-06}
{"epoch": 10, "step": 450, "loss": 0.2743077576160431, "lr": 2.1038369966983677e-06}
{"epoch": 10, "step": 500, "loss": 0.23365166783332825, "lr": 2.090683082751273e-06}
{"epoch": 10, "step": 550, "loss": 0.10299009829759598, "lr": 2.077529168804178e-06}
{"epoch": 10, "step": 600, "loss": 0.17599999904632568, "lr": 2.064375254857083e-06}
{"epoch": 10, "step": 650, "loss": 0.2953840494155884, "lr": 2.051221340909988e-06}
{"epoch": 10, "step": 700, "loss": 0.2693865895271301, "lr": 2.038067426962893e-06}
{"epoch": 10, "step": 750, "loss": 0.35765841603279114, "lr": 2.024913513015798e-06}
{"epoch": 10, "step": 800, "loss": 0.07408317923545837, "lr": 2.011759599068703e-06}
{"epoch": 10, "step": 850, "loss": 0.30498209595680237, "lr": 1.998605685121608e-06}
{"epoch": 10, "step": 900, "loss": 0.19083747267723083, "lr": 1.985451771174513e-06}
{"epoch": 10, "step": 950, "loss": 0.13511373102664948, "lr": 1.972297857227418e-06}
{"epoch": 10, "step": 1000, "loss": 0.19707854092121124, "lr": 1.9591439432803233e-06}
{"epoch": 10, "step": 1050, "loss": 0.23732717335224152, "lr": 1.945990029333228e-06}
{"epoch": 10, "step": 1100, "loss": 0.19847188889980316, "lr": 1.9328361153861333e-06}
{"epoch": 10, "step": 1150, "loss": 0.12476636469364166, "lr": 1.9196822014390385e-06}
{"epoch": 10, "step": 1200, "loss": 0.11055614054203033, "lr": 1.9065282874919433e-06}
{"epoch": 10, "step": 1250, "loss": 0.19991056621074677, "lr": 1.8933743735448485e-06}
{"epoch": 10, "step": 1300, "loss": 0.06593886017799377, "lr": 1.8802204595977535e-06}
{"epoch": 10, "step": 1350, "loss": 0.2156197428703308, "lr": 1.8670665456506585e-06}
{"epoch": 10, "step": 1400, "loss": 0.10643720626831055, "lr": 1.8539126317035635e-06}
{"epoch": 10, "step": 1450, "loss": 0.08236872404813766, "lr": 1.8407587177564687e-06}
{"epoch": 10, "step": 1500, "loss": 0.23911216855049133, "lr": 1.8276048038093735e-06}
{"epoch": 10, "step": 1550, "loss": 0.17422673106193542, "lr": 1.8144508898622787e-06}
{"epoch": 10, "step": 1600, "loss": 0.13998691737651825, "lr": 1.801296975915184e-06}
{"epoch": 10, "step": 1650, "loss": 0.1819302886724472, "lr": 1.7881430619680887e-06}
{"epoch": 10, "step": 1700, "loss": 0.5657489895820618, "lr": 1.7749891480209939e-06}
{"epoch": 10, "step": 1750, "loss": 0.2570233643054962, "lr": 1.7618352340738989e-06}
{"epoch": 10, "step": 1800, "loss": 0.7845984101295471, "lr": 1.7486813201268039e-06}
{"epoch": 10, "step": 1850, "loss": 0.09488864988088608, "lr": 1.7355274061797089e-06}
{"epoch": 10, "step": 1900, "loss": 0.4706093668937683, "lr": 1.722373492232614e-06}
{"epoch": 10, "step": 1950, "loss": 0.5079344511032104, "lr": 1.7092195782855189e-06}
{"epoch": 10, "step": 2000, "loss": 0.3076722323894501, "lr": 1.696065664338424e-06}
{"epoch": 10, "step": 2050, "loss": 0.3908533751964569, "lr": 1.6829117503913293e-06}
{"epoch": 10, "step": 2100, "loss": 0.31567472219467163, "lr": 1.669757836444234e-06}
{"epoch": 10, "step": 2150, "loss": 0.13313180208206177, "lr": 1.6566039224971393e-06}
{"epoch": 10, "step": 2200, "loss": 0.39844292402267456, "lr": 1.6434500085500443e-06}
{"epoch": 10, "step": 2250, "loss": 0.33181366324424744, "lr": 1.6302960946029493e-06}
{"epoch": 10, "step": 2300, "loss": 0.4344196915626526, "lr": 1.6171421806558543e-06}
{"epoch": 10, "step": 2350, "loss": 0.06359691917896271, "lr": 1.6039882667087595e-06}
{"epoch": 10, "step": 2400, "loss": 0.2865535616874695, "lr": 1.5908343527616643e-06}
{"epoch": 10, "step": 2450, "loss": 0.4078986644744873, "lr": 1.5776804388145695e-06}
{"epoch": 10, "step": 2500, "loss": 0.21833105385303497, "lr": 1.5645265248674745e-06}
{"epoch": 10, "step": 2550, "loss": 0.09318787604570389, "lr": 1.5513726109203795e-06}
{"epoch": 10, "step": 2600, "loss": 0.21468272805213928, "lr": 1.5382186969732845e-06}
{"epoch": 10, "step": 2650, "loss": 0.20310820639133453, "lr": 1.5250647830261895e-06}
{"epoch": 10, "step": 2700, "loss": 0.6053941249847412, "lr": 1.5119108690790945e-06}
{"epoch": 10, "step": 2750, "loss": 0.14395226538181305, "lr": 1.4987569551319997e-06}
{"epoch": 10, "step": 2800, "loss": 0.12305870652198792, "lr": 1.4856030411849045e-06}
{"epoch": 10, "step": 2850, "loss": 0.24224013090133667, "lr": 1.4724491272378097e-06}
{"epoch": 10, "step": 2900, "loss": 0.22728420794010162, "lr": 1.4592952132907149e-06}
{"epoch": 10, "step": 2950, "loss": 0.3894661068916321, "lr": 1.4461412993436197e-06}
{"epoch": 10, "step": 3000, "loss": 0.15936718881130219, "lr": 1.4329873853965249e-06}
{"epoch": 10, "step": 3050, "loss": 0.1781117469072342, "lr": 1.4198334714494299e-06}
{"epoch": 10, "step": 3100, "loss": 0.16953830420970917, "lr": 1.4066795575023349e-06}
{"epoch": 10, "step": 3150, "loss": 0.2130676805973053, "lr": 1.3935256435552399e-06}
{"epoch": 10, "step": 3200, "loss": 0.15476341545581818, "lr": 1.380371729608145e-06}
{"epoch": 10, "step": 3250, "loss": 0.32309257984161377, "lr": 1.3672178156610499e-06}
{"epoch": 10, "step": 3300, "loss": 0.2556094229221344, "lr": 1.354063901713955e-06}
{"epoch": 10, "step": 3350, "loss": 0.13642114400863647, "lr": 1.3409099877668603e-06}
{"epoch": 10, "step": 3400, "loss": 0.3891524076461792, "lr": 1.327756073819765e-06}
{"epoch": 10, "step": 3450, "loss": 0.4069584906101227, "lr": 1.3146021598726703e-06}
{"epoch": 10, "step": 3500, "loss": 0.24260669946670532, "lr": 1.3014482459255753e-06}
{"epoch": 10, "step": 3550, "loss": 0.27051836252212524, "lr": 1.2882943319784803e-06}
{"epoch": 10, "step": 3600, "loss": 0.10392948240041733, "lr": 1.2751404180313853e-06}
{"epoch": 10, "step": 3650, "loss": 0.19252243638038635, "lr": 1.2619865040842905e-06}
{"epoch": 10, "step": 3700, "loss": 0.6004882454872131, "lr": 1.2488325901371955e-06}
{"epoch": 10, "step": 3750, "loss": 0.05006646737456322, "lr": 1.2356786761901005e-06}
{"epoch": 10, "step": 3800, "loss": 0.17884518206119537, "lr": 1.2225247622430055e-06}
{"epoch": 10, "step": 3850, "loss": 0.4114658534526825, "lr": 1.2093708482959107e-06}
{"epoch": 10, "step": 3900, "loss": 0.11807981878519058, "lr": 1.1962169343488157e-06}
{"epoch": 10, "step": 3950, "loss": 0.09463903307914734, "lr": 1.1830630204017207e-06}
{"epoch": 10, "step": 4000, "loss": 0.30125558376312256, "lr": 1.1699091064546257e-06}
{"epoch": 10, "step": 4050, "loss": 0.2601921558380127, "lr": 1.1567551925075307e-06}
{"epoch": 10, "step": 4100, "loss": 0.09678386896848679, "lr": 1.1436012785604357e-06}
{"epoch": 10, "step": 4150, "loss": 0.2811792194843292, "lr": 1.1304473646133409e-06}
{"epoch": 10, "step": 4200, "loss": 0.6305326819419861, "lr": 1.1172934506662459e-06}
{"epoch": 10, "step": 4250, "loss": 0.1759379655122757, "lr": 1.1041395367191509e-06}
{"epoch": 10, "step": 4300, "loss": 0.07637488842010498, "lr": 1.0909856227720559e-06}
{"epoch": 10, "step": 4350, "loss": 0.056316178292036057, "lr": 1.0778317088249609e-06}
{"epoch": 10, "step": 4400, "loss": 0.19674183428287506, "lr": 1.0646777948778659e-06}
{"epoch": 10, "step": 4450, "loss": 0.05524849146604538, "lr": 1.051523880930771e-06}
{"epoch": 10, "step": 4500, "loss": 0.17946767807006836, "lr": 1.038369966983676e-06}
{"epoch": 10, "step": 4550, "loss": 0.7872523665428162, "lr": 1.025216053036581e-06}
{"epoch": 10, "step": 4600, "loss": 0.5083429217338562, "lr": 1.0120621390894863e-06}
{"epoch": 10, "step": 4650, "loss": 0.3994204103946686, "lr": 9.989082251423913e-07}
{"epoch": 10, "step": 4700, "loss": 0.06960321217775345, "lr": 9.857543111952963e-07}
{"epoch": 10, "step": 4750, "loss": 0.05132618173956871, "lr": 9.726003972482013e-07}
{"epoch": 10, "step": 4800, "loss": 0.19679462909698486, "lr": 9.594464833011063e-07}
{"epoch": 10, "step": 4850, "loss": 0.14747625589370728, "lr": 9.462925693540114e-07}
{"epoch": 10, "step": 4900, "loss": 0.18355482816696167, "lr": 9.331386554069164e-07}
{"epoch": 10, "step": 4950, "loss": 0.3352152407169342, "lr": 9.199847414598215e-07}
{"epoch": 10, "step": 5000, "loss": 0.15519015491008759, "lr": 9.068308275127265e-07}
{"epoch": 10, "step": 5050, "loss": 0.1931324452161789, "lr": 8.936769135656315e-07}
{"epoch": 10, "step": 5100, "loss": 0.2388346642255783, "lr": 8.805229996185366e-07}
{"epoch": 10, "step": 5150, "loss": 0.10743391513824463, "lr": 8.673690856714416e-07}
{"epoch": 10, "step": 5200, "loss": 0.31420430541038513, "lr": 8.542151717243466e-07}
{"epoch": 10, "step": 5250, "loss": 0.6013326048851013, "lr": 8.410612577772518e-07}
{"epoch": 10, "step": 5300, "loss": 0.15508250892162323, "lr": 8.279073438301568e-07}
{"epoch": 10, "step": 5350, "loss": 0.11810440570116043, "lr": 8.147534298830618e-07}
{"epoch": 10, "step": 5400, "loss": 0.17816251516342163, "lr": 8.015995159359669e-07}
{"epoch": 10, "step": 5450, "loss": 0.2779676020145416, "lr": 7.884456019888719e-07}
{"epoch": 10, "step": 5500, "loss": 0.09138724952936172, "lr": 7.752916880417769e-07}
{"epoch": 10, "step": 5550, "loss": 0.11941170692443848, "lr": 7.62137774094682e-07}
{"epoch": 10, "step": 5600, "loss": 0.4175734519958496, "lr": 7.48983860147587e-07}
{"epoch": 10, "step": 5650, "loss": 0.3844732940196991, "lr": 7.35829946200492e-07}
{"epoch": 10, "step": 5700, "loss": 0.24743522703647614, "lr": 7.226760322533971e-07}
{"epoch": 10, "step": 5750, "loss": 0.4355904757976532, "lr": 7.095221183063021e-07}
{"epoch": 10, "step": 5800, "loss": 0.2695591151714325, "lr": 6.963682043592071e-07}
{"epoch": 10, "step": 5850, "loss": 0.619105339050293, "lr": 6.832142904121123e-07}
{"epoch": 10, "step": 5900, "loss": 0.18515890836715698, "lr": 6.700603764650173e-07}
{"epoch": 10, "step": 5950, "loss": 0.304747611284256, "lr": 6.569064625179223e-07}
{"epoch": 10, "step": 6000, "loss": 0.2525481581687927, "lr": 6.437525485708274e-07}
{"epoch": 10, "step": 6050, "loss": 0.3796667754650116, "lr": 6.305986346237324e-07}
{"epoch": 10, "step": 6100, "loss": 0.16586367785930634, "lr": 6.174447206766374e-07}
{"epoch": 10, "step": 6150, "loss": 0.32340964674949646, "lr": 6.042908067295425e-07}
{"epoch": 10, "step": 6200, "loss": 0.08516670018434525, "lr": 5.911368927824475e-07}
{"epoch": 10, "step": 6250, "loss": 0.08511815220117569, "lr": 5.779829788353525e-07}
{"epoch": 10, "step": 6300, "loss": 1.1695109605789185, "lr": 5.648290648882576e-07}
{"epoch": 10, "step": 6350, "loss": 0.40924620628356934, "lr": 5.516751509411626e-07}
{"epoch": 10, "step": 6400, "loss": 0.07600364834070206, "lr": 5.385212369940676e-07}
{"epoch": 10, "step": 6450, "loss": 0.16869735717773438, "lr": 5.253673230469727e-07}
{"epoch": 10, "step": 6500, "loss": 0.4809010624885559, "lr": 5.122134090998778e-07}
{"epoch": 10, "step": 6550, "loss": 0.28156402707099915, "lr": 4.990594951527828e-07}
{"epoch": 10, "step": 6600, "loss": 0.19672244787216187, "lr": 4.859055812056878e-07}
{"epoch": 10, "step": 6650, "loss": 0.043762415647506714, "lr": 4.7275166725859287e-07}
{"epoch": 10, "step": 6700, "loss": 0.5129219889640808, "lr": 4.5959775331149786e-07}
{"epoch": 10, "step": 6750, "loss": 0.3107360005378723, "lr": 4.464438393644029e-07}
{"epoch": 10, "step": 6800, "loss": 0.23626062273979187, "lr": 4.332899254173079e-07}
{"epoch": 10, "step": 6850, "loss": 0.1640254557132721, "lr": 4.20136011470213e-07}
{"epoch": 10, "step": 6900, "loss": 0.11934653669595718, "lr": 4.0698209752311806e-07}
{"epoch": 10, "step": 6950, "loss": 0.24896253645420074, "lr": 3.9382818357602306e-07}
{"epoch": 10, "step": 7000, "loss": 0.1934344470500946, "lr": 3.806742696289281e-07}
{"epoch": 10, "step": 7050, "loss": 0.1211739331483841, "lr": 3.6752035568183316e-07}
{"epoch": 10, "step": 7100, "loss": 0.3247656226158142, "lr": 3.5436644173473816e-07}
{"epoch": 10, "step": 7150, "loss": 0.6637803316116333, "lr": 3.4121252778764326e-07}
{"epoch": 10, "step": 7200, "loss": 0.4357307255268097, "lr": 3.280586138405483e-07}
{"epoch": 10, "step": 7250, "loss": 0.3952264189720154, "lr": 3.149046998934533e-07}
{"epoch": 10, "step": 7300, "loss": 0.17287777364253998, "lr": 3.0175078594635836e-07}
{"epoch": 10, "step": 7350, "loss": 0.3450343906879425, "lr": 2.885968719992634e-07}
{"epoch": 10, "step": 7400, "loss": 0.18155497312545776, "lr": 2.754429580521684e-07}
{"epoch": 10, "step": 7450, "loss": 0.1300714612007141, "lr": 2.622890441050735e-07}
{"epoch": 10, "step": 7500, "loss": 0.36010417342185974, "lr": 2.491351301579785e-07}
{"epoch": 10, "step": 7550, "loss": 0.20009809732437134, "lr": 2.3598121621088356e-07}
{"epoch": 10, "step": 7600, "loss": 0.49310004711151123, "lr": 2.2282730226378864e-07}
{"epoch": 10, "step": 7650, "loss": 0.28107500076293945, "lr": 2.0967338831669366e-07}
{"epoch": 10, "step": 7700, "loss": 0.4832979440689087, "lr": 1.9651947436959868e-07}
{"epoch": 10, "step": 7750, "loss": 0.12197375297546387, "lr": 1.833655604225037e-07}
{"epoch": 10, "step": 7800, "loss": 0.23422659933567047, "lr": 1.7021164647540878e-07}
{"epoch": 10, "step": 7850, "loss": 0.22739863395690918, "lr": 1.570577325283138e-07}
{"epoch": 10, "step": 7900, "loss": 0.22882452607154846, "lr": 1.4390381858121886e-07}
{"epoch": 10, "step": 7950, "loss": 0.4188419580459595, "lr": 1.3074990463412388e-07}
{"epoch": 10, "step": 8000, "loss": 0.34266796708106995, "lr": 1.1759599068702895e-07}
{"epoch": 10, "step": 8050, "loss": 0.13177639245986938, "lr": 1.0444207673993397e-07}
{"epoch": 10, "step": 8100, "loss": 0.25164949893951416, "lr": 9.128816279283902e-08}
{"epoch": 10, "step": 8150, "loss": 0.3187703490257263, "lr": 7.813424884574404e-08}
{"epoch": 10, "step": 8200, "loss": 0.20198149979114532, "lr": 6.49803348986491e-08}
{"epoch": 10, "step": 8250, "loss": 0.2703478932380676, "lr": 5.182642095155414e-08}
{"epoch": 10, "step": 8300, "loss": 0.20470449328422546, "lr": 3.867250700445918e-08}
{"epoch": 10, "step": 8350, "loss": 0.47132056951522827, "lr": 2.5518593057364222e-08}
{"epoch": 10, "step": 8400, "loss": 0.2027965635061264, "lr": 1.2364679110269261e-08}
{"epoch": 10, "weighted_f1": 0.5800212739169586, "checkpoint": "/home/rishank/Projects/major project/Test/results/checkpoints/dnabert2_splitb_seed1/epoch_10.pt"}
{"final_result": {"accuracy": 0.6258436944937833, "roc_auc": 0.6795601313262407, "weighted_precision": 0.6268317160160399, "weighted_recall": 0.6258436944937833, "weighted_f1": 0.6261902340958962, "benign_precision": 0.6565599319920657, "benign_recall": 0.6378000440431623, "benign_f1": 0.6470440392080203, "pathogenic_precision": 0.5922528664394174, "pathogenic_recall": 0.6119364754098361, "pathogenic_f1": 0.6019337973607131, "tn": 11585, "fp": 6579, "fn": 6060, "tp": 9556}}
